{"type": "FeatureCollection", "name": "trajectory_category", "crs_of_coordinates": "EPSG:4326", "source_crs": "EPSG:4326", "description": "Analytical vegetation-trajectory classes; analytical signal categories, NOT verified land cover", "n_polygons": 2745, "n_polygons_dropped_by_cap": 0, "max_features": 20000, "features": [{"type": "Feature", "geometry": {"type": "Polygon", "coordinates": [[[92.44983333333333, 26.6], [92.44983333333333, 26.59475], [92.455, 26.59475], [92.455, 26.6], [92.44983333333333, 26.6]]]}, "properties": {"class_value": 1, "class_name": "Stable"}}, {"type": "Feature", "geometry": {"type": "Polygon", "coordinates": [[[92.61516666666667, 26.6], [92.61516666666667, 26.59475], [92.62033333333333, 26.59475], [92.62033333333333, 26.6], [92.61516666666667, 26.6]]]}, "properties": {"class_value": 1, "class_name": "Stable"}}, {"type": "Feature", "geometry": {"type": "Polygon", "coordinates": [[[92.75983333333333, 26.6], [92.75983333333333, 26.59475], [92.765, 26.59475], [92.765, 26.6], [92.75983333333333, 26.6]]]}, "properties": {"class_value": 1, "class_name": "Stable"}}, {"type": "Feature", "geometry": {"type": "Polygon", "coordinates": [[[92.79599999999999, 26.6], [92.79599999999999, 26.59475], [92.80633333333333, 26.59475], [92.80633333333333, 26.6], [92.79599999999999, 26.6]]]}, "properties": {"class_value": 1, "class_name": "Stable"}}, {"type": "Feature", "geometry": {"type": "Polygon", "coordinates": [[[93.21966666666667, 26.6], [93.21966666666667, 26.59475], [93.22483333333334, 26.59475], [93.22483333333334, 26.6], [93.21966666666667, 26.6]]]}, "properties": {"class_value": 1, "class_name": "Stable"}}, {"type": "Feature", "geometry": {"type": "Polygon", "coordinates": [[[93.2765, 26.6], [93.2765, 26.59475], [93.28166666666667, 26.59475], [93.28166666666667, 26.6], [93.2765, 26.6]]]}, "properties": {"class_value": 1, "class_name": "Stable"}}, {"type": "Feature", "geometry": {"type": "Polygon", "coordinates": [[[93.50383333333333, 26.6], [93.50383333333333, 26.59475], [93.509, 26.59475], [93.509, 26.6], [93.50383333333333, 26.6]]]}, "properties": {"class_value": 1, "class_name": "Stable"}}, {"type": "Feature", "geometry": {"type": "Polygon", "coordinates": [[[93.633, 26.6], [93.633, 26.59475], [93.63816666666666, 26.59475], [93.63816666666666, 26.6], [93.633, 26.6]]]}, "properties": {"class_value": 1, "class_name": "Stable"}}, {"type": "Feature", "geometry": {"type": "Polygon", "coordinates": [[[93.664, 26.6], [93.664, 26.59475], [93.66916666666667, 26.59475], [93.66916666666667, 26.6], [93.664, 26.6]]]}, "properties": {"class_value": 1, "class_name": "Stable"}}, {"type": "Feature", "geometry": {"type": "Polygon", "coordinates": [[[93.695, 26.6], [93.695, 26.59475], [93.70016666666666, 26.59475], [93.70016666666666, 26.6], [93.695, 26.6]]]}, "properties": {"class_value": 1, "class_name": "Stable"}}, {"type": "Feature", "geometry": {"type": "Polygon", "coordinates": [[[93.726, 26.6], [93.726, 26.59475], [93.73633333333333, 26.59475], [93.73633333333333, 26.6], [93.726, 26.6]]]}, "properties": {"class_value": 1, "class_name": "Stable"}}, {"type": "Feature", "geometry": {"type": "Polygon", "coordinates": [[[93.79316666666666, 26.6], [93.79316666666666, 26.59475], [93.79833333333333, 26.59475], [93.79833333333333, 26.6], [93.79316666666666, 26.6]]]}, "properties": {"class_value": 1, "class_name": "Stable"}}, {"type": "Feature", "geometry": {"type": "Polygon", "coordinates": [[[92.672, 26.6], [92.672, 26.5895], [92.67716666666666, 26.5895], [92.67716666666666, 26.6], [92.672, 26.6]]]}, "properties": {"class_value": 1, "class_name": "Stable"}}, {"type": "Feature", "geometry": {"type": "Polygon", "coordinates": [[[92.98716666666667, 26.6], [92.98716666666667, 26.5895], [92.99233333333333, 26.5895], [92.99233333333333, 26.6], [92.98716666666667, 26.6]]]}, "properties": {"class_value": 1, "class_name": "Stable"}}, {"type": "Feature", "geometry": {"type": "Polygon", "coordinates": [[[92.36716666666666, 26.59475], [92.36716666666666, 26.5895], [92.37233333333333, 26.5895], [92.37233333333333, 26.59475], [92.36716666666666, 26.59475]]]}, "properties": {"class_value": 1, "class_name": "Stable"}}, {"type": "Feature", "geometry": {"type": "Polygon", "coordinates": [[[92.38266666666667, 26.59475], [92.38266666666667, 26.5895], [92.38783333333333, 26.5895], [92.38783333333333, 26.59475], [92.38266666666667, 26.59475]]]}, "properties": {"class_value": 1, "class_name": "Stable"}}, {"type": "Feature", "geometry": {"type": "Polygon", "coordinates": [[[92.4085, 26.59475], [92.4085, 26.5895], [92.41366666666666, 26.5895], [92.41366666666666, 26.59475], [92.4085, 26.59475]]]}, "properties": {"class_value": 1, "class_name": "Stable"}}, {"type": "Feature", "geometry": {"type": "Polygon", "coordinates": [[[92.41883333333332, 26.59475], [92.41883333333332, 26.5895], [92.42399999999999, 26.5895], [92.42399999999999, 26.59475], [92.41883333333332, 26.59475]]]}, "properties": {"class_value": 1, "class_name": "Stable"}}, {"type": "Feature", "geometry": {"type": "Polygon", "coordinates": [[[92.7495, 26.59475], [92.7495, 26.5895], [92.75466666666667, 26.5895], [92.75466666666667, 26.59475], [92.7495, 26.59475]]]}, "properties": {"class_value": 1, "class_name": "Stable"}}, {"type": "Feature", "geometry": {"type": "Polygon", "coordinates": [[[92.92, 26.59475], [92.92, 26.5895], [92.92516666666667, 26.5895], [92.92516666666667, 26.59475], [92.92, 26.59475]]]}, "properties": {"class_value": 1, "class_name": "Stable"}}, {"type": "Feature", "geometry": {"type": "Polygon", "coordinates": [[[92.97166666666666, 26.59475], [92.97166666666666, 26.5895], [92.97683333333333, 26.5895], [92.97683333333333, 26.59475], [92.97166666666666, 26.59475]]]}, "properties": {"class_value": 1, "class_name": "Stable"}}, {"type": "Feature", "geometry": {"type": "Polygon", "coordinates": [[[93.02333333333333, 26.59475], [93.02333333333333, 26.5895], [93.0285, 26.5895], [93.0285, 26.59475], [93.02333333333333, 26.59475]]]}, "properties": {"class_value": 1, "class_name": "Stable"}}, {"type": "Feature", "geometry": {"type": "Polygon", "coordinates": [[[93.1525, 26.59475], [93.1525, 26.5895], [93.15766666666666, 26.5895], [93.15766666666666, 26.59475], [93.1525, 26.59475]]]}, "properties": {"class_value": 1, "class_name": "Stable"}}, {"type": "Feature", "geometry": {"type": "Polygon", "coordinates": [[[93.2145, 26.59475], [93.2145, 26.5895], [93.21966666666667, 26.5895], [93.21966666666667, 26.59475], [93.2145, 26.59475]]]}, "properties": {"class_value": 1, "class_name": "Stable"}}, {"type": "Feature", "geometry": {"type": "Polygon", "coordinates": [[[93.32816666666666, 26.59475], [93.32816666666666, 26.5895], [93.33333333333333, 26.5895], [93.33333333333333, 26.59475], [93.32816666666666, 26.59475]]]}, "properties": {"class_value": 1, "class_name": "Stable"}}, {"type": "Feature", "geometry": {"type": "Polygon", "coordinates": [[[93.34366666666666, 26.59475], [93.34366666666666, 26.5895], [93.34883333333333, 26.5895], [93.34883333333333, 26.59475], [93.34366666666666, 26.59475]]]}, "properties": {"class_value": 1, "class_name": "Stable"}}, {"type": "Feature", "geometry": {"type": "Polygon", "coordinates": [[[93.54516666666666, 26.59475], [93.54516666666666, 26.5895], [93.55033333333333, 26.5895], [93.55033333333333, 26.59475], [93.54516666666666, 26.59475]]]}, "properties": {"class_value": 1, "class_name": "Stable"}}, {"type": "Feature", "geometry": {"type": "Polygon", "coordinates": [[[93.5555, 26.59475], [93.5555, 26.5895], [93.56066666666666, 26.5895], [93.56066666666666, 26.59475], [93.5555, 26.59475]]]}, "properties": {"class_value": 1, "class_name": "Stable"}}, {"type": "Feature", "geometry": {"type": "Polygon", "coordinates": [[[93.8035, 26.59475], [93.8035, 26.5895], [93.80866666666667, 26.5895], [93.80866666666667, 26.59475], [93.8035, 26.59475]]]}, "properties": {"class_value": 1, "class_name": "Stable"}}, {"type": "Feature", "geometry": {"type": "Polygon", "coordinates": [[[93.81383333333333, 26.59475], [93.81383333333333, 26.5895], [93.819, 26.5895], [93.819, 26.59475], [93.81383333333333, 26.59475]]]}, "properties": {"class_value": 1, "class_name": "Stable"}}, {"type": "Feature", "geometry": {"type": "Polygon", "coordinates": [[[92.46533333333333, 26.5895], [92.46533333333333, 26.58425], [92.4705, 26.58425], [92.4705, 26.5895], [92.46533333333333, 26.5895]]]}, "properties": {"class_value": 1, "class_name": "Stable"}}, {"type": "Feature", "geometry": {"type": "Polygon", "coordinates": [[[92.89416666666666, 26.5895], [92.89416666666666, 26.58425], [92.89933333333333, 26.58425], [92.89933333333333, 26.5895], [92.89416666666666, 26.5895]]]}, "properties": {"class_value": 1, "class_name": "Stable"}}, {"type": "Feature", "geometry": {"type": "Polygon", "coordinates": [[[92.95616666666666, 26.5895], [92.95616666666666, 26.58425], [92.9665, 26.58425], [92.9665, 26.5895], [92.95616666666666, 26.5895]]]}, "properties": {"class_value": 1, "class_name": "Stable"}}, {"type": "Feature", "geometry": {"type": "Polygon", "coordinates": [[[93.42633333333333, 26.5895], [93.42633333333333, 26.58425], [93.4315, 26.58425], [93.4315, 26.5895], [93.42633333333333, 26.5895]]]}, "properties": {"class_value": 1, "class_name": "Stable"}}, {"type": "Feature", "geometry": {"type": "Polygon", "coordinates": [[[93.48833333333333, 26.5895], [93.48833333333333, 26.58425], [93.4935, 26.58425], [93.4935, 26.5895], [93.48833333333333, 26.5895]]]}, "properties": {"class_value": 1, "class_name": "Stable"}}, {"type": "Feature", "geometry": {"type": "Polygon", "coordinates": [[[93.65366666666667, 26.5895], [93.65366666666667, 26.58425], [93.65883333333333, 26.58425], [93.65883333333333, 26.5895], [93.65366666666667, 26.5895]]]}, "properties": {"class_value": 1, "class_name": "Stable"}}, {"type": "Feature", "geometry": {"type": "Polygon", "coordinates": [[[93.66916666666667, 26.5895], [93.66916666666667, 26.58425], [93.67433333333334, 26.58425], [93.67433333333334, 26.5895], [93.66916666666667, 26.5895]]]}, "properties": {"class_value": 1, "class_name": "Stable"}}, {"type": "Feature", "geometry": {"type": "Polygon", "coordinates": [[[92.455, 26.58425], [92.455, 26.579], [92.46016666666667, 26.579], [92.46016666666667, 26.58425], [92.455, 26.58425]]]}, "properties": {"class_value": 1, "class_name": "Stable"}}, {"type": "Feature", "geometry": {"type": "Polygon", "coordinates": [[[92.64616666666666, 26.58425], [92.64616666666666, 26.579], [92.65133333333333, 26.579], [92.65133333333333, 26.58425], [92.64616666666666, 26.58425]]]}, "properties": {"class_value": 1, "class_name": "Stable"}}, {"type": "Feature", "geometry": {"type": "Polygon", "coordinates": [[[92.7495, 26.58425], [92.7495, 26.579], [92.75466666666667, 26.579], [92.75466666666667, 26.58425], [92.7495, 26.58425]]]}, "properties": {"class_value": 1, "class_name": "Stable"}}, {"type": "Feature", "geometry": {"type": "Polygon", "coordinates": [[[93.00266666666667, 26.58425], [93.00266666666667, 26.579], [93.00783333333334, 26.579], [93.00783333333334, 26.58425], [93.00266666666667, 26.58425]]]}, "properties": {"class_value": 1, "class_name": "Stable"}}, {"type": "Feature", "geometry": {"type": "Polygon", "coordinates": [[[93.1215, 26.58425], [93.1215, 26.579], [93.12666666666667, 26.579], [93.12666666666667, 26.58425], [93.1215, 26.58425]]]}, "properties": {"class_value": 1, "class_name": "Stable"}}, {"type": "Feature", "geometry": {"type": "Polygon", "coordinates": [[[93.13183333333333, 26.58425], [93.13183333333333, 26.579], [93.137, 26.579], [93.137, 26.58425], [93.13183333333333, 26.58425]]]}, "properties": {"class_value": 1, "class_name": "Stable"}}, {"type": "Feature", "geometry": {"type": "Polygon", "coordinates": [[[93.17833333333333, 26.58425], [93.17833333333333, 26.579], [93.1835, 26.579], [93.1835, 26.58425], [93.17833333333333, 26.58425]]]}, "properties": {"class_value": 1, "class_name": "Stable"}}, {"type": "Feature", "geometry": {"type": "Polygon", "coordinates": [[[93.39016666666666, 26.58425], [93.39016666666666, 26.579], [93.39533333333333, 26.579], [93.39533333333333, 26.58425], [93.39016666666666, 26.58425]]]}, "properties": {"class_value": 1, "class_name": "Stable"}}, {"type": "Feature", "geometry": {"type": "Polygon", "coordinates": [[[93.56066666666666, 26.58425], [93.56066666666666, 26.579], [93.56583333333333, 26.579], [93.56583333333333, 26.58425], [93.56066666666666, 26.58425]]]}, "properties": {"class_value": 5, "class_name": "Uncertain / Other"}}, {"type": "Feature", "geometry": {"type": "Polygon", "coordinates": [[[93.67433333333334, 26.58425], [93.67433333333334, 26.579], [93.67949999999999, 26.579], [93.67949999999999, 26.58425], [93.67433333333334, 26.58425]]]}, "properties": {"class_value": 1, "class_name": "Stable"}}, {"type": "Feature", "geometry": {"type": "Polygon", "coordinates": [[[92.31033333333333, 26.579], [92.31033333333333, 26.57375], [92.3155, 26.57375], [92.3155, 26.579], [92.31033333333333, 26.579]]]}, "properties": {"class_value": 1, "class_name": "Stable"}}, {"type": "Feature", "geometry": {"type": "Polygon", "coordinates": [[[92.34133333333332, 26.579], [92.34133333333332, 26.57375], [92.34649999999999, 26.57375], [92.34649999999999, 26.579], [92.34133333333332, 26.579]]]}, "properties": {"class_value": 1, "class_name": "Stable"}}, {"type": "Feature", "geometry": {"type": "Polygon", "coordinates": [[[92.5945, 26.579], [92.5945, 26.57375], [92.59966666666666, 26.57375], [92.59966666666666, 26.579], [92.5945, 26.579]]]}, "properties": {"class_value": 1, "class_name": "Stable"}}, {"type": "Feature", "geometry": {"type": "Polygon", "coordinates": [[[92.765, 26.579], [92.765, 26.57375], [92.77016666666667, 26.57375], [92.77016666666667, 26.579], [92.765, 26.579]]]}, "properties": {"class_value": 5, "class_name": "Uncertain / Other"}}, {"type": "Feature", "geometry": {"type": "Polygon", "coordinates": [[[92.90966666666667, 26.579], [92.90966666666667, 26.57375], [92.91483333333333, 26.57375], [92.91483333333333, 26.579], [92.90966666666667, 26.579]]]}, "properties": {"class_value": 1, "class_name": "Stable"}}, {"type": "Feature", "geometry": {"type": "Polygon", "coordinates": [[[93.044, 26.579], [93.044, 26.57375], [93.04916666666666, 26.57375], [93.04916666666666, 26.579], [93.044, 26.579]]]}, "properties": {"class_value": 5, "class_name": "Uncertain / Other"}}, {"type": "Feature", "geometry": {"type": "Polygon", "coordinates": [[[93.06466666666667, 26.579], [93.06466666666667, 26.57375], [93.06983333333334, 26.57375], [93.06983333333334, 26.579], [93.06466666666667, 26.579]]]}, "properties": {"class_value": 1, "class_name": "Stable"}}, {"type": "Feature", "geometry": {"type": "Polygon", "coordinates": [[[93.11633333333333, 26.579], [93.11633333333333, 26.57375], [93.1215, 26.57375], [93.1215, 26.579], [93.11633333333333, 26.579]]]}, "properties": {"class_value": 1, "class_name": "Stable"}}, {"type": "Feature", "geometry": {"type": "Polygon", "coordinates": [[[93.137, 26.579], [93.137, 26.57375], [93.14216666666667, 26.57375], [93.14216666666667, 26.579], [93.137, 26.579]]]}, "properties": {"class_value": 1, "class_name": "Stable"}}, {"type": "Feature", "geometry": {"type": "Polygon", "coordinates": [[[93.18866666666666, 26.579], [93.18866666666666, 26.57375], [93.199, 26.57375], [93.199, 26.579], [93.18866666666666, 26.579]]]}, "properties": {"class_value": 1, "class_name": "Stable"}}, {"type": "Feature", "geometry": {"type": "Polygon", "coordinates": [[[93.21966666666667, 26.579], [93.21966666666667, 26.57375], [93.22483333333334, 26.57375], [93.22483333333334, 26.579], [93.21966666666667, 26.579]]]}, "properties": {"class_value": 1, "class_name": "Stable"}}, {"type": "Feature", "geometry": {"type": "Polygon", "coordinates": [[[93.42633333333333, 26.579], [93.42633333333333, 26.57375], [93.4315, 26.57375], [93.4315, 26.579], [93.42633333333333, 26.579]]]}, "properties": {"class_value": 5, "class_name": "Uncertain / Other"}}, {"type": "Feature", "geometry": {"type": "Polygon", "coordinates": [[[93.64333333333333, 26.579], [93.64333333333333, 26.57375], [93.6485, 26.57375], [93.6485, 26.579], [93.64333333333333, 26.579]]]}, "properties": {"class_value": 1, "class_name": "Stable"}}, {"type": "Feature", "geometry": {"type": "Polygon", "coordinates": [[[93.66916666666667, 26.579], [93.66916666666667, 26.57375], [93.67433333333334, 26.57375], [93.67433333333334, 26.579], [93.66916666666667, 26.579]]]}, "properties": {"class_value": 1, "class_name": "Stable"}}, {"type": "Feature", "geometry": {"type": "Polygon", "coordinates": [[[93.74666666666667, 26.579], [93.74666666666667, 26.57375], [93.75183333333334, 26.57375], [93.75183333333334, 26.579], [93.74666666666667, 26.579]]]}, "properties": {"class_value": 1, "class_name": "Stable"}}, {"type": "Feature", "geometry": {"type": "Polygon", "coordinates": [[[93.82416666666667, 26.579], [93.82416666666667, 26.5685], [93.82933333333332, 26.5685], [93.82933333333332, 26.579], [93.82416666666667, 26.579]]]}, "properties": {"class_value": 1, "class_name": "Stable"}}, {"type": "Feature", "geometry": {"type": "Polygon", "coordinates": [[[92.39816666666667, 26.57375], [92.39816666666667, 26.5685], [92.40333333333334, 26.5685], [92.40333333333334, 26.57375], [92.39816666666667, 26.57375]]]}, "properties": {"class_value": 1, "class_name": "Stable"}}, {"type": "Feature", "geometry": {"type": "Polygon", "coordinates": [[[92.41366666666666, 26.57375], [92.41366666666666, 26.5685], [92.41883333333332, 26.5685], [92.41883333333332, 26.57375], [92.41366666666666, 26.57375]]]}, "properties": {"class_value": 1, "class_name": "Stable"}}, {"type": "Feature", "geometry": {"type": "Polygon", "coordinates": [[[92.42916666666666, 26.57375], [92.42916666666666, 26.5685], [92.43433333333333, 26.5685], [92.43433333333333, 26.57375], [92.42916666666666, 26.57375]]]}, "properties": {"class_value": 1, "class_name": "Stable"}}, {"type": "Feature", "geometry": {"type": "Polygon", "coordinates": [[[92.455, 26.57375], [92.455, 26.5685], [92.46016666666667, 26.5685], [92.46016666666667, 26.57375], [92.455, 26.57375]]]}, "properties": {"class_value": 5, "class_name": "Uncertain / Other"}}, {"type": "Feature", "geometry": {"type": "Polygon", "coordinates": [[[92.56866666666666, 26.57375], [92.56866666666666, 26.5685], [92.57383333333333, 26.5685], [92.57383333333333, 26.57375], [92.56866666666666, 26.57375]]]}, "properties": {"class_value": 1, "class_name": "Stable"}}, {"type": "Feature", "geometry": {"type": "Polygon", "coordinates": [[[93.39016666666666, 26.57375], [93.39016666666666, 26.5685], [93.39533333333333, 26.5685], [93.39533333333333, 26.57375], [93.39016666666666, 26.57375]]]}, "properties": {"class_value": 1, "class_name": "Stable"}}, {"type": "Feature", "geometry": {"type": "Polygon", "coordinates": [[[93.41083333333333, 26.57375], [93.41083333333333, 26.5685], [93.416, 26.5685], [93.416, 26.57375], [93.41083333333333, 26.57375]]]}, "properties": {"class_value": 1, "class_name": "Stable"}}, {"type": "Feature", "geometry": {"type": "Polygon", "coordinates": [[[93.5245, 26.57375], [93.5245, 26.5685], [93.52966666666666, 26.5685], [93.52966666666666, 26.57375], [93.5245, 26.57375]]]}, "properties": {"class_value": 1, "class_name": "Stable"}}, {"type": "Feature", "geometry": {"type": "Polygon", "coordinates": [[[93.55033333333333, 26.57375], [93.55033333333333, 26.5685], [93.5555, 26.5685], [93.5555, 26.57375], [93.55033333333333, 26.57375]]]}, "properties": {"class_value": 1, "class_name": "Stable"}}, {"type": "Feature", "geometry": {"type": "Polygon", "coordinates": [[[93.56066666666666, 26.57375], [93.56066666666666, 26.5685], [93.56583333333333, 26.5685], [93.56583333333333, 26.57375], [93.56066666666666, 26.57375]]]}, "properties": {"class_value": 1, "class_name": "Stable"}}, {"type": "Feature", "geometry": {"type": "Polygon", "coordinates": [[[93.60716666666666, 26.57375], [93.60716666666666, 26.5685], [93.61233333333332, 26.5685], [93.61233333333332, 26.57375], [93.60716666666666, 26.57375]]]}, "properties": {"class_value": 1, "class_name": "Stable"}}, {"type": "Feature", "geometry": {"type": "Polygon", "coordinates": [[[93.76216666666666, 26.57375], [93.76216666666666, 26.5685], [93.76733333333333, 26.5685], [93.76733333333333, 26.57375], [93.76216666666666, 26.57375]]]}, "properties": {"class_value": 1, "class_name": "Stable"}}, {"type": "Feature", "geometry": {"type": "Polygon", "coordinates": [[[92.47566666666667, 26.5685], [92.47566666666667, 26.56325], [92.48083333333334, 26.56325], [92.48083333333334, 26.5685], [92.47566666666667, 26.5685]]]}, "properties": {"class_value": 1, "class_name": "Stable"}}, {"type": "Feature", "geometry": {"type": "Polygon", "coordinates": [[[92.52733333333333, 26.5685], [92.52733333333333, 26.56325], [92.5325, 26.56325], [92.5325, 26.5685], [92.52733333333333, 26.5685]]]}, "properties": {"class_value": 1, "class_name": "Stable"}}, {"type": "Feature", "geometry": {"type": "Polygon", "coordinates": [[[92.59966666666666, 26.5685], [92.59966666666666, 26.56325], [92.60483333333333, 26.56325], [92.60483333333333, 26.5685], [92.59966666666666, 26.5685]]]}, "properties": {"class_value": 1, "class_name": "Stable"}}, {"type": "Feature", "geometry": {"type": "Polygon", "coordinates": [[[92.827, 26.5685], [92.827, 26.56325], [92.83216666666667, 26.56325], [92.83216666666667, 26.5685], [92.827, 26.5685]]]}, "properties": {"class_value": 1, "class_name": "Stable"}}, {"type": "Feature", "geometry": {"type": "Polygon", "coordinates": [[[92.9045, 26.5685], [92.9045, 26.56325], [92.90966666666667, 26.56325], [92.90966666666667, 26.5685], [92.9045, 26.5685]]]}, "properties": {"class_value": 1, "class_name": "Stable"}}, {"type": "Feature", "geometry": {"type": "Polygon", "coordinates": [[[93.37983333333334, 26.5685], [93.37983333333334, 26.56325], [93.38499999999999, 26.56325], [93.38499999999999, 26.5685], [93.37983333333334, 26.5685]]]}, "properties": {"class_value": 1, "class_name": "Stable"}}, {"type": "Feature", "geometry": {"type": "Polygon", "coordinates": [[[93.59683333333334, 26.5685], [93.59683333333334, 26.56325], [93.602, 26.56325], [93.602, 26.5685], [93.59683333333334, 26.5685]]]}, "properties": {"class_value": 1, "class_name": "Stable"}}, {"type": "Feature", "geometry": {"type": "Polygon", "coordinates": [[[93.61233333333332, 26.5685], [93.61233333333332, 26.56325], [93.61749999999999, 26.56325], [93.61749999999999, 26.5685], [93.61233333333332, 26.5685]]]}, "properties": {"class_value": 1, "class_name": "Stable"}}, {"type": "Feature", "geometry": {"type": "Polygon", "coordinates": [[[93.726, 26.5685], [93.726, 26.56325], [93.73116666666667, 26.56325], [93.73116666666667, 26.5685], [93.726, 26.5685]]]}, "properties": {"class_value": 1, "class_name": "Stable"}}, {"type": "Feature", "geometry": {"type": "Polygon", "coordinates": [[[93.7725, 26.5685], [93.7725, 26.56325], [93.77766666666666, 26.56325], [93.77766666666666, 26.5685], [93.7725, 26.5685]]]}, "properties": {"class_value": 1, "class_name": "Stable"}}, {"type": "Feature", "geometry": {"type": "Polygon", "coordinates": [[[93.83966666666666, 26.5685], [93.83966666666666, 26.56325], [93.84483333333333, 26.56325], [93.84483333333333, 26.5685], [93.83966666666666, 26.5685]]]}, "properties": {"class_value": 1, "class_name": "Stable"}}, {"type": "Feature", "geometry": {"type": "Polygon", "coordinates": [[[92.41883333333332, 26.56325], [92.41883333333332, 26.558], [92.42399999999999, 26.558], [92.42399999999999, 26.56325], [92.41883333333332, 26.56325]]]}, "properties": {"class_value": 1, "class_name": "Stable"}}, {"type": "Feature", "geometry": {"type": "Polygon", "coordinates": [[[92.5015, 26.56325], [92.5015, 26.558], [92.50666666666666, 26.558], [92.50666666666666, 26.56325], [92.5015, 26.56325]]]}, "properties": {"class_value": 1, "class_name": "Stable"}}, {"type": "Feature", "geometry": {"type": "Polygon", "coordinates": [[[92.66683333333333, 26.56325], [92.66683333333333, 26.558], [92.672, 26.558], [92.672, 26.56325], [92.66683333333333, 26.56325]]]}, "properties": {"class_value": 5, "class_name": "Uncertain / Other"}}, {"type": "Feature", "geometry": {"type": "Polygon", "coordinates": [[[92.87349999999999, 26.56325], [92.87349999999999, 26.558], [92.87866666666666, 26.558], [92.87866666666666, 26.56325], [92.87349999999999, 26.56325]]]}, "properties": {"class_value": 1, "class_name": "Stable"}}, {"type": "Feature", "geometry": {"type": "Polygon", "coordinates": [[[92.97683333333333, 26.56325], [92.97683333333333, 26.558], [92.982, 26.558], [92.982, 26.56325], [92.97683333333333, 26.56325]]]}, "properties": {"class_value": 2, "class_name": "Degrading"}}, {"type": "Feature", "geometry": {"type": "Polygon", "coordinates": [[[93.14216666666667, 26.56325], [93.14216666666667, 26.558], [93.14733333333334, 26.558], [93.14733333333334, 26.56325], [93.14216666666667, 26.56325]]]}, "properties": {"class_value": 1, "class_name": "Stable"}}, {"type": "Feature", "geometry": {"type": "Polygon", "coordinates": [[[93.31266666666666, 26.56325], [93.31266666666666, 26.558], [93.31783333333333, 26.558], [93.31783333333333, 26.56325], [93.31266666666666, 26.56325]]]}, "properties": {"class_value": 1, "class_name": "Stable"}}, {"type": "Feature", "geometry": {"type": "Polygon", "coordinates": [[[93.39533333333333, 26.56325], [93.39533333333333, 26.558], [93.4005, 26.558], [93.4005, 26.56325], [93.39533333333333, 26.56325]]]}, "properties": {"class_value": 1, "class_name": "Stable"}}, {"type": "Feature", "geometry": {"type": "Polygon", "coordinates": [[[93.44183333333334, 26.56325], [93.44183333333334, 26.558], [93.447, 26.558], [93.447, 26.56325], [93.44183333333334, 26.56325]]]}, "properties": {"class_value": 1, "class_name": "Stable"}}, {"type": "Feature", "geometry": {"type": "Polygon", "coordinates": [[[93.50383333333333, 26.56325], [93.50383333333333, 26.558], [93.509, 26.558], [93.509, 26.56325], [93.50383333333333, 26.56325]]]}, "properties": {"class_value": 1, "class_name": "Stable"}}, {"type": "Feature", "geometry": {"type": "Polygon", "coordinates": [[[93.71566666666666, 26.56325], [93.71566666666666, 26.558], [93.72083333333333, 26.558], [93.72083333333333, 26.56325], [93.71566666666666, 26.56325]]]}, "properties": {"class_value": 1, "class_name": "Stable"}}, {"type": "Feature", "geometry": {"type": "Polygon", "coordinates": [[[92.44466666666666, 26.5685], [92.44466666666666, 26.552750000000003], [92.44983333333333, 26.552750000000003], [92.44983333333333, 26.5685], [92.44466666666666, 26.5685]]]}, "properties": {"class_value": 1, "class_name": "Stable"}}, {"type": "Feature", "geometry": {"type": "Polygon", "coordinates": [[[92.982, 26.56325], [92.982, 26.552750000000003], [92.98716666666667, 26.552750000000003], [92.98716666666667, 26.56325], [92.982, 26.56325]]]}, "properties": {"class_value": 1, "class_name": "Stable"}}, {"type": "Feature", "geometry": {"type": "Polygon", "coordinates": [[[92.32583333333334, 26.558], [92.32583333333334, 26.552750000000003], [92.33616666666667, 26.552750000000003], [92.33616666666667, 26.558], [92.32583333333334, 26.558]]]}, "properties": {"class_value": 1, "class_name": "Stable"}}, {"type": "Feature", "geometry": {"type": "Polygon", "coordinates": [[[92.5945, 26.558], [92.5945, 26.552750000000003], [92.59966666666666, 26.552750000000003], [92.59966666666666, 26.558], [92.5945, 26.558]]]}, "properties": {"class_value": 1, "class_name": "Stable"}}, {"type": "Feature", "geometry": {"type": "Polygon", "coordinates": [[[92.74433333333333, 26.558], [92.74433333333333, 26.552750000000003], [92.7495, 26.552750000000003], [92.7495, 26.558], [92.74433333333333, 26.558]]]}, "properties": {"class_value": 1, "class_name": "Stable"}}, {"type": "Feature", "geometry": {"type": "Polygon", "coordinates": [[[92.827, 26.558], [92.827, 26.552750000000003], [92.83216666666667, 26.552750000000003], [92.83216666666667, 26.558], [92.827, 26.558]]]}, "properties": {"class_value": 1, "class_name": "Stable"}}, {"type": "Feature", "geometry": {"type": "Polygon", "coordinates": [[[92.86316666666666, 26.558], [92.86316666666666, 26.552750000000003], [92.86833333333333, 26.552750000000003], [92.86833333333333, 26.558], [92.86316666666666, 26.558]]]}, "properties": {"class_value": 1, "class_name": "Stable"}}, {"type": "Feature", "geometry": {"type": "Polygon", "coordinates": [[[93.01816666666666, 26.558], [93.01816666666666, 26.552750000000003], [93.02333333333333, 26.552750000000003], [93.02333333333333, 26.558], [93.01816666666666, 26.558]]]}, "properties": {"class_value": 1, "class_name": "Stable"}}, {"type": "Feature", "geometry": {"type": "Polygon", "coordinates": [[[93.11116666666666, 26.558], [93.11116666666666, 26.552750000000003], [93.11633333333333, 26.552750000000003], [93.11633333333333, 26.558], [93.11116666666666, 26.558]]]}, "properties": {"class_value": 5, "class_name": "Uncertain / Other"}}, {"type": "Feature", "geometry": {"type": "Polygon", "coordinates": [[[93.23516666666666, 26.558], [93.23516666666666, 26.552750000000003], [93.24033333333333, 26.552750000000003], [93.24033333333333, 26.558], [93.23516666666666, 26.558]]]}, "properties": {"class_value": 1, "class_name": "Stable"}}, {"type": "Feature", "geometry": {"type": "Polygon", "coordinates": [[[93.25066666666666, 26.558], [93.25066666666666, 26.552750000000003], [93.25583333333333, 26.552750000000003], [93.25583333333333, 26.558], [93.25066666666666, 26.558]]]}, "properties": {"class_value": 1, "class_name": "Stable"}}, {"type": "Feature", "geometry": {"type": "Polygon", "coordinates": [[[93.40566666666666, 26.558], [93.40566666666666, 26.552750000000003], [93.41083333333333, 26.552750000000003], [93.41083333333333, 26.558], [93.40566666666666, 26.558]]]}, "properties": {"class_value": 1, "class_name": "Stable"}}, {"type": "Feature", "geometry": {"type": "Polygon", "coordinates": [[[93.46249999999999, 26.558], [93.46249999999999, 26.552750000000003], [93.46766666666666, 26.552750000000003], [93.46766666666666, 26.558], [93.46249999999999, 26.558]]]}, "properties": {"class_value": 1, "class_name": "Stable"}}, {"type": "Feature", "geometry": {"type": "Polygon", "coordinates": [[[93.478, 26.558], [93.478, 26.552750000000003], [93.48833333333333, 26.552750000000003], [93.48833333333333, 26.558], [93.478, 26.558]]]}, "properties": {"class_value": 1, "class_name": "Stable"}}, {"type": "Feature", "geometry": {"type": "Polygon", "coordinates": [[[93.68983333333333, 26.558], [93.68983333333333, 26.552750000000003], [93.695, 26.552750000000003], [93.695, 26.558], [93.68983333333333, 26.558]]]}, "properties": {"class_value": 1, "class_name": "Stable"}}, {"type": "Feature", "geometry": {"type": "Polygon", "coordinates": [[[93.73633333333333, 26.558], [93.73633333333333, 26.552750000000003], [93.7415, 26.552750000000003], [93.7415, 26.558], [93.73633333333333, 26.558]]]}, "properties": {"class_value": 1, "class_name": "Stable"}}, {"type": "Feature", "geometry": {"type": "Polygon", "coordinates": [[[92.8425, 26.558], [92.8425, 26.547500000000003], [92.84766666666667, 26.547500000000003], [92.84766666666667, 26.558], [92.8425, 26.558]]]}, "properties": {"class_value": 1, "class_name": "Stable"}}, {"type": "Feature", "geometry": {"type": "Polygon", "coordinates": [[[92.41366666666666, 26.552750000000003], [92.41366666666666, 26.547500000000003], [92.41883333333332, 26.547500000000003], [92.41883333333332, 26.552750000000003], [92.41366666666666, 26.552750000000003]]]}, "properties": {"class_value": 1, "class_name": "Stable"}}, {"type": "Feature", "geometry": {"type": "Polygon", "coordinates": [[[92.66166666666666, 26.552750000000003], [92.66166666666666, 26.547500000000003], [92.66683333333333, 26.547500000000003], [92.66683333333333, 26.552750000000003], [92.66166666666666, 26.552750000000003]]]}, "properties": {"class_value": 1, "class_name": "Stable"}}, {"type": "Feature", "geometry": {"type": "Polygon", "coordinates": [[[92.71849999999999, 26.552750000000003], [92.71849999999999, 26.547500000000003], [92.72366666666666, 26.547500000000003], [92.72366666666666, 26.552750000000003], [92.71849999999999, 26.552750000000003]]]}, "properties": {"class_value": 1, "class_name": "Stable"}}, {"type": "Feature", "geometry": {"type": "Polygon", "coordinates": [[[93.02333333333333, 26.552750000000003], [93.02333333333333, 26.547500000000003], [93.0285, 26.547500000000003], [93.0285, 26.552750000000003], [93.02333333333333, 26.552750000000003]]]}, "properties": {"class_value": 1, "class_name": "Stable"}}, {"type": "Feature", "geometry": {"type": "Polygon", "coordinates": [[[93.06466666666667, 26.552750000000003], [93.06466666666667, 26.547500000000003], [93.06983333333334, 26.547500000000003], [93.06983333333334, 26.552750000000003], [93.06466666666667, 26.552750000000003]]]}, "properties": {"class_value": 1, "class_name": "Stable"}}, {"type": "Feature", "geometry": {"type": "Polygon", "coordinates": [[[93.12666666666667, 26.552750000000003], [93.12666666666667, 26.547500000000003], [93.13183333333333, 26.547500000000003], [93.13183333333333, 26.552750000000003], [93.12666666666667, 26.552750000000003]]]}, "properties": {"class_value": 1, "class_name": "Stable"}}, {"type": "Feature", "geometry": {"type": "Polygon", "coordinates": [[[93.199, 26.552750000000003], [93.199, 26.547500000000003], [93.20416666666667, 26.547500000000003], [93.20416666666667, 26.552750000000003], [93.199, 26.552750000000003]]]}, "properties": {"class_value": 1, "class_name": "Stable"}}, {"type": "Feature", "geometry": {"type": "Polygon", "coordinates": [[[93.323, 26.552750000000003], [93.323, 26.547500000000003], [93.32816666666666, 26.547500000000003], [93.32816666666666, 26.552750000000003], [93.323, 26.552750000000003]]]}, "properties": {"class_value": 1, "class_name": "Stable"}}, {"type": "Feature", "geometry": {"type": "Polygon", "coordinates": [[[93.3695, 26.552750000000003], [93.3695, 26.547500000000003], [93.37466666666667, 26.547500000000003], [93.37466666666667, 26.552750000000003], [93.3695, 26.552750000000003]]]}, "properties": {"class_value": 1, "class_name": "Stable"}}, {"type": "Feature", "geometry": {"type": "Polygon", "coordinates": [[[93.45733333333332, 26.552750000000003], [93.45733333333332, 26.547500000000003], [93.46249999999999, 26.547500000000003], [93.46249999999999, 26.552750000000003], [93.45733333333332, 26.552750000000003]]]}, "properties": {"class_value": 1, "class_name": "Stable"}}, {"type": "Feature", "geometry": {"type": "Polygon", "coordinates": [[[93.47283333333333, 26.552750000000003], [93.47283333333333, 26.547500000000003], [93.478, 26.547500000000003], [93.478, 26.552750000000003], [93.47283333333333, 26.552750000000003]]]}, "properties": {"class_value": 1, "class_name": "Stable"}}, {"type": "Feature", "geometry": {"type": "Polygon", "coordinates": [[[93.58133333333333, 26.552750000000003], [93.58133333333333, 26.547500000000003], [93.5865, 26.547500000000003], [93.5865, 26.552750000000003], [93.58133333333333, 26.552750000000003]]]}, "properties": {"class_value": 1, "class_name": "Stable"}}, {"type": "Feature", "geometry": {"type": "Polygon", "coordinates": [[[93.68466666666666, 26.552750000000003], [93.68466666666666, 26.547500000000003], [93.68983333333333, 26.547500000000003], [93.68983333333333, 26.552750000000003], [93.68466666666666, 26.552750000000003]]]}, "properties": {"class_value": 1, "class_name": "Stable"}}, {"type": "Feature", "geometry": {"type": "Polygon", "coordinates": [[[93.7105, 26.552750000000003], [93.7105, 26.547500000000003], [93.71566666666666, 26.547500000000003], [93.71566666666666, 26.552750000000003], [93.7105, 26.552750000000003]]]}, "properties": {"class_value": 1, "class_name": "Stable"}}, {"type": "Feature", "geometry": {"type": "Polygon", "coordinates": [[[93.76216666666666, 26.552750000000003], [93.76216666666666, 26.547500000000003], [93.76733333333333, 26.547500000000003], [93.76733333333333, 26.552750000000003], [93.76216666666666, 26.552750000000003]]]}, "properties": {"class_value": 1, "class_name": "Stable"}}, {"type": "Feature", "geometry": {"type": "Polygon", "coordinates": [[[92.3, 26.547500000000003], [92.3, 26.542250000000003], [92.30516666666666, 26.542250000000003], [92.30516666666666, 26.547500000000003], [92.3, 26.547500000000003]]]}, "properties": {"class_value": 1, "class_name": "Stable"}}, {"type": "Feature", "geometry": {"type": "Polygon", "coordinates": [[[92.38266666666667, 26.547500000000003], [92.38266666666667, 26.542250000000003], [92.38783333333333, 26.542250000000003], [92.38783333333333, 26.547500000000003], [92.38266666666667, 26.547500000000003]]]}, "properties": {"class_value": 1, "class_name": "Stable"}}, {"type": "Feature", "geometry": {"type": "Polygon", "coordinates": [[[92.44466666666666, 26.547500000000003], [92.44466666666666, 26.542250000000003], [92.44983333333333, 26.542250000000003], [92.44983333333333, 26.547500000000003], [92.44466666666666, 26.547500000000003]]]}, "properties": {"class_value": 1, "class_name": "Stable"}}, {"type": "Feature", "geometry": {"type": "Polygon", "coordinates": [[[92.53766666666667, 26.547500000000003], [92.53766666666667, 26.542250000000003], [92.54283333333333, 26.542250000000003], [92.54283333333333, 26.547500000000003], [92.53766666666667, 26.547500000000003]]]}, "properties": {"class_value": 1, "class_name": "Stable"}}, {"type": "Feature", "geometry": {"type": "Polygon", "coordinates": [[[92.58416666666666, 26.547500000000003], [92.58416666666666, 26.542250000000003], [92.58933333333333, 26.542250000000003], [92.58933333333333, 26.547500000000003], [92.58416666666666, 26.547500000000003]]]}, "properties": {"class_value": 5, "class_name": "Uncertain / Other"}}, {"type": "Feature", "geometry": {"type": "Polygon", "coordinates": [[[92.7495, 26.547500000000003], [92.7495, 26.542250000000003], [92.75466666666667, 26.542250000000003], [92.75466666666667, 26.547500000000003], [92.7495, 26.547500000000003]]]}, "properties": {"class_value": 1, "class_name": "Stable"}}, {"type": "Feature", "geometry": {"type": "Polygon", "coordinates": [[[92.99233333333333, 26.547500000000003], [92.99233333333333, 26.542250000000003], [92.9975, 26.542250000000003], [92.9975, 26.547500000000003], [92.99233333333333, 26.547500000000003]]]}, "properties": {"class_value": 1, "class_name": "Stable"}}, {"type": "Feature", "geometry": {"type": "Polygon", "coordinates": [[[93.01299999999999, 26.547500000000003], [93.01299999999999, 26.542250000000003], [93.01816666666666, 26.542250000000003], [93.01816666666666, 26.547500000000003], [93.01299999999999, 26.547500000000003]]]}, "properties": {"class_value": 1, "class_name": "Stable"}}, {"type": "Feature", "geometry": {"type": "Polygon", "coordinates": [[[93.19383333333333, 26.547500000000003], [93.19383333333333, 26.542250000000003], [93.199, 26.542250000000003], [93.199, 26.547500000000003], [93.19383333333333, 26.547500000000003]]]}, "properties": {"class_value": 1, "class_name": "Stable"}}, {"type": "Feature", "geometry": {"type": "Polygon", "coordinates": [[[93.21966666666667, 26.547500000000003], [93.21966666666667, 26.542250000000003], [93.22483333333334, 26.542250000000003], [93.22483333333334, 26.547500000000003], [93.21966666666667, 26.547500000000003]]]}, "properties": {"class_value": 1, "class_name": "Stable"}}, {"type": "Feature", "geometry": {"type": "Polygon", "coordinates": [[[93.44183333333334, 26.547500000000003], [93.44183333333334, 26.542250000000003], [93.447, 26.542250000000003], [93.447, 26.547500000000003], [93.44183333333334, 26.547500000000003]]]}, "properties": {"class_value": 1, "class_name": "Stable"}}, {"type": "Feature", "geometry": {"type": "Polygon", "coordinates": [[[93.50383333333333, 26.547500000000003], [93.50383333333333, 26.542250000000003], [93.509, 26.542250000000003], [93.509, 26.547500000000003], [93.50383333333333, 26.547500000000003]]]}, "properties": {"class_value": 1, "class_name": "Stable"}}, {"type": "Feature", "geometry": {"type": "Polygon", "coordinates": [[[93.73116666666667, 26.547500000000003], [93.73116666666667, 26.542250000000003], [93.73633333333333, 26.542250000000003], [93.73633333333333, 26.547500000000003], [93.73116666666667, 26.547500000000003]]]}, "properties": {"class_value": 1, "class_name": "Stable"}}, {"type": "Feature", "geometry": {"type": "Polygon", "coordinates": [[[93.81383333333333, 26.547500000000003], [93.81383333333333, 26.542250000000003], [93.819, 26.542250000000003], [93.819, 26.547500000000003], [93.81383333333333, 26.547500000000003]]]}, "properties": {"class_value": 1, "class_name": "Stable"}}, {"type": "Feature", "geometry": {"type": "Polygon", "coordinates": [[[93.84483333333333, 26.547500000000003], [93.84483333333333, 26.537000000000003], [93.85, 26.537000000000003], [93.85, 26.547500000000003], [93.84483333333333, 26.547500000000003]]]}, "properties": {"class_value": 1, "class_name": "Stable"}}, {"type": "Feature", "geometry": {"type": "Polygon", "coordinates": [[[92.362, 26.542250000000003], [92.362, 26.537000000000003], [92.36716666666666, 26.537000000000003], [92.36716666666666, 26.542250000000003], [92.362, 26.542250000000003]]]}, "properties": {"class_value": 1, "class_name": "Stable"}}, {"type": "Feature", "geometry": {"type": "Polygon", "coordinates": [[[92.40333333333334, 26.542250000000003], [92.40333333333334, 26.537000000000003], [92.4085, 26.537000000000003], [92.4085, 26.542250000000003], [92.40333333333334, 26.542250000000003]]]}, "properties": {"class_value": 1, "class_name": "Stable"}}, {"type": "Feature", "geometry": {"type": "Polygon", "coordinates": [[[92.51183333333333, 26.542250000000003], [92.51183333333333, 26.537000000000003], [92.517, 26.537000000000003], [92.517, 26.542250000000003], [92.51183333333333, 26.542250000000003]]]}, "properties": {"class_value": 2, "class_name": "Degrading"}}, {"type": "Feature", "geometry": {"type": "Polygon", "coordinates": [[[92.734, 26.542250000000003], [92.734, 26.537000000000003], [92.73916666666666, 26.537000000000003], [92.73916666666666, 26.542250000000003], [92.734, 26.542250000000003]]]}, "properties": {"class_value": 1, "class_name": "Stable"}}, {"type": "Feature", "geometry": {"type": "Polygon", "coordinates": [[[92.92, 26.542250000000003], [92.92, 26.537000000000003], [92.92516666666667, 26.537000000000003], [92.92516666666667, 26.542250000000003], [92.92, 26.542250000000003]]]}, "properties": {"class_value": 1, "class_name": "Stable"}}, {"type": "Feature", "geometry": {"type": "Polygon", "coordinates": [[[92.93033333333334, 26.542250000000003], [92.93033333333334, 26.537000000000003], [92.93549999999999, 26.537000000000003], [92.93549999999999, 26.542250000000003], [92.93033333333334, 26.542250000000003]]]}, "properties": {"class_value": 1, "class_name": "Stable"}}, {"type": "Feature", "geometry": {"type": "Polygon", "coordinates": [[[93.02333333333333, 26.542250000000003], [93.02333333333333, 26.537000000000003], [93.0285, 26.537000000000003], [93.0285, 26.542250000000003], [93.02333333333333, 26.542250000000003]]]}, "properties": {"class_value": 1, "class_name": "Stable"}}, {"type": "Feature", "geometry": {"type": "Polygon", "coordinates": [[[93.2765, 26.542250000000003], [93.2765, 26.537000000000003], [93.28166666666667, 26.537000000000003], [93.28166666666667, 26.542250000000003], [93.2765, 26.542250000000003]]]}, "properties": {"class_value": 5, "class_name": "Uncertain / Other"}}, {"type": "Feature", "geometry": {"type": "Polygon", "coordinates": [[[93.416, 26.542250000000003], [93.416, 26.537000000000003], [93.42116666666666, 26.537000000000003], [93.42116666666666, 26.542250000000003], [93.416, 26.542250000000003]]]}, "properties": {"class_value": 1, "class_name": "Stable"}}, {"type": "Feature", "geometry": {"type": "Polygon", "coordinates": [[[93.447, 26.542250000000003], [93.447, 26.537000000000003], [93.45216666666667, 26.537000000000003], [93.45216666666667, 26.542250000000003], [93.447, 26.542250000000003]]]}, "properties": {"class_value": 1, "class_name": "Stable"}}, {"type": "Feature", "geometry": {"type": "Polygon", "coordinates": [[[93.55033333333333, 26.542250000000003], [93.55033333333333, 26.537000000000003], [93.5555, 26.537000000000003], [93.5555, 26.542250000000003], [93.55033333333333, 26.542250000000003]]]}, "properties": {"class_value": 1, "class_name": "Stable"}}, {"type": "Feature", "geometry": {"type": "Polygon", "coordinates": [[[93.602, 26.542250000000003], [93.602, 26.537000000000003], [93.60716666666666, 26.537000000000003], [93.60716666666666, 26.542250000000003], [93.602, 26.542250000000003]]]}, "properties": {"class_value": 1, "class_name": "Stable"}}, {"type": "Feature", "geometry": {"type": "Polygon", "coordinates": [[[93.70533333333333, 26.542250000000003], [93.70533333333333, 26.537000000000003], [93.7105, 26.537000000000003], [93.7105, 26.542250000000003], [93.70533333333333, 26.542250000000003]]]}, "properties": {"class_value": 1, "class_name": "Stable"}}, {"type": "Feature", "geometry": {"type": "Polygon", "coordinates": [[[93.75699999999999, 26.542250000000003], [93.75699999999999, 26.537000000000003], [93.76216666666666, 26.537000000000003], [93.76216666666666, 26.542250000000003], [93.75699999999999, 26.542250000000003]]]}, "properties": {"class_value": 1, "class_name": "Stable"}}, {"type": "Feature", "geometry": {"type": "Polygon", "coordinates": [[[93.51933333333334, 26.542250000000003], [93.51933333333334, 26.531750000000002], [93.5245, 26.531750000000002], [93.5245, 26.542250000000003], [93.51933333333334, 26.542250000000003]]]}, "properties": {"class_value": 1, "class_name": "Stable"}}, {"type": "Feature", "geometry": {"type": "Polygon", "coordinates": [[[92.35166666666666, 26.537000000000003], [92.35166666666666, 26.531750000000002], [92.35683333333333, 26.531750000000002], [92.35683333333333, 26.537000000000003], [92.35166666666666, 26.537000000000003]]]}, "properties": {"class_value": 1, "class_name": "Stable"}}, {"type": "Feature", "geometry": {"type": "Polygon", "coordinates": [[[92.38266666666667, 26.537000000000003], [92.38266666666667, 26.531750000000002], [92.38783333333333, 26.531750000000002], [92.38783333333333, 26.537000000000003], [92.38266666666667, 26.537000000000003]]]}, "properties": {"class_value": 1, "class_name": "Stable"}}, {"type": "Feature", "geometry": {"type": "Polygon", "coordinates": [[[92.455, 26.537000000000003], [92.455, 26.531750000000002], [92.46016666666667, 26.531750000000002], [92.46016666666667, 26.537000000000003], [92.455, 26.537000000000003]]]}, "properties": {"class_value": 1, "class_name": "Stable"}}, {"type": "Feature", "geometry": {"type": "Polygon", "coordinates": [[[92.87349999999999, 26.537000000000003], [92.87349999999999, 26.531750000000002], [92.87866666666666, 26.531750000000002], [92.87866666666666, 26.537000000000003], [92.87349999999999, 26.537000000000003]]]}, "properties": {"class_value": 1, "class_name": "Stable"}}, {"type": "Feature", "geometry": {"type": "Polygon", "coordinates": [[[93.11116666666666, 26.537000000000003], [93.11116666666666, 26.531750000000002], [93.11633333333333, 26.531750000000002], [93.11633333333333, 26.537000000000003], [93.11116666666666, 26.537000000000003]]]}, "properties": {"class_value": 1, "class_name": "Stable"}}, {"type": "Feature", "geometry": {"type": "Polygon", "coordinates": [[[93.25066666666666, 26.537000000000003], [93.25066666666666, 26.531750000000002], [93.25583333333333, 26.531750000000002], [93.25583333333333, 26.537000000000003], [93.25066666666666, 26.537000000000003]]]}, "properties": {"class_value": 1, "class_name": "Stable"}}, {"type": "Feature", "geometry": {"type": "Polygon", "coordinates": [[[93.34883333333333, 26.537000000000003], [93.34883333333333, 26.531750000000002], [93.354, 26.531750000000002], [93.354, 26.537000000000003], [93.34883333333333, 26.537000000000003]]]}, "properties": {"class_value": 1, "class_name": "Stable"}}, {"type": "Feature", "geometry": {"type": "Polygon", "coordinates": [[[93.39016666666666, 26.537000000000003], [93.39016666666666, 26.531750000000002], [93.39533333333333, 26.531750000000002], [93.39533333333333, 26.537000000000003], [93.39016666666666, 26.537000000000003]]]}, "properties": {"class_value": 1, "class_name": "Stable"}}, {"type": "Feature", "geometry": {"type": "Polygon", "coordinates": [[[93.46766666666666, 26.537000000000003], [93.46766666666666, 26.531750000000002], [93.47283333333333, 26.531750000000002], [93.47283333333333, 26.537000000000003], [93.46766666666666, 26.537000000000003]]]}, "properties": {"class_value": 1, "class_name": "Stable"}}, {"type": "Feature", "geometry": {"type": "Polygon", "coordinates": [[[93.7415, 26.537000000000003], [93.7415, 26.531750000000002], [93.74666666666667, 26.531750000000002], [93.74666666666667, 26.537000000000003], [93.7415, 26.537000000000003]]]}, "properties": {"class_value": 1, "class_name": "Stable"}}, {"type": "Feature", "geometry": {"type": "Polygon", "coordinates": [[[93.82416666666667, 26.537000000000003], [93.82416666666667, 26.531750000000002], [93.82933333333332, 26.531750000000002], [93.82933333333332, 26.537000000000003], [93.82416666666667, 26.537000000000003]]]}, "properties": {"class_value": 1, "class_name": "Stable"}}, {"type": "Feature", "geometry": {"type": "Polygon", "coordinates": [[[92.49633333333333, 26.531750000000002], [92.49633333333333, 26.526500000000002], [92.5015, 26.526500000000002], [92.5015, 26.531750000000002], [92.49633333333333, 26.531750000000002]]]}, "properties": {"class_value": 1, "class_name": "Stable"}}, {"type": "Feature", "geometry": {"type": "Polygon", "coordinates": [[[92.51183333333333, 26.531750000000002], [92.51183333333333, 26.526500000000002], [92.517, 26.526500000000002], [92.517, 26.531750000000002], [92.51183333333333, 26.531750000000002]]]}, "properties": {"class_value": 1, "class_name": "Stable"}}, {"type": "Feature", "geometry": {"type": "Polygon", "coordinates": [[[92.54283333333333, 26.531750000000002], [92.54283333333333, 26.526500000000002], [92.548, 26.526500000000002], [92.548, 26.531750000000002], [92.54283333333333, 26.531750000000002]]]}, "properties": {"class_value": 1, "class_name": "Stable"}}, {"type": "Feature", "geometry": {"type": "Polygon", "coordinates": [[[92.60483333333333, 26.531750000000002], [92.60483333333333, 26.526500000000002], [92.61516666666667, 26.526500000000002], [92.61516666666667, 26.531750000000002], [92.60483333333333, 26.531750000000002]]]}, "properties": {"class_value": 1, "class_name": "Stable"}}, {"type": "Feature", "geometry": {"type": "Polygon", "coordinates": [[[92.93549999999999, 26.531750000000002], [92.93549999999999, 26.526500000000002], [92.94066666666666, 26.526500000000002], [92.94066666666666, 26.531750000000002], [92.93549999999999, 26.531750000000002]]]}, "properties": {"class_value": 1, "class_name": "Stable"}}, {"type": "Feature", "geometry": {"type": "Polygon", "coordinates": [[[92.982, 26.531750000000002], [92.982, 26.526500000000002], [92.98716666666667, 26.526500000000002], [92.98716666666667, 26.531750000000002], [92.982, 26.531750000000002]]]}, "properties": {"class_value": 1, "class_name": "Stable"}}, {"type": "Feature", "geometry": {"type": "Polygon", "coordinates": [[[93.06466666666667, 26.531750000000002], [93.06466666666667, 26.526500000000002], [93.06983333333334, 26.526500000000002], [93.06983333333334, 26.531750000000002], [93.06466666666667, 26.531750000000002]]]}, "properties": {"class_value": 1, "class_name": "Stable"}}, {"type": "Feature", "geometry": {"type": "Polygon", "coordinates": [[[93.18866666666666, 26.531750000000002], [93.18866666666666, 26.526500000000002], [93.19383333333333, 26.526500000000002], [93.19383333333333, 26.531750000000002], [93.18866666666666, 26.531750000000002]]]}, "properties": {"class_value": 1, "class_name": "Stable"}}, {"type": "Feature", "geometry": {"type": "Polygon", "coordinates": [[[93.5865, 26.531750000000002], [93.5865, 26.526500000000002], [93.59166666666667, 26.526500000000002], [93.59166666666667, 26.531750000000002], [93.5865, 26.531750000000002]]]}, "properties": {"class_value": 1, "class_name": "Stable"}}, {"type": "Feature", "geometry": {"type": "Polygon", "coordinates": [[[93.66916666666667, 26.531750000000002], [93.66916666666667, 26.526500000000002], [93.67433333333334, 26.526500000000002], [93.67433333333334, 26.531750000000002], [93.66916666666667, 26.531750000000002]]]}, "properties": {"class_value": 1, "class_name": "Stable"}}, {"type": "Feature", "geometry": {"type": "Polygon", "coordinates": [[[93.73116666666667, 26.531750000000002], [93.73116666666667, 26.526500000000002], [93.73633333333333, 26.526500000000002], [93.73633333333333, 26.531750000000002], [93.73116666666667, 26.531750000000002]]]}, "properties": {"class_value": 1, "class_name": "Stable"}}, {"type": "Feature", "geometry": {"type": "Polygon", "coordinates": [[[92.41883333333332, 26.531750000000002], [92.41883333333332, 26.521250000000002], [92.42399999999999, 26.521250000000002], [92.42399999999999, 26.531750000000002], [92.41883333333332, 26.531750000000002]]]}, "properties": {"class_value": 1, "class_name": "Stable"}}, {"type": "Feature", "geometry": {"type": "Polygon", "coordinates": [[[92.55316666666667, 26.526500000000002], [92.55316666666667, 26.521250000000002], [92.55833333333334, 26.521250000000002], [92.55833333333334, 26.526500000000002], [92.55316666666667, 26.526500000000002]]]}, "properties": {"class_value": 1, "class_name": "Stable"}}, {"type": "Feature", "geometry": {"type": "Polygon", "coordinates": [[[92.81666666666666, 26.526500000000002], [92.81666666666666, 26.521250000000002], [92.82183333333333, 26.521250000000002], [92.82183333333333, 26.526500000000002], [92.81666666666666, 26.526500000000002]]]}, "properties": {"class_value": 1, "class_name": "Stable"}}, {"type": "Feature", "geometry": {"type": "Polygon", "coordinates": [[[92.89933333333333, 26.526500000000002], [92.89933333333333, 26.521250000000002], [92.9045, 26.521250000000002], [92.9045, 26.526500000000002], [92.89933333333333, 26.526500000000002]]]}, "properties": {"class_value": 1, "class_name": "Stable"}}, {"type": "Feature", "geometry": {"type": "Polygon", "coordinates": [[[93.06983333333334, 26.526500000000002], [93.06983333333334, 26.521250000000002], [93.075, 26.521250000000002], [93.075, 26.526500000000002], [93.06983333333334, 26.526500000000002]]]}, "properties": {"class_value": 1, "class_name": "Stable"}}, {"type": "Feature", "geometry": {"type": "Polygon", "coordinates": [[[93.12666666666667, 26.526500000000002], [93.12666666666667, 26.521250000000002], [93.13183333333333, 26.521250000000002], [93.13183333333333, 26.526500000000002], [93.12666666666667, 26.526500000000002]]]}, "properties": {"class_value": 1, "class_name": "Stable"}}, {"type": "Feature", "geometry": {"type": "Polygon", "coordinates": [[[93.31783333333333, 26.526500000000002], [93.31783333333333, 26.521250000000002], [93.323, 26.521250000000002], [93.323, 26.526500000000002], [93.31783333333333, 26.526500000000002]]]}, "properties": {"class_value": 1, "class_name": "Stable"}}, {"type": "Feature", "geometry": {"type": "Polygon", "coordinates": [[[93.46249999999999, 26.526500000000002], [93.46249999999999, 26.521250000000002], [93.46766666666666, 26.521250000000002], [93.46766666666666, 26.526500000000002], [93.46249999999999, 26.526500000000002]]]}, "properties": {"class_value": 1, "class_name": "Stable"}}, {"type": "Feature", "geometry": {"type": "Polygon", "coordinates": [[[93.71566666666666, 26.526500000000002], [93.71566666666666, 26.521250000000002], [93.72083333333333, 26.521250000000002], [93.72083333333333, 26.526500000000002], [93.71566666666666, 26.526500000000002]]]}, "properties": {"class_value": 1, "class_name": "Stable"}}, {"type": "Feature", "geometry": {"type": "Polygon", "coordinates": [[[92.3775, 26.521250000000002], [92.3775, 26.516000000000002], [92.38266666666667, 26.516000000000002], [92.38266666666667, 26.521250000000002], [92.3775, 26.521250000000002]]]}, "properties": {"class_value": 1, "class_name": "Stable"}}, {"type": "Feature", "geometry": {"type": "Polygon", "coordinates": [[[92.62033333333333, 26.521250000000002], [92.62033333333333, 26.516000000000002], [92.6255, 26.516000000000002], [92.6255, 26.521250000000002], [92.62033333333333, 26.521250000000002]]]}, "properties": {"class_value": 1, "class_name": "Stable"}}, {"type": "Feature", "geometry": {"type": "Polygon", "coordinates": [[[92.6875, 26.521250000000002], [92.6875, 26.516000000000002], [92.69266666666667, 26.516000000000002], [92.69266666666667, 26.521250000000002], [92.6875, 26.521250000000002]]]}, "properties": {"class_value": 1, "class_name": "Stable"}}, {"type": "Feature", "geometry": {"type": "Polygon", "coordinates": [[[92.70816666666667, 26.521250000000002], [92.70816666666667, 26.516000000000002], [92.71333333333332, 26.516000000000002], [92.71333333333332, 26.521250000000002], [92.70816666666667, 26.521250000000002]]]}, "properties": {"class_value": 1, "class_name": "Stable"}}, {"type": "Feature", "geometry": {"type": "Polygon", "coordinates": [[[92.93033333333334, 26.521250000000002], [92.93033333333334, 26.516000000000002], [92.93549999999999, 26.516000000000002], [92.93549999999999, 26.521250000000002], [92.93033333333334, 26.521250000000002]]]}, "properties": {"class_value": 1, "class_name": "Stable"}}, {"type": "Feature", "geometry": {"type": "Polygon", "coordinates": [[[93.03366666666666, 26.521250000000002], [93.03366666666666, 26.516000000000002], [93.03883333333333, 26.516000000000002], [93.03883333333333, 26.521250000000002], [93.03366666666666, 26.521250000000002]]]}, "properties": {"class_value": 1, "class_name": "Stable"}}, {"type": "Feature", "geometry": {"type": "Polygon", "coordinates": [[[93.41083333333333, 26.521250000000002], [93.41083333333333, 26.516000000000002], [93.416, 26.516000000000002], [93.416, 26.521250000000002], [93.41083333333333, 26.521250000000002]]]}, "properties": {"class_value": 1, "class_name": "Stable"}}, {"type": "Feature", "geometry": {"type": "Polygon", "coordinates": [[[93.52966666666666, 26.521250000000002], [93.52966666666666, 26.516000000000002], [93.53483333333332, 26.516000000000002], [93.53483333333332, 26.521250000000002], [93.52966666666666, 26.521250000000002]]]}, "properties": {"class_value": 1, "class_name": "Stable"}}, {"type": "Feature", "geometry": {"type": "Polygon", "coordinates": [[[93.54516666666666, 26.521250000000002], [93.54516666666666, 26.516000000000002], [93.55033333333333, 26.516000000000002], [93.55033333333333, 26.521250000000002], [93.54516666666666, 26.521250000000002]]]}, "properties": {"class_value": 1, "class_name": "Stable"}}, {"type": "Feature", "geometry": {"type": "Polygon", "coordinates": [[[93.62783333333333, 26.521250000000002], [93.62783333333333, 26.516000000000002], [93.633, 26.516000000000002], [93.633, 26.521250000000002], [93.62783333333333, 26.521250000000002]]]}, "properties": {"class_value": 1, "class_name": "Stable"}}, {"type": "Feature", "geometry": {"type": "Polygon", "coordinates": [[[93.726, 26.521250000000002], [93.726, 26.516000000000002], [93.73116666666667, 26.516000000000002], [93.73116666666667, 26.521250000000002], [93.726, 26.521250000000002]]]}, "properties": {"class_value": 1, "class_name": "Stable"}}, {"type": "Feature", "geometry": {"type": "Polygon", "coordinates": [[[92.38266666666667, 26.516000000000002], [92.38266666666667, 26.51075], [92.38783333333333, 26.51075], [92.38783333333333, 26.516000000000002], [92.38266666666667, 26.516000000000002]]]}, "properties": {"class_value": 5, "class_name": "Uncertain / Other"}}, {"type": "Feature", "geometry": {"type": "Polygon", "coordinates": [[[92.4705, 26.516000000000002], [92.4705, 26.51075], [92.47566666666667, 26.51075], [92.47566666666667, 26.516000000000002], [92.4705, 26.516000000000002]]]}, "properties": {"class_value": 1, "class_name": "Stable"}}, {"type": "Feature", "geometry": {"type": "Polygon", "coordinates": [[[93.02333333333333, 26.516000000000002], [93.02333333333333, 26.51075], [93.0285, 26.51075], [93.0285, 26.516000000000002], [93.02333333333333, 26.516000000000002]]]}, "properties": {"class_value": 2, "class_name": "Degrading"}}, {"type": "Feature", "geometry": {"type": "Polygon", "coordinates": [[[93.08533333333332, 26.516000000000002], [93.08533333333332, 26.51075], [93.09049999999999, 26.51075], [93.09049999999999, 26.516000000000002], [93.08533333333332, 26.516000000000002]]]}, "properties": {"class_value": 1, "class_name": "Stable"}}, {"type": "Feature", "geometry": {"type": "Polygon", "coordinates": [[[93.10083333333333, 26.516000000000002], [93.10083333333333, 26.51075], [93.106, 26.51075], [93.106, 26.516000000000002], [93.10083333333333, 26.516000000000002]]]}, "properties": {"class_value": 1, "class_name": "Stable"}}, {"type": "Feature", "geometry": {"type": "Polygon", "coordinates": [[[93.14733333333334, 26.516000000000002], [93.14733333333334, 26.51075], [93.1525, 26.51075], [93.1525, 26.516000000000002], [93.14733333333334, 26.516000000000002]]]}, "properties": {"class_value": 1, "class_name": "Stable"}}, {"type": "Feature", "geometry": {"type": "Polygon", "coordinates": [[[93.20933333333333, 26.516000000000002], [93.20933333333333, 26.51075], [93.2145, 26.51075], [93.2145, 26.516000000000002], [93.20933333333333, 26.516000000000002]]]}, "properties": {"class_value": 1, "class_name": "Stable"}}, {"type": "Feature", "geometry": {"type": "Polygon", "coordinates": [[[93.24033333333333, 26.516000000000002], [93.24033333333333, 26.51075], [93.24549999999999, 26.51075], [93.24549999999999, 26.516000000000002], [93.24033333333333, 26.516000000000002]]]}, "properties": {"class_value": 1, "class_name": "Stable"}}, {"type": "Feature", "geometry": {"type": "Polygon", "coordinates": [[[93.37466666666667, 26.516000000000002], [93.37466666666667, 26.51075], [93.37983333333334, 26.51075], [93.37983333333334, 26.516000000000002], [93.37466666666667, 26.516000000000002]]]}, "properties": {"class_value": 1, "class_name": "Stable"}}, {"type": "Feature", "geometry": {"type": "Polygon", "coordinates": [[[93.46766666666666, 26.516000000000002], [93.46766666666666, 26.51075], [93.47283333333333, 26.51075], [93.47283333333333, 26.516000000000002], [93.46766666666666, 26.516000000000002]]]}, "properties": {"class_value": 1, "class_name": "Stable"}}, {"type": "Feature", "geometry": {"type": "Polygon", "coordinates": [[[93.56583333333333, 26.516000000000002], [93.56583333333333, 26.51075], [93.571, 26.51075], [93.571, 26.516000000000002], [93.56583333333333, 26.516000000000002]]]}, "properties": {"class_value": 1, "class_name": "Stable"}}, {"type": "Feature", "geometry": {"type": "Polygon", "coordinates": [[[93.7725, 26.516000000000002], [93.7725, 26.51075], [93.77766666666666, 26.51075], [93.77766666666666, 26.516000000000002], [93.7725, 26.516000000000002]]]}, "properties": {"class_value": 1, "class_name": "Stable"}}, {"type": "Feature", "geometry": {"type": "Polygon", "coordinates": [[[93.11116666666666, 26.516000000000002], [93.11116666666666, 26.5055], [93.11633333333333, 26.5055], [93.11633333333333, 26.516000000000002], [93.11116666666666, 26.516000000000002]]]}, "properties": {"class_value": 1, "class_name": "Stable"}}, {"type": "Feature", "geometry": {"type": "Polygon", "coordinates": [[[93.39533333333333, 26.516000000000002], [93.39533333333333, 26.5055], [93.4005, 26.5055], [93.4005, 26.516000000000002], [93.39533333333333, 26.516000000000002]]]}, "properties": {"class_value": 1, "class_name": "Stable"}}, {"type": "Feature", "geometry": {"type": "Polygon", "coordinates": [[[92.35166666666666, 26.51075], [92.35166666666666, 26.5055], [92.35683333333333, 26.5055], [92.35683333333333, 26.51075], [92.35166666666666, 26.51075]]]}, "properties": {"class_value": 1, "class_name": "Stable"}}, {"type": "Feature", "geometry": {"type": "Polygon", "coordinates": [[[92.44983333333333, 26.51075], [92.44983333333333, 26.5055], [92.455, 26.5055], [92.455, 26.51075], [92.44983333333333, 26.51075]]]}, "properties": {"class_value": 1, "class_name": "Stable"}}, {"type": "Feature", "geometry": {"type": "Polygon", "coordinates": [[[92.58933333333333, 26.51075], [92.58933333333333, 26.5055], [92.5945, 26.5055], [92.5945, 26.51075], [92.58933333333333, 26.51075]]]}, "properties": {"class_value": 1, "class_name": "Stable"}}, {"type": "Feature", "geometry": {"type": "Polygon", "coordinates": [[[92.66683333333333, 26.51075], [92.66683333333333, 26.5055], [92.672, 26.5055], [92.672, 26.51075], [92.66683333333333, 26.51075]]]}, "properties": {"class_value": 1, "class_name": "Stable"}}, {"type": "Feature", "geometry": {"type": "Polygon", "coordinates": [[[92.67716666666666, 26.51075], [92.67716666666666, 26.5055], [92.68233333333333, 26.5055], [92.68233333333333, 26.51075], [92.67716666666666, 26.51075]]]}, "properties": {"class_value": 1, "class_name": "Stable"}}, {"type": "Feature", "geometry": {"type": "Polygon", "coordinates": [[[92.77533333333334, 26.51075], [92.77533333333334, 26.5055], [92.7805, 26.5055], [92.7805, 26.51075], [92.77533333333334, 26.51075]]]}, "properties": {"class_value": 1, "class_name": "Stable"}}, {"type": "Feature", "geometry": {"type": "Polygon", "coordinates": [[[92.78566666666666, 26.51075], [92.78566666666666, 26.5055], [92.79083333333332, 26.5055], [92.79083333333332, 26.51075], [92.78566666666666, 26.51075]]]}, "properties": {"class_value": 1, "class_name": "Stable"}}, {"type": "Feature", "geometry": {"type": "Polygon", "coordinates": [[[92.80633333333333, 26.51075], [92.80633333333333, 26.5055], [92.8115, 26.5055], [92.8115, 26.51075], [92.80633333333333, 26.51075]]]}, "properties": {"class_value": 1, "class_name": "Stable"}}, {"type": "Feature", "geometry": {"type": "Polygon", "coordinates": [[[92.96133333333333, 26.51075], [92.96133333333333, 26.5055], [92.9665, 26.5055], [92.9665, 26.51075], [92.96133333333333, 26.51075]]]}, "properties": {"class_value": 1, "class_name": "Stable"}}, {"type": "Feature", "geometry": {"type": "Polygon", "coordinates": [[[93.0285, 26.51075], [93.0285, 26.5055], [93.03366666666666, 26.5055], [93.03366666666666, 26.51075], [93.0285, 26.51075]]]}, "properties": {"class_value": 1, "class_name": "Stable"}}, {"type": "Feature", "geometry": {"type": "Polygon", "coordinates": [[[93.08016666666667, 26.51075], [93.08016666666667, 26.5055], [93.08533333333332, 26.5055], [93.08533333333332, 26.51075], [93.08016666666667, 26.51075]]]}, "properties": {"class_value": 1, "class_name": "Stable"}}, {"type": "Feature", "geometry": {"type": "Polygon", "coordinates": [[[93.42116666666666, 26.51075], [93.42116666666666, 26.5055], [93.42633333333333, 26.5055], [93.42633333333333, 26.51075], [93.42116666666666, 26.51075]]]}, "properties": {"class_value": 1, "class_name": "Stable"}}, {"type": "Feature", "geometry": {"type": "Polygon", "coordinates": [[[93.5555, 26.51075], [93.5555, 26.5055], [93.56066666666666, 26.5055], [93.56066666666666, 26.51075], [93.5555, 26.51075]]]}, "properties": {"class_value": 1, "class_name": "Stable"}}, {"type": "Feature", "geometry": {"type": "Polygon", "coordinates": [[[93.58133333333333, 26.51075], [93.58133333333333, 26.5055], [93.5865, 26.5055], [93.5865, 26.51075], [93.58133333333333, 26.51075]]]}, "properties": {"class_value": 5, "class_name": "Uncertain / Other"}}, {"type": "Feature", "geometry": {"type": "Polygon", "coordinates": [[[93.59683333333334, 26.51075], [93.59683333333334, 26.5055], [93.602, 26.5055], [93.602, 26.51075], [93.59683333333334, 26.51075]]]}, "properties": {"class_value": 1, "class_name": "Stable"}}, {"type": "Feature", "geometry": {"type": "Polygon", "coordinates": [[[93.61749999999999, 26.51075], [93.61749999999999, 26.5055], [93.62266666666666, 26.5055], [93.62266666666666, 26.51075], [93.61749999999999, 26.51075]]]}, "properties": {"class_value": 1, "class_name": "Stable"}}, {"type": "Feature", "geometry": {"type": "Polygon", "coordinates": [[[93.78283333333333, 26.51075], [93.78283333333333, 26.5055], [93.788, 26.5055], [93.788, 26.51075], [93.78283333333333, 26.51075]]]}, "properties": {"class_value": 1, "class_name": "Stable"}}, {"type": "Feature", "geometry": {"type": "Polygon", "coordinates": [[[93.8035, 26.51075], [93.8035, 26.5055], [93.80866666666667, 26.5055], [93.80866666666667, 26.51075], [93.8035, 26.51075]]]}, "properties": {"class_value": 5, "class_name": "Uncertain / Other"}}, {"type": "Feature", "geometry": {"type": "Polygon", "coordinates": [[[92.39816666666667, 26.5055], [92.39816666666667, 26.50025], [92.40333333333334, 26.50025], [92.40333333333334, 26.5055], [92.39816666666667, 26.5055]]]}, "properties": {"class_value": 1, "class_name": "Stable"}}, {"type": "Feature", "geometry": {"type": "Polygon", "coordinates": [[[92.41366666666666, 26.5055], [92.41366666666666, 26.50025], [92.42399999999999, 26.50025], [92.42399999999999, 26.5055], [92.41366666666666, 26.5055]]]}, "properties": {"class_value": 1, "class_name": "Stable"}}, {"type": "Feature", "geometry": {"type": "Polygon", "coordinates": [[[92.46533333333333, 26.5055], [92.46533333333333, 26.50025], [92.4705, 26.50025], [92.4705, 26.5055], [92.46533333333333, 26.5055]]]}, "properties": {"class_value": 1, "class_name": "Stable"}}, {"type": "Feature", "geometry": {"type": "Polygon", "coordinates": [[[92.66166666666666, 26.5055], [92.66166666666666, 26.50025], [92.66683333333333, 26.50025], [92.66683333333333, 26.5055], [92.66166666666666, 26.5055]]]}, "properties": {"class_value": 1, "class_name": "Stable"}}, {"type": "Feature", "geometry": {"type": "Polygon", "coordinates": [[[92.73916666666666, 26.5055], [92.73916666666666, 26.50025], [92.74433333333333, 26.50025], [92.74433333333333, 26.5055], [92.73916666666666, 26.5055]]]}, "properties": {"class_value": 1, "class_name": "Stable"}}, {"type": "Feature", "geometry": {"type": "Polygon", "coordinates": [[[92.79599999999999, 26.5055], [92.79599999999999, 26.50025], [92.80116666666666, 26.50025], [92.80116666666666, 26.5055], [92.79599999999999, 26.5055]]]}, "properties": {"class_value": 1, "class_name": "Stable"}}, {"type": "Feature", "geometry": {"type": "Polygon", "coordinates": [[[92.89416666666666, 26.5055], [92.89416666666666, 26.50025], [92.89933333333333, 26.50025], [92.89933333333333, 26.5055], [92.89416666666666, 26.5055]]]}, "properties": {"class_value": 2, "class_name": "Degrading"}}, {"type": "Feature", "geometry": {"type": "Polygon", "coordinates": [[[93.03883333333333, 26.5055], [93.03883333333333, 26.50025], [93.05433333333333, 26.50025], [93.05433333333333, 26.5055], [93.03883333333333, 26.5055]]]}, "properties": {"class_value": 1, "class_name": "Stable"}}, {"type": "Feature", "geometry": {"type": "Polygon", "coordinates": [[[93.44183333333334, 26.5055], [93.44183333333334, 26.50025], [93.447, 26.50025], [93.447, 26.5055], [93.44183333333334, 26.5055]]]}, "properties": {"class_value": 1, "class_name": "Stable"}}, {"type": "Feature", "geometry": {"type": "Polygon", "coordinates": [[[93.49866666666667, 26.5055], [93.49866666666667, 26.50025], [93.50383333333333, 26.50025], [93.50383333333333, 26.5055], [93.49866666666667, 26.5055]]]}, "properties": {"class_value": 5, "class_name": "Uncertain / Other"}}, {"type": "Feature", "geometry": {"type": "Polygon", "coordinates": [[[93.51933333333334, 26.5055], [93.51933333333334, 26.50025], [93.5245, 26.50025], [93.5245, 26.5055], [93.51933333333334, 26.5055]]]}, "properties": {"class_value": 1, "class_name": "Stable"}}, {"type": "Feature", "geometry": {"type": "Polygon", "coordinates": [[[93.53999999999999, 26.5055], [93.53999999999999, 26.50025], [93.55033333333333, 26.50025], [93.55033333333333, 26.5055], [93.53999999999999, 26.5055]]]}, "properties": {"class_value": 1, "class_name": "Stable"}}, {"type": "Feature", "geometry": {"type": "Polygon", "coordinates": [[[93.571, 26.5055], [93.571, 26.50025], [93.57616666666667, 26.50025], [93.57616666666667, 26.5055], [93.571, 26.5055]]]}, "properties": {"class_value": 1, "class_name": "Stable"}}, {"type": "Feature", "geometry": {"type": "Polygon", "coordinates": [[[93.5865, 26.5055], [93.5865, 26.50025], [93.59166666666667, 26.50025], [93.59166666666667, 26.5055], [93.5865, 26.5055]]]}, "properties": {"class_value": 1, "class_name": "Stable"}}, {"type": "Feature", "geometry": {"type": "Polygon", "coordinates": [[[93.633, 26.5055], [93.633, 26.50025], [93.63816666666666, 26.50025], [93.63816666666666, 26.5055], [93.633, 26.5055]]]}, "properties": {"class_value": 1, "class_name": "Stable"}}, {"type": "Feature", "geometry": {"type": "Polygon", "coordinates": [[[93.66916666666667, 26.5055], [93.66916666666667, 26.50025], [93.67433333333334, 26.50025], [93.67433333333334, 26.5055], [93.66916666666667, 26.5055]]]}, "properties": {"class_value": 1, "class_name": "Stable"}}, {"type": "Feature", "geometry": {"type": "Polygon", "coordinates": [[[92.94583333333333, 26.5055], [92.94583333333333, 26.495], [92.951, 26.495], [92.951, 26.5055], [92.94583333333333, 26.5055]]]}, "properties": {"class_value": 1, "class_name": "Stable"}}, {"type": "Feature", "geometry": {"type": "Polygon", "coordinates": [[[92.3, 26.50025], [92.3, 26.495], [92.30516666666666, 26.495], [92.30516666666666, 26.50025], [92.3, 26.50025]]]}, "properties": {"class_value": 1, "class_name": "Stable"}}, {"type": "Feature", "geometry": {"type": "Polygon", "coordinates": [[[92.32066666666667, 26.50025], [92.32066666666667, 26.495], [92.32583333333334, 26.495], [92.32583333333334, 26.50025], [92.32066666666667, 26.50025]]]}, "properties": {"class_value": 1, "class_name": "Stable"}}, {"type": "Feature", "geometry": {"type": "Polygon", "coordinates": [[[92.50666666666666, 26.50025], [92.50666666666666, 26.495], [92.51183333333333, 26.495], [92.51183333333333, 26.50025], [92.50666666666666, 26.50025]]]}, "properties": {"class_value": 1, "class_name": "Stable"}}, {"type": "Feature", "geometry": {"type": "Polygon", "coordinates": [[[92.59966666666666, 26.50025], [92.59966666666666, 26.495], [92.60483333333333, 26.495], [92.60483333333333, 26.50025], [92.59966666666666, 26.50025]]]}, "properties": {"class_value": 1, "class_name": "Stable"}}, {"type": "Feature", "geometry": {"type": "Polygon", "coordinates": [[[92.62033333333333, 26.50025], [92.62033333333333, 26.495], [92.6255, 26.495], [92.6255, 26.50025], [92.62033333333333, 26.50025]]]}, "properties": {"class_value": 1, "class_name": "Stable"}}, {"type": "Feature", "geometry": {"type": "Polygon", "coordinates": [[[92.79083333333332, 26.50025], [92.79083333333332, 26.495], [92.79599999999999, 26.495], [92.79599999999999, 26.50025], [92.79083333333332, 26.50025]]]}, "properties": {"class_value": 1, "class_name": "Stable"}}, {"type": "Feature", "geometry": {"type": "Polygon", "coordinates": [[[92.9975, 26.50025], [92.9975, 26.495], [93.00266666666667, 26.495], [93.00266666666667, 26.50025], [92.9975, 26.50025]]]}, "properties": {"class_value": 1, "class_name": "Stable"}}, {"type": "Feature", "geometry": {"type": "Polygon", "coordinates": [[[93.27133333333333, 26.50025], [93.27133333333333, 26.495], [93.2765, 26.495], [93.2765, 26.50025], [93.27133333333333, 26.50025]]]}, "properties": {"class_value": 1, "class_name": "Stable"}}, {"type": "Feature", "geometry": {"type": "Polygon", "coordinates": [[[93.37983333333334, 26.50025], [93.37983333333334, 26.495], [93.38499999999999, 26.495], [93.38499999999999, 26.50025], [93.37983333333334, 26.50025]]]}, "properties": {"class_value": 1, "class_name": "Stable"}}, {"type": "Feature", "geometry": {"type": "Polygon", "coordinates": [[[93.50383333333333, 26.50025], [93.50383333333333, 26.495], [93.509, 26.495], [93.509, 26.50025], [93.50383333333333, 26.50025]]]}, "properties": {"class_value": 1, "class_name": "Stable"}}, {"type": "Feature", "geometry": {"type": "Polygon", "coordinates": [[[93.56066666666666, 26.50025], [93.56066666666666, 26.495], [93.56583333333333, 26.495], [93.56583333333333, 26.50025], [93.56066666666666, 26.50025]]]}, "properties": {"class_value": 1, "class_name": "Stable"}}, {"type": "Feature", "geometry": {"type": "Polygon", "coordinates": [[[93.67949999999999, 26.50025], [93.67949999999999, 26.495], [93.68466666666666, 26.495], [93.68466666666666, 26.50025], [93.67949999999999, 26.50025]]]}, "properties": {"class_value": 1, "class_name": "Stable"}}, {"type": "Feature", "geometry": {"type": "Polygon", "coordinates": [[[93.73116666666667, 26.50025], [93.73116666666667, 26.495], [93.73633333333333, 26.495], [93.73633333333333, 26.50025], [93.73116666666667, 26.50025]]]}, "properties": {"class_value": 1, "class_name": "Stable"}}, {"type": "Feature", "geometry": {"type": "Polygon", "coordinates": [[[93.75699999999999, 26.50025], [93.75699999999999, 26.495], [93.76216666666666, 26.495], [93.76216666666666, 26.50025], [93.75699999999999, 26.50025]]]}, "properties": {"class_value": 5, "class_name": "Uncertain / Other"}}, {"type": "Feature", "geometry": {"type": "Polygon", "coordinates": [[[93.65366666666667, 26.50025], [93.65366666666667, 26.48975], [93.65883333333333, 26.48975], [93.65883333333333, 26.50025], [93.65366666666667, 26.50025]]]}, "properties": {"class_value": 1, "class_name": "Stable"}}, {"type": "Feature", "geometry": {"type": "Polygon", "coordinates": [[[92.31033333333333, 26.495], [92.31033333333333, 26.48975], [92.3155, 26.48975], [92.3155, 26.495], [92.31033333333333, 26.495]]]}, "properties": {"class_value": 1, "class_name": "Stable"}}, {"type": "Feature", "geometry": {"type": "Polygon", "coordinates": [[[92.40333333333334, 26.495], [92.40333333333334, 26.48975], [92.4085, 26.48975], [92.4085, 26.495], [92.40333333333334, 26.495]]]}, "properties": {"class_value": 1, "class_name": "Stable"}}, {"type": "Feature", "geometry": {"type": "Polygon", "coordinates": [[[92.455, 26.495], [92.455, 26.48975], [92.46016666666667, 26.48975], [92.46016666666667, 26.495], [92.455, 26.495]]]}, "properties": {"class_value": 2, "class_name": "Degrading"}}, {"type": "Feature", "geometry": {"type": "Polygon", "coordinates": [[[92.51183333333333, 26.495], [92.51183333333333, 26.48975], [92.517, 26.48975], [92.517, 26.495], [92.51183333333333, 26.495]]]}, "properties": {"class_value": 1, "class_name": "Stable"}}, {"type": "Feature", "geometry": {"type": "Polygon", "coordinates": [[[92.73916666666666, 26.495], [92.73916666666666, 26.48975], [92.74433333333333, 26.48975], [92.74433333333333, 26.495], [92.73916666666666, 26.495]]]}, "properties": {"class_value": 1, "class_name": "Stable"}}, {"type": "Feature", "geometry": {"type": "Polygon", "coordinates": [[[92.79599999999999, 26.495], [92.79599999999999, 26.48975], [92.80116666666666, 26.48975], [92.80116666666666, 26.495], [92.79599999999999, 26.495]]]}, "properties": {"class_value": 1, "class_name": "Stable"}}, {"type": "Feature", "geometry": {"type": "Polygon", "coordinates": [[[92.92516666666667, 26.495], [92.92516666666667, 26.48975], [92.93549999999999, 26.48975], [92.93549999999999, 26.495], [92.92516666666667, 26.495]]]}, "properties": {"class_value": 1, "class_name": "Stable"}}, {"type": "Feature", "geometry": {"type": "Polygon", "coordinates": [[[93.20416666666667, 26.495], [93.20416666666667, 26.48975], [93.2145, 26.48975], [93.2145, 26.495], [93.20416666666667, 26.495]]]}, "properties": {"class_value": 1, "class_name": "Stable"}}, {"type": "Feature", "geometry": {"type": "Polygon", "coordinates": [[[93.2145, 26.495], [93.2145, 26.48975], [93.21966666666667, 26.48975], [93.21966666666667, 26.495], [93.2145, 26.495]]]}, "properties": {"class_value": 2, "class_name": "Degrading"}}, {"type": "Feature", "geometry": {"type": "Polygon", "coordinates": [[[93.34366666666666, 26.495], [93.34366666666666, 26.48975], [93.34883333333333, 26.48975], [93.34883333333333, 26.495], [93.34366666666666, 26.495]]]}, "properties": {"class_value": 1, "class_name": "Stable"}}, {"type": "Feature", "geometry": {"type": "Polygon", "coordinates": [[[93.83966666666666, 26.495], [93.83966666666666, 26.48975], [93.84483333333333, 26.48975], [93.84483333333333, 26.495], [93.83966666666666, 26.495]]]}, "properties": {"class_value": 1, "class_name": "Stable"}}, {"type": "Feature", "geometry": {"type": "Polygon", "coordinates": [[[92.90966666666667, 26.50025], [92.90966666666667, 26.4845], [92.91483333333333, 26.4845], [92.91483333333333, 26.50025], [92.90966666666667, 26.50025]]]}, "properties": {"class_value": 1, "class_name": "Stable"}}, {"type": "Feature", "geometry": {"type": "Polygon", "coordinates": [[[92.3155, 26.48975], [92.3155, 26.4845], [92.32066666666667, 26.4845], [92.32066666666667, 26.48975], [92.3155, 26.48975]]]}, "properties": {"class_value": 1, "class_name": "Stable"}}, {"type": "Feature", "geometry": {"type": "Polygon", "coordinates": [[[92.32583333333334, 26.48975], [92.32583333333334, 26.4845], [92.331, 26.4845], [92.331, 26.48975], [92.32583333333334, 26.48975]]]}, "properties": {"class_value": 1, "class_name": "Stable"}}, {"type": "Feature", "geometry": {"type": "Polygon", "coordinates": [[[92.517, 26.48975], [92.517, 26.4845], [92.52216666666666, 26.4845], [92.52216666666666, 26.48975], [92.517, 26.48975]]]}, "properties": {"class_value": 1, "class_name": "Stable"}}, {"type": "Feature", "geometry": {"type": "Polygon", "coordinates": [[[92.55833333333334, 26.48975], [92.55833333333334, 26.4845], [92.56349999999999, 26.4845], [92.56349999999999, 26.48975], [92.55833333333334, 26.48975]]]}, "properties": {"class_value": 1, "class_name": "Stable"}}, {"type": "Feature", "geometry": {"type": "Polygon", "coordinates": [[[92.83733333333333, 26.48975], [92.83733333333333, 26.4845], [92.8425, 26.4845], [92.8425, 26.48975], [92.83733333333333, 26.48975]]]}, "properties": {"class_value": 1, "class_name": "Stable"}}, {"type": "Feature", "geometry": {"type": "Polygon", "coordinates": [[[92.9665, 26.48975], [92.9665, 26.4845], [92.97166666666666, 26.4845], [92.97166666666666, 26.48975], [92.9665, 26.48975]]]}, "properties": {"class_value": 1, "class_name": "Stable"}}, {"type": "Feature", "geometry": {"type": "Polygon", "coordinates": [[[93.02333333333333, 26.48975], [93.02333333333333, 26.4845], [93.0285, 26.4845], [93.0285, 26.48975], [93.02333333333333, 26.48975]]]}, "properties": {"class_value": 1, "class_name": "Stable"}}, {"type": "Feature", "geometry": {"type": "Polygon", "coordinates": [[[93.08533333333332, 26.48975], [93.08533333333332, 26.4845], [93.09049999999999, 26.4845], [93.09049999999999, 26.48975], [93.08533333333332, 26.48975]]]}, "properties": {"class_value": 1, "class_name": "Stable"}}, {"type": "Feature", "geometry": {"type": "Polygon", "coordinates": [[[93.1215, 26.48975], [93.1215, 26.4845], [93.12666666666667, 26.4845], [93.12666666666667, 26.48975], [93.1215, 26.48975]]]}, "properties": {"class_value": 1, "class_name": "Stable"}}, {"type": "Feature", "geometry": {"type": "Polygon", "coordinates": [[[93.16283333333332, 26.48975], [93.16283333333332, 26.4845], [93.16799999999999, 26.4845], [93.16799999999999, 26.48975], [93.16283333333332, 26.48975]]]}, "properties": {"class_value": 1, "class_name": "Stable"}}, {"type": "Feature", "geometry": {"type": "Polygon", "coordinates": [[[93.23, 26.48975], [93.23, 26.4845], [93.23516666666666, 26.4845], [93.23516666666666, 26.48975], [93.23, 26.48975]]]}, "properties": {"class_value": 1, "class_name": "Stable"}}, {"type": "Feature", "geometry": {"type": "Polygon", "coordinates": [[[93.31266666666666, 26.48975], [93.31266666666666, 26.4845], [93.31783333333333, 26.4845], [93.31783333333333, 26.48975], [93.31266666666666, 26.48975]]]}, "properties": {"class_value": 1, "class_name": "Stable"}}, {"type": "Feature", "geometry": {"type": "Polygon", "coordinates": [[[93.33333333333333, 26.48975], [93.33333333333333, 26.4845], [93.3385, 26.4845], [93.3385, 26.48975], [93.33333333333333, 26.48975]]]}, "properties": {"class_value": 1, "class_name": "Stable"}}, {"type": "Feature", "geometry": {"type": "Polygon", "coordinates": [[[93.36433333333333, 26.48975], [93.36433333333333, 26.4845], [93.3695, 26.4845], [93.3695, 26.48975], [93.36433333333333, 26.48975]]]}, "properties": {"class_value": 1, "class_name": "Stable"}}, {"type": "Feature", "geometry": {"type": "Polygon", "coordinates": [[[93.4315, 26.48975], [93.4315, 26.4845], [93.43666666666667, 26.4845], [93.43666666666667, 26.48975], [93.4315, 26.48975]]]}, "properties": {"class_value": 1, "class_name": "Stable"}}, {"type": "Feature", "geometry": {"type": "Polygon", "coordinates": [[[93.49866666666667, 26.48975], [93.49866666666667, 26.4845], [93.50383333333333, 26.4845], [93.50383333333333, 26.48975], [93.49866666666667, 26.48975]]]}, "properties": {"class_value": 1, "class_name": "Stable"}}, {"type": "Feature", "geometry": {"type": "Polygon", "coordinates": [[[93.571, 26.48975], [93.571, 26.4845], [93.57616666666667, 26.4845], [93.57616666666667, 26.48975], [93.571, 26.48975]]]}, "properties": {"class_value": 1, "class_name": "Stable"}}, {"type": "Feature", "geometry": {"type": "Polygon", "coordinates": [[[93.84483333333333, 26.48975], [93.84483333333333, 26.4845], [93.85, 26.4845], [93.85, 26.48975], [93.84483333333333, 26.48975]]]}, "properties": {"class_value": 1, "class_name": "Stable"}}, {"type": "Feature", "geometry": {"type": "Polygon", "coordinates": [[[93.633, 26.48975], [93.633, 26.47925], [93.63816666666666, 26.47925], [93.63816666666666, 26.48975], [93.633, 26.48975]]]}, "properties": {"class_value": 1, "class_name": "Stable"}}, {"type": "Feature", "geometry": {"type": "Polygon", "coordinates": [[[92.455, 26.4845], [92.455, 26.47925], [92.46016666666667, 26.47925], [92.46016666666667, 26.4845], [92.455, 26.4845]]]}, "properties": {"class_value": 1, "class_name": "Stable"}}, {"type": "Feature", "geometry": {"type": "Polygon", "coordinates": [[[92.63583333333332, 26.4845], [92.63583333333332, 26.47925], [92.64099999999999, 26.47925], [92.64099999999999, 26.4845], [92.63583333333332, 26.4845]]]}, "properties": {"class_value": 1, "class_name": "Stable"}}, {"type": "Feature", "geometry": {"type": "Polygon", "coordinates": [[[92.74433333333333, 26.4845], [92.74433333333333, 26.47925], [92.7495, 26.47925], [92.7495, 26.4845], [92.74433333333333, 26.4845]]]}, "properties": {"class_value": 1, "class_name": "Stable"}}, {"type": "Feature", "geometry": {"type": "Polygon", "coordinates": [[[92.85283333333334, 26.4845], [92.85283333333334, 26.47925], [92.858, 26.47925], [92.858, 26.4845], [92.85283333333334, 26.4845]]]}, "properties": {"class_value": 1, "class_name": "Stable"}}, {"type": "Feature", "geometry": {"type": "Polygon", "coordinates": [[[92.92516666666667, 26.4845], [92.92516666666667, 26.47925], [92.94583333333333, 26.47925], [92.94583333333333, 26.4845], [92.92516666666667, 26.4845]]]}, "properties": {"class_value": 1, "class_name": "Stable"}}, {"type": "Feature", "geometry": {"type": "Polygon", "coordinates": [[[93.15766666666666, 26.4845], [93.15766666666666, 26.47925], [93.16283333333332, 26.47925], [93.16283333333332, 26.4845], [93.15766666666666, 26.4845]]]}, "properties": {"class_value": 1, "class_name": "Stable"}}, {"type": "Feature", "geometry": {"type": "Polygon", "coordinates": [[[93.25066666666666, 26.4845], [93.25066666666666, 26.47925], [93.25583333333333, 26.47925], [93.25583333333333, 26.4845], [93.25066666666666, 26.4845]]]}, "properties": {"class_value": 5, "class_name": "Uncertain / Other"}}, {"type": "Feature", "geometry": {"type": "Polygon", "coordinates": [[[93.46766666666666, 26.4845], [93.46766666666666, 26.47925], [93.47283333333333, 26.47925], [93.47283333333333, 26.4845], [93.46766666666666, 26.4845]]]}, "properties": {"class_value": 1, "class_name": "Stable"}}, {"type": "Feature", "geometry": {"type": "Polygon", "coordinates": [[[93.50383333333333, 26.4845], [93.50383333333333, 26.47925], [93.509, 26.47925], [93.509, 26.4845], [93.50383333333333, 26.4845]]]}, "properties": {"class_value": 1, "class_name": "Stable"}}, {"type": "Feature", "geometry": {"type": "Polygon", "coordinates": [[[93.60716666666666, 26.4845], [93.60716666666666, 26.47925], [93.61233333333332, 26.47925], [93.61233333333332, 26.4845], [93.60716666666666, 26.4845]]]}, "properties": {"class_value": 1, "class_name": "Stable"}}, {"type": "Feature", "geometry": {"type": "Polygon", "coordinates": [[[93.67949999999999, 26.4845], [93.67949999999999, 26.47925], [93.68466666666666, 26.47925], [93.68466666666666, 26.4845], [93.67949999999999, 26.4845]]]}, "properties": {"class_value": 1, "class_name": "Stable"}}, {"type": "Feature", "geometry": {"type": "Polygon", "coordinates": [[[92.32583333333334, 26.47925], [92.32583333333334, 26.474], [92.331, 26.474], [92.331, 26.47925], [92.32583333333334, 26.47925]]]}, "properties": {"class_value": 1, "class_name": "Stable"}}, {"type": "Feature", "geometry": {"type": "Polygon", "coordinates": [[[92.38266666666667, 26.47925], [92.38266666666667, 26.474], [92.38783333333333, 26.474], [92.38783333333333, 26.47925], [92.38266666666667, 26.47925]]]}, "properties": {"class_value": 1, "class_name": "Stable"}}, {"type": "Feature", "geometry": {"type": "Polygon", "coordinates": [[[92.51183333333333, 26.47925], [92.51183333333333, 26.474], [92.517, 26.474], [92.517, 26.47925], [92.51183333333333, 26.47925]]]}, "properties": {"class_value": 1, "class_name": "Stable"}}, {"type": "Feature", "geometry": {"type": "Polygon", "coordinates": [[[92.81666666666666, 26.47925], [92.81666666666666, 26.474], [92.82183333333333, 26.474], [92.82183333333333, 26.47925], [92.81666666666666, 26.47925]]]}, "properties": {"class_value": 1, "class_name": "Stable"}}, {"type": "Feature", "geometry": {"type": "Polygon", "coordinates": [[[92.87866666666666, 26.47925], [92.87866666666666, 26.474], [92.889, 26.474], [92.889, 26.47925], [92.87866666666666, 26.47925]]]}, "properties": {"class_value": 1, "class_name": "Stable"}}, {"type": "Feature", "geometry": {"type": "Polygon", "coordinates": [[[92.89933333333333, 26.47925], [92.89933333333333, 26.474], [92.9045, 26.474], [92.9045, 26.47925], [92.89933333333333, 26.47925]]]}, "properties": {"class_value": 1, "class_name": "Stable"}}, {"type": "Feature", "geometry": {"type": "Polygon", "coordinates": [[[93.02333333333333, 26.47925], [93.02333333333333, 26.474], [93.0285, 26.474], [93.0285, 26.47925], [93.02333333333333, 26.47925]]]}, "properties": {"class_value": 1, "class_name": "Stable"}}, {"type": "Feature", "geometry": {"type": "Polygon", "coordinates": [[[93.09566666666666, 26.47925], [93.09566666666666, 26.474], [93.10083333333333, 26.474], [93.10083333333333, 26.47925], [93.09566666666666, 26.47925]]]}, "properties": {"class_value": 1, "class_name": "Stable"}}, {"type": "Feature", "geometry": {"type": "Polygon", "coordinates": [[[93.11116666666666, 26.47925], [93.11116666666666, 26.474], [93.11633333333333, 26.474], [93.11633333333333, 26.47925], [93.11116666666666, 26.47925]]]}, "properties": {"class_value": 5, "class_name": "Uncertain / Other"}}, {"type": "Feature", "geometry": {"type": "Polygon", "coordinates": [[[93.199, 26.47925], [93.199, 26.474], [93.20416666666667, 26.474], [93.20416666666667, 26.47925], [93.199, 26.47925]]]}, "properties": {"class_value": 1, "class_name": "Stable"}}, {"type": "Feature", "geometry": {"type": "Polygon", "coordinates": [[[93.25066666666666, 26.47925], [93.25066666666666, 26.474], [93.25583333333333, 26.474], [93.25583333333333, 26.47925], [93.25066666666666, 26.47925]]]}, "properties": {"class_value": 1, "class_name": "Stable"}}, {"type": "Feature", "geometry": {"type": "Polygon", "coordinates": [[[93.30749999999999, 26.47925], [93.30749999999999, 26.474], [93.31266666666666, 26.474], [93.31266666666666, 26.47925], [93.30749999999999, 26.47925]]]}, "properties": {"class_value": 1, "class_name": "Stable"}}, {"type": "Feature", "geometry": {"type": "Polygon", "coordinates": [[[93.31783333333333, 26.47925], [93.31783333333333, 26.474], [93.323, 26.474], [93.323, 26.47925], [93.31783333333333, 26.47925]]]}, "properties": {"class_value": 1, "class_name": "Stable"}}, {"type": "Feature", "geometry": {"type": "Polygon", "coordinates": [[[93.38499999999999, 26.47925], [93.38499999999999, 26.474], [93.39016666666666, 26.474], [93.39016666666666, 26.47925], [93.38499999999999, 26.47925]]]}, "properties": {"class_value": 1, "class_name": "Stable"}}, {"type": "Feature", "geometry": {"type": "Polygon", "coordinates": [[[93.1835, 26.47925], [93.1835, 26.46875], [93.18866666666666, 26.46875], [93.18866666666666, 26.47925], [93.1835, 26.47925]]]}, "properties": {"class_value": 1, "class_name": "Stable"}}, {"type": "Feature", "geometry": {"type": "Polygon", "coordinates": [[[92.39816666666667, 26.474], [92.39816666666667, 26.46875], [92.40333333333334, 26.46875], [92.40333333333334, 26.474], [92.39816666666667, 26.474]]]}, "properties": {"class_value": 1, "class_name": "Stable"}}, {"type": "Feature", "geometry": {"type": "Polygon", "coordinates": [[[92.56349999999999, 26.474], [92.56349999999999, 26.46875], [92.56866666666666, 26.46875], [92.56866666666666, 26.474], [92.56349999999999, 26.474]]]}, "properties": {"class_value": 1, "class_name": "Stable"}}, {"type": "Feature", "geometry": {"type": "Polygon", "coordinates": [[[92.60483333333333, 26.474], [92.60483333333333, 26.46875], [92.61, 26.46875], [92.61, 26.474], [92.60483333333333, 26.474]]]}, "properties": {"class_value": 1, "class_name": "Stable"}}, {"type": "Feature", "geometry": {"type": "Polygon", "coordinates": [[[92.65133333333333, 26.474], [92.65133333333333, 26.46875], [92.6565, 26.46875], [92.6565, 26.474], [92.65133333333333, 26.474]]]}, "properties": {"class_value": 1, "class_name": "Stable"}}, {"type": "Feature", "geometry": {"type": "Polygon", "coordinates": [[[92.734, 26.474], [92.734, 26.46875], [92.73916666666666, 26.46875], [92.73916666666666, 26.474], [92.734, 26.474]]]}, "properties": {"class_value": 1, "class_name": "Stable"}}, {"type": "Feature", "geometry": {"type": "Polygon", "coordinates": [[[92.74433333333333, 26.474], [92.74433333333333, 26.46875], [92.7495, 26.46875], [92.7495, 26.474], [92.74433333333333, 26.474]]]}, "properties": {"class_value": 1, "class_name": "Stable"}}, {"type": "Feature", "geometry": {"type": "Polygon", "coordinates": [[[92.765, 26.474], [92.765, 26.46875], [92.77016666666667, 26.46875], [92.77016666666667, 26.474], [92.765, 26.474]]]}, "properties": {"class_value": 1, "class_name": "Stable"}}, {"type": "Feature", "geometry": {"type": "Polygon", "coordinates": [[[92.80116666666666, 26.474], [92.80116666666666, 26.46875], [92.80633333333333, 26.46875], [92.80633333333333, 26.474], [92.80116666666666, 26.474]]]}, "properties": {"class_value": 1, "class_name": "Stable"}}, {"type": "Feature", "geometry": {"type": "Polygon", "coordinates": [[[92.90966666666667, 26.474], [92.90966666666667, 26.46875], [92.91483333333333, 26.46875], [92.91483333333333, 26.474], [92.90966666666667, 26.474]]]}, "properties": {"class_value": 1, "class_name": "Stable"}}, {"type": "Feature", "geometry": {"type": "Polygon", "coordinates": [[[92.93033333333334, 26.474], [92.93033333333334, 26.46875], [92.93549999999999, 26.46875], [92.93549999999999, 26.474], [92.93033333333334, 26.474]]]}, "properties": {"class_value": 1, "class_name": "Stable"}}, {"type": "Feature", "geometry": {"type": "Polygon", "coordinates": [[[93.106, 26.474], [93.106, 26.46875], [93.11116666666666, 26.46875], [93.11116666666666, 26.474], [93.106, 26.474]]]}, "properties": {"class_value": 1, "class_name": "Stable"}}, {"type": "Feature", "geometry": {"type": "Polygon", "coordinates": [[[93.11633333333333, 26.474], [93.11633333333333, 26.46875], [93.1215, 26.46875], [93.1215, 26.474], [93.11633333333333, 26.474]]]}, "properties": {"class_value": 1, "class_name": "Stable"}}, {"type": "Feature", "geometry": {"type": "Polygon", "coordinates": [[[93.21966666666667, 26.474], [93.21966666666667, 26.46875], [93.22483333333334, 26.46875], [93.22483333333334, 26.474], [93.21966666666667, 26.474]]]}, "properties": {"class_value": 1, "class_name": "Stable"}}, {"type": "Feature", "geometry": {"type": "Polygon", "coordinates": [[[93.261, 26.474], [93.261, 26.46875], [93.26616666666666, 26.46875], [93.26616666666666, 26.474], [93.261, 26.474]]]}, "properties": {"class_value": 1, "class_name": "Stable"}}, {"type": "Feature", "geometry": {"type": "Polygon", "coordinates": [[[93.3695, 26.474], [93.3695, 26.46875], [93.37466666666667, 26.46875], [93.37466666666667, 26.474], [93.3695, 26.474]]]}, "properties": {"class_value": 1, "class_name": "Stable"}}, {"type": "Feature", "geometry": {"type": "Polygon", "coordinates": [[[93.57616666666667, 26.474], [93.57616666666667, 26.46875], [93.58133333333333, 26.46875], [93.58133333333333, 26.474], [93.57616666666667, 26.474]]]}, "properties": {"class_value": 1, "class_name": "Stable"}}, {"type": "Feature", "geometry": {"type": "Polygon", "coordinates": [[[93.76216666666666, 26.474], [93.76216666666666, 26.46875], [93.76733333333333, 26.46875], [93.76733333333333, 26.474], [93.76216666666666, 26.474]]]}, "properties": {"class_value": 1, "class_name": "Stable"}}, {"type": "Feature", "geometry": {"type": "Polygon", "coordinates": [[[93.79316666666666, 26.474], [93.79316666666666, 26.46875], [93.79833333333333, 26.46875], [93.79833333333333, 26.474], [93.79316666666666, 26.474]]]}, "properties": {"class_value": 1, "class_name": "Stable"}}, {"type": "Feature", "geometry": {"type": "Polygon", "coordinates": [[[92.5945, 26.474], [92.5945, 26.4635], [92.59966666666666, 26.4635], [92.59966666666666, 26.474], [92.5945, 26.474]]]}, "properties": {"class_value": 1, "class_name": "Stable"}}, {"type": "Feature", "geometry": {"type": "Polygon", "coordinates": [[[92.64616666666666, 26.46875], [92.64616666666666, 26.4635], [92.65133333333333, 26.4635], [92.65133333333333, 26.46875], [92.64616666666666, 26.46875]]]}, "properties": {"class_value": 1, "class_name": "Stable"}}, {"type": "Feature", "geometry": {"type": "Polygon", "coordinates": [[[92.83733333333333, 26.46875], [92.83733333333333, 26.4635], [92.8425, 26.4635], [92.8425, 26.46875], [92.83733333333333, 26.46875]]]}, "properties": {"class_value": 1, "class_name": "Stable"}}, {"type": "Feature", "geometry": {"type": "Polygon", "coordinates": [[[92.89416666666666, 26.46875], [92.89416666666666, 26.4635], [92.89933333333333, 26.4635], [92.89933333333333, 26.46875], [92.89416666666666, 26.46875]]]}, "properties": {"class_value": 1, "class_name": "Stable"}}, {"type": "Feature", "geometry": {"type": "Polygon", "coordinates": [[[92.951, 26.46875], [92.951, 26.4635], [92.95616666666666, 26.4635], [92.95616666666666, 26.46875], [92.951, 26.46875]]]}, "properties": {"class_value": 1, "class_name": "Stable"}}, {"type": "Feature", "geometry": {"type": "Polygon", "coordinates": [[[92.98716666666667, 26.46875], [92.98716666666667, 26.4635], [92.99233333333333, 26.4635], [92.99233333333333, 26.46875], [92.98716666666667, 26.46875]]]}, "properties": {"class_value": 1, "class_name": "Stable"}}, {"type": "Feature", "geometry": {"type": "Polygon", "coordinates": [[[93.01299999999999, 26.46875], [93.01299999999999, 26.4635], [93.01816666666666, 26.4635], [93.01816666666666, 26.46875], [93.01299999999999, 26.46875]]]}, "properties": {"class_value": 1, "class_name": "Stable"}}, {"type": "Feature", "geometry": {"type": "Polygon", "coordinates": [[[93.08016666666667, 26.46875], [93.08016666666667, 26.4635], [93.08533333333332, 26.4635], [93.08533333333332, 26.46875], [93.08016666666667, 26.46875]]]}, "properties": {"class_value": 1, "class_name": "Stable"}}, {"type": "Feature", "geometry": {"type": "Polygon", "coordinates": [[[93.10083333333333, 26.46875], [93.10083333333333, 26.4635], [93.106, 26.4635], [93.106, 26.46875], [93.10083333333333, 26.46875]]]}, "properties": {"class_value": 1, "class_name": "Stable"}}, {"type": "Feature", "geometry": {"type": "Polygon", "coordinates": [[[93.17316666666666, 26.46875], [93.17316666666666, 26.4635], [93.17833333333333, 26.4635], [93.17833333333333, 26.46875], [93.17316666666666, 26.46875]]]}, "properties": {"class_value": 1, "class_name": "Stable"}}, {"type": "Feature", "geometry": {"type": "Polygon", "coordinates": [[[93.25066666666666, 26.46875], [93.25066666666666, 26.4635], [93.25583333333333, 26.4635], [93.25583333333333, 26.46875], [93.25066666666666, 26.46875]]]}, "properties": {"class_value": 1, "class_name": "Stable"}}, {"type": "Feature", "geometry": {"type": "Polygon", "coordinates": [[[93.354, 26.46875], [93.354, 26.4635], [93.35916666666667, 26.4635], [93.35916666666667, 26.46875], [93.354, 26.46875]]]}, "properties": {"class_value": 1, "class_name": "Stable"}}, {"type": "Feature", "geometry": {"type": "Polygon", "coordinates": [[[93.57616666666667, 26.46875], [93.57616666666667, 26.4635], [93.58133333333333, 26.4635], [93.58133333333333, 26.46875], [93.57616666666667, 26.46875]]]}, "properties": {"class_value": 2, "class_name": "Degrading"}}, {"type": "Feature", "geometry": {"type": "Polygon", "coordinates": [[[93.6485, 26.46875], [93.6485, 26.4635], [93.65366666666667, 26.4635], [93.65366666666667, 26.46875], [93.6485, 26.46875]]]}, "properties": {"class_value": 1, "class_name": "Stable"}}, {"type": "Feature", "geometry": {"type": "Polygon", "coordinates": [[[93.7725, 26.46875], [93.7725, 26.4635], [93.77766666666666, 26.4635], [93.77766666666666, 26.46875], [93.7725, 26.46875]]]}, "properties": {"class_value": 1, "class_name": "Stable"}}, {"type": "Feature", "geometry": {"type": "Polygon", "coordinates": [[[93.8035, 26.46875], [93.8035, 26.4635], [93.80866666666667, 26.4635], [93.80866666666667, 26.46875], [93.8035, 26.46875]]]}, "properties": {"class_value": 1, "class_name": "Stable"}}, {"type": "Feature", "geometry": {"type": "Polygon", "coordinates": [[[92.331, 26.4635], [92.331, 26.458250000000003], [92.33616666666667, 26.458250000000003], [92.33616666666667, 26.4635], [92.331, 26.4635]]]}, "properties": {"class_value": 1, "class_name": "Stable"}}, {"type": "Feature", "geometry": {"type": "Polygon", "coordinates": [[[92.35166666666666, 26.4635], [92.35166666666666, 26.458250000000003], [92.35683333333333, 26.458250000000003], [92.35683333333333, 26.4635], [92.35166666666666, 26.4635]]]}, "properties": {"class_value": 1, "class_name": "Stable"}}, {"type": "Feature", "geometry": {"type": "Polygon", "coordinates": [[[92.49116666666666, 26.4635], [92.49116666666666, 26.458250000000003], [92.49633333333333, 26.458250000000003], [92.49633333333333, 26.4635], [92.49116666666666, 26.4635]]]}, "properties": {"class_value": 1, "class_name": "Stable"}}, {"type": "Feature", "geometry": {"type": "Polygon", "coordinates": [[[92.579, 26.4635], [92.579, 26.458250000000003], [92.58416666666666, 26.458250000000003], [92.58416666666666, 26.4635], [92.579, 26.4635]]]}, "properties": {"class_value": 1, "class_name": "Stable"}}, {"type": "Feature", "geometry": {"type": "Polygon", "coordinates": [[[92.68233333333333, 26.4635], [92.68233333333333, 26.458250000000003], [92.6875, 26.458250000000003], [92.6875, 26.4635], [92.68233333333333, 26.4635]]]}, "properties": {"class_value": 1, "class_name": "Stable"}}, {"type": "Feature", "geometry": {"type": "Polygon", "coordinates": [[[92.84766666666667, 26.4635], [92.84766666666667, 26.458250000000003], [92.85283333333334, 26.458250000000003], [92.85283333333334, 26.4635], [92.84766666666667, 26.4635]]]}, "properties": {"class_value": 1, "class_name": "Stable"}}, {"type": "Feature", "geometry": {"type": "Polygon", "coordinates": [[[92.90966666666667, 26.4635], [92.90966666666667, 26.458250000000003], [92.91483333333333, 26.458250000000003], [92.91483333333333, 26.4635], [92.90966666666667, 26.4635]]]}, "properties": {"class_value": 1, "class_name": "Stable"}}, {"type": "Feature", "geometry": {"type": "Polygon", "coordinates": [[[93.1835, 26.4635], [93.1835, 26.458250000000003], [93.18866666666666, 26.458250000000003], [93.18866666666666, 26.4635], [93.1835, 26.4635]]]}, "properties": {"class_value": 1, "class_name": "Stable"}}, {"type": "Feature", "geometry": {"type": "Polygon", "coordinates": [[[93.28683333333333, 26.4635], [93.28683333333333, 26.458250000000003], [93.292, 26.458250000000003], [93.292, 26.4635], [93.28683333333333, 26.4635]]]}, "properties": {"class_value": 1, "class_name": "Stable"}}, {"type": "Feature", "geometry": {"type": "Polygon", "coordinates": [[[93.30233333333334, 26.4635], [93.30233333333334, 26.458250000000003], [93.31266666666666, 26.458250000000003], [93.31266666666666, 26.4635], [93.30233333333334, 26.4635]]]}, "properties": {"class_value": 1, "class_name": "Stable"}}, {"type": "Feature", "geometry": {"type": "Polygon", "coordinates": [[[93.40566666666666, 26.4635], [93.40566666666666, 26.458250000000003], [93.41083333333333, 26.458250000000003], [93.41083333333333, 26.4635], [93.40566666666666, 26.4635]]]}, "properties": {"class_value": 1, "class_name": "Stable"}}, {"type": "Feature", "geometry": {"type": "Polygon", "coordinates": [[[93.46249999999999, 26.4635], [93.46249999999999, 26.458250000000003], [93.46766666666666, 26.458250000000003], [93.46766666666666, 26.4635], [93.46249999999999, 26.4635]]]}, "properties": {"class_value": 5, "class_name": "Uncertain / Other"}}, {"type": "Feature", "geometry": {"type": "Polygon", "coordinates": [[[93.47283333333333, 26.4635], [93.47283333333333, 26.458250000000003], [93.478, 26.458250000000003], [93.478, 26.4635], [93.47283333333333, 26.4635]]]}, "properties": {"class_value": 1, "class_name": "Stable"}}, {"type": "Feature", "geometry": {"type": "Polygon", "coordinates": [[[93.75183333333334, 26.4635], [93.75183333333334, 26.458250000000003], [93.75699999999999, 26.458250000000003], [93.75699999999999, 26.4635], [93.75183333333334, 26.4635]]]}, "properties": {"class_value": 1, "class_name": "Stable"}}, {"type": "Feature", "geometry": {"type": "Polygon", "coordinates": [[[92.703, 26.474], [92.703, 26.453000000000003], [92.70816666666667, 26.453000000000003], [92.70816666666667, 26.458250000000003], [92.71333333333332, 26.458250000000003], [92.71333333333332, 26.4635], [92.70816666666667, 26.4635], [92.70816666666667, 26.474], [92.703, 26.474]]]}, "properties": {"class_value": 1, "class_name": "Stable"}}, {"type": "Feature", "geometry": {"type": "Polygon", "coordinates": [[[93.7415, 26.4635], [93.7415, 26.453000000000003], [93.74666666666667, 26.453000000000003], [93.74666666666667, 26.4635], [93.7415, 26.4635]]]}, "properties": {"class_value": 1, "class_name": "Stable"}}, {"type": "Feature", "geometry": {"type": "Polygon", "coordinates": [[[92.55833333333334, 26.458250000000003], [92.55833333333334, 26.453000000000003], [92.56349999999999, 26.453000000000003], [92.56349999999999, 26.458250000000003], [92.55833333333334, 26.458250000000003]]]}, "properties": {"class_value": 1, "class_name": "Stable"}}, {"type": "Feature", "geometry": {"type": "Polygon", "coordinates": [[[92.98716666666667, 26.458250000000003], [92.98716666666667, 26.453000000000003], [92.99233333333333, 26.453000000000003], [92.99233333333333, 26.458250000000003], [92.98716666666667, 26.458250000000003]]]}, "properties": {"class_value": 1, "class_name": "Stable"}}, {"type": "Feature", "geometry": {"type": "Polygon", "coordinates": [[[93.0595, 26.458250000000003], [93.0595, 26.453000000000003], [93.06466666666667, 26.453000000000003], [93.06466666666667, 26.458250000000003], [93.0595, 26.458250000000003]]]}, "properties": {"class_value": 1, "class_name": "Stable"}}, {"type": "Feature", "geometry": {"type": "Polygon", "coordinates": [[[93.27133333333333, 26.458250000000003], [93.27133333333333, 26.453000000000003], [93.2765, 26.453000000000003], [93.2765, 26.458250000000003], [93.27133333333333, 26.458250000000003]]]}, "properties": {"class_value": 2, "class_name": "Degrading"}}, {"type": "Feature", "geometry": {"type": "Polygon", "coordinates": [[[93.32816666666666, 26.458250000000003], [93.32816666666666, 26.453000000000003], [93.33333333333333, 26.453000000000003], [93.33333333333333, 26.458250000000003], [93.32816666666666, 26.458250000000003]]]}, "properties": {"class_value": 1, "class_name": "Stable"}}, {"type": "Feature", "geometry": {"type": "Polygon", "coordinates": [[[93.34883333333333, 26.458250000000003], [93.34883333333333, 26.453000000000003], [93.354, 26.453000000000003], [93.354, 26.458250000000003], [93.34883333333333, 26.458250000000003]]]}, "properties": {"class_value": 1, "class_name": "Stable"}}, {"type": "Feature", "geometry": {"type": "Polygon", "coordinates": [[[93.54516666666666, 26.458250000000003], [93.54516666666666, 26.453000000000003], [93.55033333333333, 26.453000000000003], [93.55033333333333, 26.458250000000003], [93.54516666666666, 26.458250000000003]]]}, "properties": {"class_value": 1, "class_name": "Stable"}}, {"type": "Feature", "geometry": {"type": "Polygon", "coordinates": [[[93.61749999999999, 26.458250000000003], [93.61749999999999, 26.453000000000003], [93.62266666666666, 26.453000000000003], [93.62266666666666, 26.458250000000003], [93.61749999999999, 26.458250000000003]]]}, "properties": {"class_value": 1, "class_name": "Stable"}}, {"type": "Feature", "geometry": {"type": "Polygon", "coordinates": [[[93.70016666666666, 26.458250000000003], [93.70016666666666, 26.453000000000003], [93.7105, 26.453000000000003], [93.7105, 26.458250000000003], [93.70016666666666, 26.458250000000003]]]}, "properties": {"class_value": 1, "class_name": "Stable"}}, {"type": "Feature", "geometry": {"type": "Polygon", "coordinates": [[[93.8035, 26.458250000000003], [93.8035, 26.453000000000003], [93.80866666666667, 26.453000000000003], [93.80866666666667, 26.458250000000003], [93.8035, 26.458250000000003]]]}, "properties": {"class_value": 5, "class_name": "Uncertain / Other"}}, {"type": "Feature", "geometry": {"type": "Polygon", "coordinates": [[[93.19383333333333, 26.458250000000003], [93.19383333333333, 26.447750000000003], [93.199, 26.447750000000003], [93.199, 26.458250000000003], [93.19383333333333, 26.458250000000003]]]}, "properties": {"class_value": 1, "class_name": "Stable"}}, {"type": "Feature", "geometry": {"type": "Polygon", "coordinates": [[[93.72083333333333, 26.458250000000003], [93.72083333333333, 26.447750000000003], [93.726, 26.447750000000003], [93.726, 26.458250000000003], [93.72083333333333, 26.458250000000003]]]}, "properties": {"class_value": 1, "class_name": "Stable"}}, {"type": "Feature", "geometry": {"type": "Polygon", "coordinates": [[[92.44983333333333, 26.453000000000003], [92.44983333333333, 26.447750000000003], [92.455, 26.447750000000003], [92.455, 26.453000000000003], [92.44983333333333, 26.453000000000003]]]}, "properties": {"class_value": 1, "class_name": "Stable"}}, {"type": "Feature", "geometry": {"type": "Polygon", "coordinates": [[[92.62033333333333, 26.453000000000003], [92.62033333333333, 26.447750000000003], [92.6255, 26.447750000000003], [92.6255, 26.453000000000003], [92.62033333333333, 26.453000000000003]]]}, "properties": {"class_value": 1, "class_name": "Stable"}}, {"type": "Feature", "geometry": {"type": "Polygon", "coordinates": [[[92.6565, 26.453000000000003], [92.6565, 26.447750000000003], [92.66166666666666, 26.447750000000003], [92.66166666666666, 26.453000000000003], [92.6565, 26.453000000000003]]]}, "properties": {"class_value": 1, "class_name": "Stable"}}, {"type": "Feature", "geometry": {"type": "Polygon", "coordinates": [[[92.6875, 26.453000000000003], [92.6875, 26.447750000000003], [92.69266666666667, 26.447750000000003], [92.69266666666667, 26.453000000000003], [92.6875, 26.453000000000003]]]}, "properties": {"class_value": 1, "class_name": "Stable"}}, {"type": "Feature", "geometry": {"type": "Polygon", "coordinates": [[[92.74433333333333, 26.453000000000003], [92.74433333333333, 26.447750000000003], [92.7495, 26.447750000000003], [92.7495, 26.453000000000003], [92.74433333333333, 26.453000000000003]]]}, "properties": {"class_value": 2, "class_name": "Degrading"}}, {"type": "Feature", "geometry": {"type": "Polygon", "coordinates": [[[92.765, 26.453000000000003], [92.765, 26.447750000000003], [92.77016666666667, 26.447750000000003], [92.77016666666667, 26.453000000000003], [92.765, 26.453000000000003]]]}, "properties": {"class_value": 1, "class_name": "Stable"}}, {"type": "Feature", "geometry": {"type": "Polygon", "coordinates": [[[92.91483333333333, 26.453000000000003], [92.91483333333333, 26.447750000000003], [92.92, 26.447750000000003], [92.92, 26.453000000000003], [92.91483333333333, 26.453000000000003]]]}, "properties": {"class_value": 1, "class_name": "Stable"}}, {"type": "Feature", "geometry": {"type": "Polygon", "coordinates": [[[93.106, 26.453000000000003], [93.106, 26.447750000000003], [93.11116666666666, 26.447750000000003], [93.11116666666666, 26.453000000000003], [93.106, 26.453000000000003]]]}, "properties": {"class_value": 1, "class_name": "Stable"}}, {"type": "Feature", "geometry": {"type": "Polygon", "coordinates": [[[93.20416666666667, 26.453000000000003], [93.20416666666667, 26.447750000000003], [93.20933333333333, 26.447750000000003], [93.20933333333333, 26.453000000000003], [93.20416666666667, 26.453000000000003]]]}, "properties": {"class_value": 1, "class_name": "Stable"}}, {"type": "Feature", "geometry": {"type": "Polygon", "coordinates": [[[93.261, 26.453000000000003], [93.261, 26.447750000000003], [93.26616666666666, 26.447750000000003], [93.26616666666666, 26.453000000000003], [93.261, 26.453000000000003]]]}, "properties": {"class_value": 1, "class_name": "Stable"}}, {"type": "Feature", "geometry": {"type": "Polygon", "coordinates": [[[93.509, 26.453000000000003], [93.509, 26.447750000000003], [93.51416666666667, 26.447750000000003], [93.51416666666667, 26.453000000000003], [93.509, 26.453000000000003]]]}, "properties": {"class_value": 1, "class_name": "Stable"}}, {"type": "Feature", "geometry": {"type": "Polygon", "coordinates": [[[93.52966666666666, 26.453000000000003], [93.52966666666666, 26.447750000000003], [93.53483333333332, 26.447750000000003], [93.53483333333332, 26.453000000000003], [93.52966666666666, 26.453000000000003]]]}, "properties": {"class_value": 1, "class_name": "Stable"}}, {"type": "Feature", "geometry": {"type": "Polygon", "coordinates": [[[93.65366666666667, 26.453000000000003], [93.65366666666667, 26.447750000000003], [93.664, 26.447750000000003], [93.664, 26.453000000000003], [93.65366666666667, 26.453000000000003]]]}, "properties": {"class_value": 1, "class_name": "Stable"}}, {"type": "Feature", "geometry": {"type": "Polygon", "coordinates": [[[93.819, 26.453000000000003], [93.819, 26.447750000000003], [93.82416666666667, 26.447750000000003], [93.82416666666667, 26.453000000000003], [93.819, 26.453000000000003]]]}, "properties": {"class_value": 1, "class_name": "Stable"}}, {"type": "Feature", "geometry": {"type": "Polygon", "coordinates": [[[92.34133333333332, 26.447750000000003], [92.34133333333332, 26.442500000000003], [92.34649999999999, 26.442500000000003], [92.34649999999999, 26.447750000000003], [92.34133333333332, 26.447750000000003]]]}, "properties": {"class_value": 1, "class_name": "Stable"}}, {"type": "Feature", "geometry": {"type": "Polygon", "coordinates": [[[92.46016666666667, 26.447750000000003], [92.46016666666667, 26.442500000000003], [92.46533333333333, 26.442500000000003], [92.46533333333333, 26.447750000000003], [92.46016666666667, 26.447750000000003]]]}, "properties": {"class_value": 1, "class_name": "Stable"}}, {"type": "Feature", "geometry": {"type": "Polygon", "coordinates": [[[92.486, 26.447750000000003], [92.486, 26.442500000000003], [92.49116666666666, 26.442500000000003], [92.49116666666666, 26.447750000000003], [92.486, 26.447750000000003]]]}, "properties": {"class_value": 1, "class_name": "Stable"}}, {"type": "Feature", "geometry": {"type": "Polygon", "coordinates": [[[92.64616666666666, 26.447750000000003], [92.64616666666666, 26.442500000000003], [92.65133333333333, 26.442500000000003], [92.65133333333333, 26.447750000000003], [92.64616666666666, 26.447750000000003]]]}, "properties": {"class_value": 1, "class_name": "Stable"}}, {"type": "Feature", "geometry": {"type": "Polygon", "coordinates": [[[92.672, 26.447750000000003], [92.672, 26.442500000000003], [92.67716666666666, 26.442500000000003], [92.67716666666666, 26.447750000000003], [92.672, 26.447750000000003]]]}, "properties": {"class_value": 5, "class_name": "Uncertain / Other"}}, {"type": "Feature", "geometry": {"type": "Polygon", "coordinates": [[[92.80633333333333, 26.447750000000003], [92.80633333333333, 26.442500000000003], [92.8115, 26.442500000000003], [92.8115, 26.447750000000003], [92.80633333333333, 26.447750000000003]]]}, "properties": {"class_value": 1, "class_name": "Stable"}}, {"type": "Feature", "geometry": {"type": "Polygon", "coordinates": [[[92.94066666666666, 26.447750000000003], [92.94066666666666, 26.442500000000003], [92.94583333333333, 26.442500000000003], [92.94583333333333, 26.447750000000003], [92.94066666666666, 26.447750000000003]]]}, "properties": {"class_value": 1, "class_name": "Stable"}}, {"type": "Feature", "geometry": {"type": "Polygon", "coordinates": [[[92.98716666666667, 26.447750000000003], [92.98716666666667, 26.442500000000003], [92.99233333333333, 26.442500000000003], [92.99233333333333, 26.447750000000003], [92.98716666666667, 26.447750000000003]]]}, "properties": {"class_value": 1, "class_name": "Stable"}}, {"type": "Feature", "geometry": {"type": "Polygon", "coordinates": [[[93.11116666666666, 26.447750000000003], [93.11116666666666, 26.442500000000003], [93.11633333333333, 26.442500000000003], [93.11633333333333, 26.447750000000003], [93.11116666666666, 26.447750000000003]]]}, "properties": {"class_value": 1, "class_name": "Stable"}}, {"type": "Feature", "geometry": {"type": "Polygon", "coordinates": [[[93.14733333333334, 26.447750000000003], [93.14733333333334, 26.442500000000003], [93.1525, 26.442500000000003], [93.1525, 26.447750000000003], [93.14733333333334, 26.447750000000003]]]}, "properties": {"class_value": 5, "class_name": "Uncertain / Other"}}, {"type": "Feature", "geometry": {"type": "Polygon", "coordinates": [[[93.1835, 26.447750000000003], [93.1835, 26.442500000000003], [93.18866666666666, 26.442500000000003], [93.18866666666666, 26.447750000000003], [93.1835, 26.447750000000003]]]}, "properties": {"class_value": 1, "class_name": "Stable"}}, {"type": "Feature", "geometry": {"type": "Polygon", "coordinates": [[[93.199, 26.447750000000003], [93.199, 26.442500000000003], [93.20416666666667, 26.442500000000003], [93.20416666666667, 26.447750000000003], [93.199, 26.447750000000003]]]}, "properties": {"class_value": 1, "class_name": "Stable"}}, {"type": "Feature", "geometry": {"type": "Polygon", "coordinates": [[[93.24033333333333, 26.447750000000003], [93.24033333333333, 26.442500000000003], [93.24549999999999, 26.442500000000003], [93.24549999999999, 26.447750000000003], [93.24033333333333, 26.447750000000003]]]}, "properties": {"class_value": 1, "class_name": "Stable"}}, {"type": "Feature", "geometry": {"type": "Polygon", "coordinates": [[[93.30749999999999, 26.447750000000003], [93.30749999999999, 26.442500000000003], [93.31266666666666, 26.442500000000003], [93.31266666666666, 26.447750000000003], [93.30749999999999, 26.447750000000003]]]}, "properties": {"class_value": 1, "class_name": "Stable"}}, {"type": "Feature", "geometry": {"type": "Polygon", "coordinates": [[[93.38499999999999, 26.447750000000003], [93.38499999999999, 26.442500000000003], [93.39016666666666, 26.442500000000003], [93.39016666666666, 26.447750000000003], [93.38499999999999, 26.447750000000003]]]}, "properties": {"class_value": 1, "class_name": "Stable"}}, {"type": "Feature", "geometry": {"type": "Polygon", "coordinates": [[[93.73116666666667, 26.447750000000003], [93.73116666666667, 26.442500000000003], [93.73633333333333, 26.442500000000003], [93.73633333333333, 26.447750000000003], [93.73116666666667, 26.447750000000003]]]}, "properties": {"class_value": 1, "class_name": "Stable"}}, {"type": "Feature", "geometry": {"type": "Polygon", "coordinates": [[[93.81383333333333, 26.447750000000003], [93.81383333333333, 26.442500000000003], [93.819, 26.442500000000003], [93.819, 26.447750000000003], [93.81383333333333, 26.447750000000003]]]}, "properties": {"class_value": 1, "class_name": "Stable"}}, {"type": "Feature", "geometry": {"type": "Polygon", "coordinates": [[[93.84483333333333, 26.447750000000003], [93.84483333333333, 26.442500000000003], [93.85, 26.442500000000003], [93.85, 26.447750000000003], [93.84483333333333, 26.447750000000003]]]}, "properties": {"class_value": 1, "class_name": "Stable"}}, {"type": "Feature", "geometry": {"type": "Polygon", "coordinates": [[[92.58933333333333, 26.447750000000003], [92.58933333333333, 26.437250000000002], [92.5945, 26.437250000000002], [92.5945, 26.447750000000003], [92.58933333333333, 26.447750000000003]]]}, "properties": {"class_value": 1, "class_name": "Stable"}}, {"type": "Feature", "geometry": {"type": "Polygon", "coordinates": [[[92.548, 26.442500000000003], [92.548, 26.437250000000002], [92.55316666666667, 26.437250000000002], [92.55316666666667, 26.442500000000003], [92.548, 26.442500000000003]]]}, "properties": {"class_value": 1, "class_name": "Stable"}}, {"type": "Feature", "geometry": {"type": "Polygon", "coordinates": [[[92.56349999999999, 26.442500000000003], [92.56349999999999, 26.437250000000002], [92.56866666666666, 26.437250000000002], [92.56866666666666, 26.442500000000003], [92.56349999999999, 26.442500000000003]]]}, "properties": {"class_value": 1, "class_name": "Stable"}}, {"type": "Feature", "geometry": {"type": "Polygon", "coordinates": [[[92.72366666666666, 26.442500000000003], [92.72366666666666, 26.437250000000002], [92.72883333333333, 26.437250000000002], [92.72883333333333, 26.442500000000003], [92.72366666666666, 26.442500000000003]]]}, "properties": {"class_value": 1, "class_name": "Stable"}}, {"type": "Feature", "geometry": {"type": "Polygon", "coordinates": [[[92.858, 26.442500000000003], [92.858, 26.437250000000002], [92.86316666666666, 26.437250000000002], [92.86316666666666, 26.442500000000003], [92.858, 26.442500000000003]]]}, "properties": {"class_value": 1, "class_name": "Stable"}}, {"type": "Feature", "geometry": {"type": "Polygon", "coordinates": [[[92.87349999999999, 26.442500000000003], [92.87349999999999, 26.437250000000002], [92.87866666666666, 26.437250000000002], [92.87866666666666, 26.442500000000003], [92.87349999999999, 26.442500000000003]]]}, "properties": {"class_value": 1, "class_name": "Stable"}}, {"type": "Feature", "geometry": {"type": "Polygon", "coordinates": [[[92.9045, 26.442500000000003], [92.9045, 26.437250000000002], [92.90966666666667, 26.437250000000002], [92.90966666666667, 26.442500000000003], [92.9045, 26.442500000000003]]]}, "properties": {"class_value": 5, "class_name": "Uncertain / Other"}}, {"type": "Feature", "geometry": {"type": "Polygon", "coordinates": [[[92.90966666666667, 26.442500000000003], [92.90966666666667, 26.437250000000002], [92.91483333333333, 26.437250000000002], [92.91483333333333, 26.442500000000003], [92.90966666666667, 26.442500000000003]]]}, "properties": {"class_value": 1, "class_name": "Stable"}}, {"type": "Feature", "geometry": {"type": "Polygon", "coordinates": [[[92.99233333333333, 26.442500000000003], [92.99233333333333, 26.437250000000002], [92.9975, 26.437250000000002], [92.9975, 26.442500000000003], [92.99233333333333, 26.442500000000003]]]}, "properties": {"class_value": 1, "class_name": "Stable"}}, {"type": "Feature", "geometry": {"type": "Polygon", "coordinates": [[[93.00783333333334, 26.442500000000003], [93.00783333333334, 26.437250000000002], [93.01299999999999, 26.437250000000002], [93.01299999999999, 26.442500000000003], [93.00783333333334, 26.442500000000003]]]}, "properties": {"class_value": 1, "class_name": "Stable"}}, {"type": "Feature", "geometry": {"type": "Polygon", "coordinates": [[[93.20416666666667, 26.442500000000003], [93.20416666666667, 26.437250000000002], [93.20933333333333, 26.437250000000002], [93.20933333333333, 26.442500000000003], [93.20416666666667, 26.442500000000003]]]}, "properties": {"class_value": 2, "class_name": "Degrading"}}, {"type": "Feature", "geometry": {"type": "Polygon", "coordinates": [[[93.37466666666667, 26.442500000000003], [93.37466666666667, 26.437250000000002], [93.37983333333334, 26.437250000000002], [93.37983333333334, 26.442500000000003], [93.37466666666667, 26.442500000000003]]]}, "properties": {"class_value": 1, "class_name": "Stable"}}, {"type": "Feature", "geometry": {"type": "Polygon", "coordinates": [[[93.57616666666667, 26.442500000000003], [93.57616666666667, 26.437250000000002], [93.5865, 26.437250000000002], [93.5865, 26.442500000000003], [93.57616666666667, 26.442500000000003]]]}, "properties": {"class_value": 2, "class_name": "Degrading"}}, {"type": "Feature", "geometry": {"type": "Polygon", "coordinates": [[[93.59166666666667, 26.442500000000003], [93.59166666666667, 26.437250000000002], [93.59683333333334, 26.437250000000002], [93.59683333333334, 26.442500000000003], [93.59166666666667, 26.442500000000003]]]}, "properties": {"class_value": 2, "class_name": "Degrading"}}, {"type": "Feature", "geometry": {"type": "Polygon", "coordinates": [[[93.68466666666666, 26.442500000000003], [93.68466666666666, 26.437250000000002], [93.68983333333333, 26.437250000000002], [93.68983333333333, 26.442500000000003], [93.68466666666666, 26.442500000000003]]]}, "properties": {"class_value": 2, "class_name": "Degrading"}}, {"type": "Feature", "geometry": {"type": "Polygon", "coordinates": [[[92.49633333333333, 26.442500000000003], [92.49633333333333, 26.432000000000002], [92.5015, 26.432000000000002], [92.5015, 26.442500000000003], [92.49633333333333, 26.442500000000003]]]}, "properties": {"class_value": 1, "class_name": "Stable"}}, {"type": "Feature", "geometry": {"type": "Polygon", "coordinates": [[[92.4085, 26.437250000000002], [92.4085, 26.432000000000002], [92.41366666666666, 26.432000000000002], [92.41366666666666, 26.437250000000002], [92.4085, 26.437250000000002]]]}, "properties": {"class_value": 1, "class_name": "Stable"}}, {"type": "Feature", "geometry": {"type": "Polygon", "coordinates": [[[92.4395, 26.437250000000002], [92.4395, 26.432000000000002], [92.44466666666666, 26.432000000000002], [92.44466666666666, 26.437250000000002], [92.4395, 26.437250000000002]]]}, "properties": {"class_value": 1, "class_name": "Stable"}}, {"type": "Feature", "geometry": {"type": "Polygon", "coordinates": [[[92.44983333333333, 26.437250000000002], [92.44983333333333, 26.432000000000002], [92.455, 26.432000000000002], [92.455, 26.437250000000002], [92.44983333333333, 26.437250000000002]]]}, "properties": {"class_value": 1, "class_name": "Stable"}}, {"type": "Feature", "geometry": {"type": "Polygon", "coordinates": [[[92.56866666666666, 26.437250000000002], [92.56866666666666, 26.432000000000002], [92.57383333333333, 26.432000000000002], [92.57383333333333, 26.437250000000002], [92.56866666666666, 26.437250000000002]]]}, "properties": {"class_value": 1, "class_name": "Stable"}}, {"type": "Feature", "geometry": {"type": "Polygon", "coordinates": [[[92.579, 26.437250000000002], [92.579, 26.432000000000002], [92.58416666666666, 26.432000000000002], [92.58416666666666, 26.437250000000002], [92.579, 26.437250000000002]]]}, "properties": {"class_value": 1, "class_name": "Stable"}}, {"type": "Feature", "geometry": {"type": "Polygon", "coordinates": [[[92.64616666666666, 26.437250000000002], [92.64616666666666, 26.432000000000002], [92.65133333333333, 26.432000000000002], [92.65133333333333, 26.437250000000002], [92.64616666666666, 26.437250000000002]]]}, "properties": {"class_value": 1, "class_name": "Stable"}}, {"type": "Feature", "geometry": {"type": "Polygon", "coordinates": [[[92.83733333333333, 26.437250000000002], [92.83733333333333, 26.432000000000002], [92.8425, 26.432000000000002], [92.8425, 26.437250000000002], [92.83733333333333, 26.437250000000002]]]}, "properties": {"class_value": 1, "class_name": "Stable"}}, {"type": "Feature", "geometry": {"type": "Polygon", "coordinates": [[[93.24033333333333, 26.437250000000002], [93.24033333333333, 26.432000000000002], [93.24549999999999, 26.432000000000002], [93.24549999999999, 26.437250000000002], [93.24033333333333, 26.437250000000002]]]}, "properties": {"class_value": 1, "class_name": "Stable"}}, {"type": "Feature", "geometry": {"type": "Polygon", "coordinates": [[[93.323, 26.437250000000002], [93.323, 26.432000000000002], [93.32816666666666, 26.432000000000002], [93.32816666666666, 26.437250000000002], [93.323, 26.437250000000002]]]}, "properties": {"class_value": 1, "class_name": "Stable"}}, {"type": "Feature", "geometry": {"type": "Polygon", "coordinates": [[[93.39016666666666, 26.437250000000002], [93.39016666666666, 26.432000000000002], [93.4005, 26.432000000000002], [93.4005, 26.437250000000002], [93.39016666666666, 26.437250000000002]]]}, "properties": {"class_value": 1, "class_name": "Stable"}}, {"type": "Feature", "geometry": {"type": "Polygon", "coordinates": [[[93.49866666666667, 26.437250000000002], [93.49866666666667, 26.432000000000002], [93.50383333333333, 26.432000000000002], [93.50383333333333, 26.437250000000002], [93.49866666666667, 26.437250000000002]]]}, "properties": {"class_value": 1, "class_name": "Stable"}}, {"type": "Feature", "geometry": {"type": "Polygon", "coordinates": [[[92.60483333333333, 26.442500000000003], [92.60483333333333, 26.426750000000002], [92.61, 26.426750000000002], [92.61, 26.442500000000003], [92.60483333333333, 26.442500000000003]]]}, "properties": {"class_value": 1, "class_name": "Stable"}}, {"type": "Feature", "geometry": {"type": "Polygon", "coordinates": [[[93.56066666666666, 26.437250000000002], [93.56066666666666, 26.426750000000002], [93.56583333333333, 26.426750000000002], [93.56583333333333, 26.437250000000002], [93.56066666666666, 26.437250000000002]]]}, "properties": {"class_value": 2, "class_name": "Degrading"}}, {"type": "Feature", "geometry": {"type": "Polygon", "coordinates": [[[92.36716666666666, 26.432000000000002], [92.36716666666666, 26.426750000000002], [92.37233333333333, 26.426750000000002], [92.37233333333333, 26.432000000000002], [92.36716666666666, 26.432000000000002]]]}, "properties": {"class_value": 1, "class_name": "Stable"}}, {"type": "Feature", "geometry": {"type": "Polygon", "coordinates": [[[92.3775, 26.432000000000002], [92.3775, 26.426750000000002], [92.38266666666667, 26.426750000000002], [92.38266666666667, 26.432000000000002], [92.3775, 26.432000000000002]]]}, "properties": {"class_value": 1, "class_name": "Stable"}}, {"type": "Feature", "geometry": {"type": "Polygon", "coordinates": [[[92.44466666666666, 26.432000000000002], [92.44466666666666, 26.426750000000002], [92.44983333333333, 26.426750000000002], [92.44983333333333, 26.432000000000002], [92.44466666666666, 26.432000000000002]]]}, "properties": {"class_value": 1, "class_name": "Stable"}}, {"type": "Feature", "geometry": {"type": "Polygon", "coordinates": [[[92.486, 26.432000000000002], [92.486, 26.426750000000002], [92.49116666666666, 26.426750000000002], [92.49116666666666, 26.432000000000002], [92.486, 26.432000000000002]]]}, "properties": {"class_value": 1, "class_name": "Stable"}}, {"type": "Feature", "geometry": {"type": "Polygon", "coordinates": [[[92.54283333333333, 26.432000000000002], [92.54283333333333, 26.426750000000002], [92.548, 26.426750000000002], [92.548, 26.432000000000002], [92.54283333333333, 26.432000000000002]]]}, "properties": {"class_value": 5, "class_name": "Uncertain / Other"}}, {"type": "Feature", "geometry": {"type": "Polygon", "coordinates": [[[92.55316666666667, 26.432000000000002], [92.55316666666667, 26.426750000000002], [92.55833333333334, 26.426750000000002], [92.55833333333334, 26.432000000000002], [92.55316666666667, 26.432000000000002]]]}, "properties": {"class_value": 1, "class_name": "Stable"}}, {"type": "Feature", "geometry": {"type": "Polygon", "coordinates": [[[92.57383333333333, 26.432000000000002], [92.57383333333333, 26.426750000000002], [92.579, 26.426750000000002], [92.579, 26.432000000000002], [92.57383333333333, 26.432000000000002]]]}, "properties": {"class_value": 1, "class_name": "Stable"}}, {"type": "Feature", "geometry": {"type": "Polygon", "coordinates": [[[92.63583333333332, 26.432000000000002], [92.63583333333332, 26.426750000000002], [92.64099999999999, 26.426750000000002], [92.64099999999999, 26.432000000000002], [92.63583333333332, 26.432000000000002]]]}, "properties": {"class_value": 1, "class_name": "Stable"}}, {"type": "Feature", "geometry": {"type": "Polygon", "coordinates": [[[92.75983333333333, 26.432000000000002], [92.75983333333333, 26.426750000000002], [92.765, 26.426750000000002], [92.765, 26.432000000000002], [92.75983333333333, 26.432000000000002]]]}, "properties": {"class_value": 1, "class_name": "Stable"}}, {"type": "Feature", "geometry": {"type": "Polygon", "coordinates": [[[92.7805, 26.432000000000002], [92.7805, 26.426750000000002], [92.78566666666666, 26.426750000000002], [92.78566666666666, 26.432000000000002], [92.7805, 26.432000000000002]]]}, "properties": {"class_value": 1, "class_name": "Stable"}}, {"type": "Feature", "geometry": {"type": "Polygon", "coordinates": [[[93.20416666666667, 26.432000000000002], [93.20416666666667, 26.426750000000002], [93.20933333333333, 26.426750000000002], [93.20933333333333, 26.432000000000002], [93.20416666666667, 26.432000000000002]]]}, "properties": {"class_value": 1, "class_name": "Stable"}}, {"type": "Feature", "geometry": {"type": "Polygon", "coordinates": [[[93.27133333333333, 26.432000000000002], [93.27133333333333, 26.426750000000002], [93.2765, 26.426750000000002], [93.2765, 26.432000000000002], [93.27133333333333, 26.432000000000002]]]}, "properties": {"class_value": 4, "class_name": "Cyclic"}}, {"type": "Feature", "geometry": {"type": "Polygon", "coordinates": [[[93.354, 26.432000000000002], [93.354, 26.426750000000002], [93.35916666666667, 26.426750000000002], [93.35916666666667, 26.432000000000002], [93.354, 26.432000000000002]]]}, "properties": {"class_value": 4, "class_name": "Cyclic"}}, {"type": "Feature", "geometry": {"type": "Polygon", "coordinates": [[[93.4315, 26.432000000000002], [93.4315, 26.426750000000002], [93.43666666666667, 26.426750000000002], [93.43666666666667, 26.432000000000002], [93.4315, 26.432000000000002]]]}, "properties": {"class_value": 1, "class_name": "Stable"}}, {"type": "Feature", "geometry": {"type": "Polygon", "coordinates": [[[93.571, 26.432000000000002], [93.571, 26.426750000000002], [93.57616666666667, 26.426750000000002], [93.57616666666667, 26.432000000000002], [93.571, 26.432000000000002]]]}, "properties": {"class_value": 2, "class_name": "Degrading"}}, {"type": "Feature", "geometry": {"type": "Polygon", "coordinates": [[[93.74666666666667, 26.432000000000002], [93.74666666666667, 26.426750000000002], [93.75183333333334, 26.426750000000002], [93.75183333333334, 26.432000000000002], [93.74666666666667, 26.432000000000002]]]}, "properties": {"class_value": 1, "class_name": "Stable"}}, {"type": "Feature", "geometry": {"type": "Polygon", "coordinates": [[[93.82933333333332, 26.432000000000002], [93.82933333333332, 26.426750000000002], [93.83449999999999, 26.426750000000002], [93.83449999999999, 26.432000000000002], [93.82933333333332, 26.432000000000002]]]}, "properties": {"class_value": 1, "class_name": "Stable"}}, {"type": "Feature", "geometry": {"type": "Polygon", "coordinates": [[[92.33616666666667, 26.426750000000002], [92.33616666666667, 26.4215], [92.34133333333332, 26.4215], [92.34133333333332, 26.426750000000002], [92.33616666666667, 26.426750000000002]]]}, "properties": {"class_value": 1, "class_name": "Stable"}}, {"type": "Feature", "geometry": {"type": "Polygon", "coordinates": [[[92.51183333333333, 26.426750000000002], [92.51183333333333, 26.4215], [92.517, 26.4215], [92.517, 26.426750000000002], [92.51183333333333, 26.426750000000002]]]}, "properties": {"class_value": 1, "class_name": "Stable"}}, {"type": "Feature", "geometry": {"type": "Polygon", "coordinates": [[[92.5325, 26.426750000000002], [92.5325, 26.4215], [92.53766666666667, 26.4215], [92.53766666666667, 26.426750000000002], [92.5325, 26.426750000000002]]]}, "properties": {"class_value": 1, "class_name": "Stable"}}, {"type": "Feature", "geometry": {"type": "Polygon", "coordinates": [[[92.64616666666666, 26.426750000000002], [92.64616666666666, 26.4215], [92.65133333333333, 26.4215], [92.65133333333333, 26.426750000000002], [92.64616666666666, 26.426750000000002]]]}, "properties": {"class_value": 1, "class_name": "Stable"}}, {"type": "Feature", "geometry": {"type": "Polygon", "coordinates": [[[92.734, 26.426750000000002], [92.734, 26.4215], [92.73916666666666, 26.4215], [92.73916666666666, 26.426750000000002], [92.734, 26.426750000000002]]]}, "properties": {"class_value": 1, "class_name": "Stable"}}, {"type": "Feature", "geometry": {"type": "Polygon", "coordinates": [[[92.765, 26.426750000000002], [92.765, 26.4215], [92.77016666666667, 26.4215], [92.77016666666667, 26.426750000000002], [92.765, 26.426750000000002]]]}, "properties": {"class_value": 1, "class_name": "Stable"}}, {"type": "Feature", "geometry": {"type": "Polygon", "coordinates": [[[92.88383333333333, 26.426750000000002], [92.88383333333333, 26.4215], [92.889, 26.4215], [92.889, 26.426750000000002], [92.88383333333333, 26.426750000000002]]]}, "properties": {"class_value": 1, "class_name": "Stable"}}, {"type": "Feature", "geometry": {"type": "Polygon", "coordinates": [[[92.951, 26.426750000000002], [92.951, 26.4215], [92.95616666666666, 26.4215], [92.95616666666666, 26.426750000000002], [92.951, 26.426750000000002]]]}, "properties": {"class_value": 1, "class_name": "Stable"}}, {"type": "Feature", "geometry": {"type": "Polygon", "coordinates": [[[93.0595, 26.426750000000002], [93.0595, 26.4215], [93.06466666666667, 26.4215], [93.06466666666667, 26.426750000000002], [93.0595, 26.426750000000002]]]}, "properties": {"class_value": 1, "class_name": "Stable"}}, {"type": "Feature", "geometry": {"type": "Polygon", "coordinates": [[[93.31783333333333, 26.426750000000002], [93.31783333333333, 26.4215], [93.323, 26.4215], [93.323, 26.426750000000002], [93.31783333333333, 26.426750000000002]]]}, "properties": {"class_value": 1, "class_name": "Stable"}}, {"type": "Feature", "geometry": {"type": "Polygon", "coordinates": [[[93.35916666666667, 26.426750000000002], [93.35916666666667, 26.4215], [93.36433333333333, 26.4215], [93.36433333333333, 26.426750000000002], [93.35916666666667, 26.426750000000002]]]}, "properties": {"class_value": 1, "class_name": "Stable"}}, {"type": "Feature", "geometry": {"type": "Polygon", "coordinates": [[[93.49866666666667, 26.426750000000002], [93.49866666666667, 26.4215], [93.50383333333333, 26.4215], [93.50383333333333, 26.426750000000002], [93.49866666666667, 26.426750000000002]]]}, "properties": {"class_value": 2, "class_name": "Degrading"}}, {"type": "Feature", "geometry": {"type": "Polygon", "coordinates": [[[93.62783333333333, 26.426750000000002], [93.62783333333333, 26.4215], [93.633, 26.4215], [93.633, 26.426750000000002], [93.62783333333333, 26.426750000000002]]]}, "properties": {"class_value": 1, "class_name": "Stable"}}, {"type": "Feature", "geometry": {"type": "Polygon", "coordinates": [[[93.64333333333333, 26.426750000000002], [93.64333333333333, 26.4215], [93.6485, 26.4215], [93.6485, 26.426750000000002], [93.64333333333333, 26.426750000000002]]]}, "properties": {"class_value": 2, "class_name": "Degrading"}}, {"type": "Feature", "geometry": {"type": "Polygon", "coordinates": [[[93.7725, 26.426750000000002], [93.7725, 26.4215], [93.77766666666666, 26.4215], [93.77766666666666, 26.426750000000002], [93.7725, 26.426750000000002]]]}, "properties": {"class_value": 1, "class_name": "Stable"}}, {"type": "Feature", "geometry": {"type": "Polygon", "coordinates": [[[93.8035, 26.426750000000002], [93.8035, 26.4215], [93.80866666666667, 26.4215], [93.80866666666667, 26.426750000000002], [93.8035, 26.426750000000002]]]}, "properties": {"class_value": 5, "class_name": "Uncertain / Other"}}, {"type": "Feature", "geometry": {"type": "Polygon", "coordinates": [[[92.30516666666666, 26.4215], [92.30516666666666, 26.41625], [92.31033333333333, 26.41625], [92.31033333333333, 26.4215], [92.30516666666666, 26.4215]]]}, "properties": {"class_value": 1, "class_name": "Stable"}}, {"type": "Feature", "geometry": {"type": "Polygon", "coordinates": [[[92.34649999999999, 26.4215], [92.34649999999999, 26.41625], [92.35166666666666, 26.41625], [92.35166666666666, 26.4215], [92.34649999999999, 26.4215]]]}, "properties": {"class_value": 1, "class_name": "Stable"}}, {"type": "Feature", "geometry": {"type": "Polygon", "coordinates": [[[92.455, 26.4215], [92.455, 26.41625], [92.46016666666667, 26.41625], [92.46016666666667, 26.4215], [92.455, 26.4215]]]}, "properties": {"class_value": 1, "class_name": "Stable"}}, {"type": "Feature", "geometry": {"type": "Polygon", "coordinates": [[[92.68233333333333, 26.4215], [92.68233333333333, 26.41625], [92.6875, 26.41625], [92.6875, 26.4215], [92.68233333333333, 26.4215]]]}, "properties": {"class_value": 1, "class_name": "Stable"}}, {"type": "Feature", "geometry": {"type": "Polygon", "coordinates": [[[92.9975, 26.4215], [92.9975, 26.41625], [93.00266666666667, 26.41625], [93.00266666666667, 26.4215], [92.9975, 26.4215]]]}, "properties": {"class_value": 1, "class_name": "Stable"}}, {"type": "Feature", "geometry": {"type": "Polygon", "coordinates": [[[93.05433333333333, 26.4215], [93.05433333333333, 26.41625], [93.0595, 26.41625], [93.0595, 26.4215], [93.05433333333333, 26.4215]]]}, "properties": {"class_value": 1, "class_name": "Stable"}}, {"type": "Feature", "geometry": {"type": "Polygon", "coordinates": [[[93.17316666666666, 26.4215], [93.17316666666666, 26.41625], [93.17833333333333, 26.41625], [93.17833333333333, 26.4215], [93.17316666666666, 26.4215]]]}, "properties": {"class_value": 2, "class_name": "Degrading"}}, {"type": "Feature", "geometry": {"type": "Polygon", "coordinates": [[[93.24549999999999, 26.4215], [93.24549999999999, 26.41625], [93.25066666666666, 26.41625], [93.25066666666666, 26.4215], [93.24549999999999, 26.4215]]]}, "properties": {"class_value": 1, "class_name": "Stable"}}, {"type": "Feature", "geometry": {"type": "Polygon", "coordinates": [[[93.25583333333333, 26.4215], [93.25583333333333, 26.41625], [93.261, 26.41625], [93.261, 26.4215], [93.25583333333333, 26.4215]]]}, "properties": {"class_value": 2, "class_name": "Degrading"}}, {"type": "Feature", "geometry": {"type": "Polygon", "coordinates": [[[93.30233333333334, 26.4215], [93.30233333333334, 26.41625], [93.30749999999999, 26.41625], [93.30749999999999, 26.4215], [93.30233333333334, 26.4215]]]}, "properties": {"class_value": 1, "class_name": "Stable"}}, {"type": "Feature", "geometry": {"type": "Polygon", "coordinates": [[[93.34366666666666, 26.4215], [93.34366666666666, 26.41625], [93.34883333333333, 26.41625], [93.34883333333333, 26.4215], [93.34366666666666, 26.4215]]]}, "properties": {"class_value": 1, "class_name": "Stable"}}, {"type": "Feature", "geometry": {"type": "Polygon", "coordinates": [[[93.40566666666666, 26.4215], [93.40566666666666, 26.41625], [93.41083333333333, 26.41625], [93.41083333333333, 26.4215], [93.40566666666666, 26.4215]]]}, "properties": {"class_value": 1, "class_name": "Stable"}}, {"type": "Feature", "geometry": {"type": "Polygon", "coordinates": [[[93.46766666666666, 26.4215], [93.46766666666666, 26.41625], [93.47283333333333, 26.41625], [93.47283333333333, 26.4215], [93.46766666666666, 26.4215]]]}, "properties": {"class_value": 1, "class_name": "Stable"}}, {"type": "Feature", "geometry": {"type": "Polygon", "coordinates": [[[93.4935, 26.4215], [93.4935, 26.41625], [93.49866666666667, 26.41625], [93.49866666666667, 26.4215], [93.4935, 26.4215]]]}, "properties": {"class_value": 1, "class_name": "Stable"}}, {"type": "Feature", "geometry": {"type": "Polygon", "coordinates": [[[93.50383333333333, 26.4215], [93.50383333333333, 26.41625], [93.509, 26.41625], [93.509, 26.4215], [93.50383333333333, 26.4215]]]}, "properties": {"class_value": 1, "class_name": "Stable"}}, {"type": "Feature", "geometry": {"type": "Polygon", "coordinates": [[[93.55033333333333, 26.4215], [93.55033333333333, 26.41625], [93.5555, 26.41625], [93.5555, 26.4215], [93.55033333333333, 26.4215]]]}, "properties": {"class_value": 1, "class_name": "Stable"}}, {"type": "Feature", "geometry": {"type": "Polygon", "coordinates": [[[93.66916666666667, 26.4215], [93.66916666666667, 26.41625], [93.67433333333334, 26.41625], [93.67433333333334, 26.4215], [93.66916666666667, 26.4215]]]}, "properties": {"class_value": 2, "class_name": "Degrading"}}, {"type": "Feature", "geometry": {"type": "Polygon", "coordinates": [[[93.77766666666666, 26.4215], [93.77766666666666, 26.41625], [93.78283333333333, 26.41625], [93.78283333333333, 26.4215], [93.77766666666666, 26.4215]]]}, "properties": {"class_value": 1, "class_name": "Stable"}}, {"type": "Feature", "geometry": {"type": "Polygon", "coordinates": [[[92.63583333333332, 26.4215], [92.63583333333332, 26.411], [92.64099999999999, 26.411], [92.64099999999999, 26.4215], [92.63583333333332, 26.4215]]]}, "properties": {"class_value": 1, "class_name": "Stable"}}, {"type": "Feature", "geometry": {"type": "Polygon", "coordinates": [[[92.71333333333332, 26.41625], [92.71333333333332, 26.411], [92.71849999999999, 26.411], [92.71849999999999, 26.41625], [92.71333333333332, 26.41625]]]}, "properties": {"class_value": 1, "class_name": "Stable"}}, {"type": "Feature", "geometry": {"type": "Polygon", "coordinates": [[[92.77533333333334, 26.41625], [92.77533333333334, 26.411], [92.7805, 26.411], [92.7805, 26.41625], [92.77533333333334, 26.41625]]]}, "properties": {"class_value": 1, "class_name": "Stable"}}, {"type": "Feature", "geometry": {"type": "Polygon", "coordinates": [[[92.80633333333333, 26.41625], [92.80633333333333, 26.411], [92.8115, 26.411], [92.8115, 26.41625], [92.80633333333333, 26.41625]]]}, "properties": {"class_value": 1, "class_name": "Stable"}}, {"type": "Feature", "geometry": {"type": "Polygon", "coordinates": [[[92.99233333333333, 26.41625], [92.99233333333333, 26.411], [92.9975, 26.411], [92.9975, 26.41625], [92.99233333333333, 26.41625]]]}, "properties": {"class_value": 2, "class_name": "Degrading"}}, {"type": "Feature", "geometry": {"type": "Polygon", "coordinates": [[[93.03366666666666, 26.41625], [93.03366666666666, 26.411], [93.03883333333333, 26.411], [93.03883333333333, 26.41625], [93.03366666666666, 26.41625]]]}, "properties": {"class_value": 1, "class_name": "Stable"}}, {"type": "Feature", "geometry": {"type": "Polygon", "coordinates": [[[93.10083333333333, 26.41625], [93.10083333333333, 26.411], [93.106, 26.411], [93.106, 26.41625], [93.10083333333333, 26.41625]]]}, "properties": {"class_value": 1, "class_name": "Stable"}}, {"type": "Feature", "geometry": {"type": "Polygon", "coordinates": [[[93.261, 26.41625], [93.261, 26.411], [93.26616666666666, 26.411], [93.26616666666666, 26.41625], [93.261, 26.41625]]]}, "properties": {"class_value": 1, "class_name": "Stable"}}, {"type": "Feature", "geometry": {"type": "Polygon", "coordinates": [[[93.44183333333334, 26.41625], [93.44183333333334, 26.411], [93.45216666666667, 26.411], [93.45216666666667, 26.41625], [93.44183333333334, 26.41625]]]}, "properties": {"class_value": 3, "class_name": "Recovering"}}, {"type": "Feature", "geometry": {"type": "Polygon", "coordinates": [[[93.61749999999999, 26.41625], [93.61749999999999, 26.411], [93.62266666666666, 26.411], [93.62266666666666, 26.41625], [93.61749999999999, 26.41625]]]}, "properties": {"class_value": 2, "class_name": "Degrading"}}, {"type": "Feature", "geometry": {"type": "Polygon", "coordinates": [[[93.65883333333333, 26.41625], [93.65883333333333, 26.411], [93.664, 26.411], [93.664, 26.41625], [93.65883333333333, 26.41625]]]}, "properties": {"class_value": 1, "class_name": "Stable"}}, {"type": "Feature", "geometry": {"type": "Polygon", "coordinates": [[[93.7415, 26.41625], [93.7415, 26.411], [93.74666666666667, 26.411], [93.74666666666667, 26.41625], [93.7415, 26.41625]]]}, "properties": {"class_value": 1, "class_name": "Stable"}}, {"type": "Feature", "geometry": {"type": "Polygon", "coordinates": [[[93.78283333333333, 26.41625], [93.78283333333333, 26.411], [93.788, 26.411], [93.788, 26.41625], [93.78283333333333, 26.41625]]]}, "properties": {"class_value": 1, "class_name": "Stable"}}, {"type": "Feature", "geometry": {"type": "Polygon", "coordinates": [[[93.80866666666667, 26.41625], [93.80866666666667, 26.411], [93.81383333333333, 26.411], [93.81383333333333, 26.41625], [93.80866666666667, 26.41625]]]}, "properties": {"class_value": 1, "class_name": "Stable"}}, {"type": "Feature", "geometry": {"type": "Polygon", "coordinates": [[[92.3155, 26.411], [92.3155, 26.40575], [92.32066666666667, 26.40575], [92.32066666666667, 26.411], [92.3155, 26.411]]]}, "properties": {"class_value": 1, "class_name": "Stable"}}, {"type": "Feature", "geometry": {"type": "Polygon", "coordinates": [[[92.331, 26.411], [92.331, 26.40575], [92.33616666666667, 26.40575], [92.33616666666667, 26.411], [92.331, 26.411]]]}, "properties": {"class_value": 1, "class_name": "Stable"}}, {"type": "Feature", "geometry": {"type": "Polygon", "coordinates": [[[92.362, 26.411], [92.362, 26.40575], [92.36716666666666, 26.40575], [92.36716666666666, 26.411], [92.362, 26.411]]]}, "properties": {"class_value": 1, "class_name": "Stable"}}, {"type": "Feature", "geometry": {"type": "Polygon", "coordinates": [[[92.44983333333333, 26.411], [92.44983333333333, 26.40575], [92.455, 26.40575], [92.455, 26.411], [92.44983333333333, 26.411]]]}, "properties": {"class_value": 1, "class_name": "Stable"}}, {"type": "Feature", "geometry": {"type": "Polygon", "coordinates": [[[92.52733333333333, 26.411], [92.52733333333333, 26.40575], [92.53766666666667, 26.40575], [92.53766666666667, 26.411], [92.52733333333333, 26.411]]]}, "properties": {"class_value": 1, "class_name": "Stable"}}, {"type": "Feature", "geometry": {"type": "Polygon", "coordinates": [[[92.59966666666666, 26.411], [92.59966666666666, 26.40575], [92.60483333333333, 26.40575], [92.60483333333333, 26.411], [92.59966666666666, 26.411]]]}, "properties": {"class_value": 1, "class_name": "Stable"}}, {"type": "Feature", "geometry": {"type": "Polygon", "coordinates": [[[92.64616666666666, 26.411], [92.64616666666666, 26.40575], [92.65133333333333, 26.40575], [92.65133333333333, 26.411], [92.64616666666666, 26.411]]]}, "properties": {"class_value": 1, "class_name": "Stable"}}, {"type": "Feature", "geometry": {"type": "Polygon", "coordinates": [[[93.06466666666667, 26.411], [93.06466666666667, 26.40575], [93.06983333333334, 26.40575], [93.06983333333334, 26.411], [93.06466666666667, 26.411]]]}, "properties": {"class_value": 1, "class_name": "Stable"}}, {"type": "Feature", "geometry": {"type": "Polygon", "coordinates": [[[93.075, 26.411], [93.075, 26.40575], [93.08016666666667, 26.40575], [93.08016666666667, 26.411], [93.075, 26.411]]]}, "properties": {"class_value": 1, "class_name": "Stable"}}, {"type": "Feature", "geometry": {"type": "Polygon", "coordinates": [[[93.2145, 26.411], [93.2145, 26.40575], [93.21966666666667, 26.40575], [93.21966666666667, 26.411], [93.2145, 26.411]]]}, "properties": {"class_value": 1, "class_name": "Stable"}}, {"type": "Feature", "geometry": {"type": "Polygon", "coordinates": [[[93.3695, 26.411], [93.3695, 26.40575], [93.37466666666667, 26.40575], [93.37466666666667, 26.411], [93.3695, 26.411]]]}, "properties": {"class_value": 1, "class_name": "Stable"}}, {"type": "Feature", "geometry": {"type": "Polygon", "coordinates": [[[93.38499999999999, 26.411], [93.38499999999999, 26.40575], [93.39016666666666, 26.40575], [93.39016666666666, 26.411], [93.38499999999999, 26.411]]]}, "properties": {"class_value": 1, "class_name": "Stable"}}, {"type": "Feature", "geometry": {"type": "Polygon", "coordinates": [[[93.664, 26.411], [93.664, 26.40575], [93.66916666666667, 26.40575], [93.66916666666667, 26.411], [93.664, 26.411]]]}, "properties": {"class_value": 1, "class_name": "Stable"}}, {"type": "Feature", "geometry": {"type": "Polygon", "coordinates": [[[93.70533333333333, 26.411], [93.70533333333333, 26.40575], [93.7105, 26.40575], [93.7105, 26.411], [93.70533333333333, 26.411]]]}, "properties": {"class_value": 1, "class_name": "Stable"}}, {"type": "Feature", "geometry": {"type": "Polygon", "coordinates": [[[93.73633333333333, 26.411], [93.73633333333333, 26.40575], [93.7415, 26.40575], [93.7415, 26.411], [93.73633333333333, 26.411]]]}, "properties": {"class_value": 1, "class_name": "Stable"}}, {"type": "Feature", "geometry": {"type": "Polygon", "coordinates": [[[93.84483333333333, 26.411], [93.84483333333333, 26.40575], [93.85, 26.40575], [93.85, 26.411], [93.84483333333333, 26.411]]]}, "properties": {"class_value": 1, "class_name": "Stable"}}, {"type": "Feature", "geometry": {"type": "Polygon", "coordinates": [[[92.44466666666666, 26.40575], [92.44466666666666, 26.4005], [92.44983333333333, 26.4005], [92.44983333333333, 26.40575], [92.44466666666666, 26.40575]]]}, "properties": {"class_value": 1, "class_name": "Stable"}}, {"type": "Feature", "geometry": {"type": "Polygon", "coordinates": [[[92.52216666666666, 26.40575], [92.52216666666666, 26.4005], [92.52733333333333, 26.4005], [92.52733333333333, 26.40575], [92.52216666666666, 26.40575]]]}, "properties": {"class_value": 1, "class_name": "Stable"}}, {"type": "Feature", "geometry": {"type": "Polygon", "coordinates": [[[92.765, 26.40575], [92.765, 26.4005], [92.77016666666667, 26.4005], [92.77016666666667, 26.40575], [92.765, 26.40575]]]}, "properties": {"class_value": 1, "class_name": "Stable"}}, {"type": "Feature", "geometry": {"type": "Polygon", "coordinates": [[[93.05433333333333, 26.40575], [93.05433333333333, 26.4005], [93.06466666666667, 26.4005], [93.06466666666667, 26.40575], [93.05433333333333, 26.40575]]]}, "properties": {"class_value": 1, "class_name": "Stable"}}, {"type": "Feature", "geometry": {"type": "Polygon", "coordinates": [[[93.17833333333333, 26.40575], [93.17833333333333, 26.4005], [93.1835, 26.4005], [93.1835, 26.40575], [93.17833333333333, 26.40575]]]}, "properties": {"class_value": 1, "class_name": "Stable"}}, {"type": "Feature", "geometry": {"type": "Polygon", "coordinates": [[[93.4315, 26.40575], [93.4315, 26.4005], [93.43666666666667, 26.4005], [93.43666666666667, 26.40575], [93.4315, 26.40575]]]}, "properties": {"class_value": 5, "class_name": "Uncertain / Other"}}, {"type": "Feature", "geometry": {"type": "Polygon", "coordinates": [[[93.53483333333332, 26.40575], [93.53483333333332, 26.4005], [93.53999999999999, 26.4005], [93.53999999999999, 26.40575], [93.53483333333332, 26.40575]]]}, "properties": {"class_value": 1, "class_name": "Stable"}}, {"type": "Feature", "geometry": {"type": "Polygon", "coordinates": [[[93.61233333333332, 26.40575], [93.61233333333332, 26.4005], [93.61749999999999, 26.4005], [93.61749999999999, 26.40575], [93.61233333333332, 26.40575]]]}, "properties": {"class_value": 2, "class_name": "Degrading"}}, {"type": "Feature", "geometry": {"type": "Polygon", "coordinates": [[[93.7415, 26.40575], [93.7415, 26.4005], [93.74666666666667, 26.4005], [93.74666666666667, 26.40575], [93.7415, 26.40575]]]}, "properties": {"class_value": 1, "class_name": "Stable"}}, {"type": "Feature", "geometry": {"type": "Polygon", "coordinates": [[[92.49116666666666, 26.40575], [92.49116666666666, 26.39525], [92.49633333333333, 26.39525], [92.49633333333333, 26.40575], [92.49116666666666, 26.40575]]]}, "properties": {"class_value": 1, "class_name": "Stable"}}, {"type": "Feature", "geometry": {"type": "Polygon", "coordinates": [[[92.35683333333333, 26.4005], [92.35683333333333, 26.39525], [92.362, 26.39525], [92.362, 26.4005], [92.35683333333333, 26.4005]]]}, "properties": {"class_value": 1, "class_name": "Stable"}}, {"type": "Feature", "geometry": {"type": "Polygon", "coordinates": [[[92.46016666666667, 26.4005], [92.46016666666667, 26.39525], [92.46533333333333, 26.39525], [92.46533333333333, 26.4005], [92.46016666666667, 26.4005]]]}, "properties": {"class_value": 1, "class_name": "Stable"}}, {"type": "Feature", "geometry": {"type": "Polygon", "coordinates": [[[92.53766666666667, 26.4005], [92.53766666666667, 26.39525], [92.54283333333333, 26.39525], [92.54283333333333, 26.4005], [92.53766666666667, 26.4005]]]}, "properties": {"class_value": 1, "class_name": "Stable"}}, {"type": "Feature", "geometry": {"type": "Polygon", "coordinates": [[[92.55833333333334, 26.4005], [92.55833333333334, 26.39525], [92.56349999999999, 26.39525], [92.56349999999999, 26.4005], [92.55833333333334, 26.4005]]]}, "properties": {"class_value": 1, "class_name": "Stable"}}, {"type": "Feature", "geometry": {"type": "Polygon", "coordinates": [[[92.579, 26.4005], [92.579, 26.39525], [92.58416666666666, 26.39525], [92.58416666666666, 26.4005], [92.579, 26.4005]]]}, "properties": {"class_value": 1, "class_name": "Stable"}}, {"type": "Feature", "geometry": {"type": "Polygon", "coordinates": [[[92.58933333333333, 26.4005], [92.58933333333333, 26.39525], [92.5945, 26.39525], [92.5945, 26.4005], [92.58933333333333, 26.4005]]]}, "properties": {"class_value": 1, "class_name": "Stable"}}, {"type": "Feature", "geometry": {"type": "Polygon", "coordinates": [[[92.951, 26.4005], [92.951, 26.39525], [92.95616666666666, 26.39525], [92.95616666666666, 26.4005], [92.951, 26.4005]]]}, "properties": {"class_value": 1, "class_name": "Stable"}}, {"type": "Feature", "geometry": {"type": "Polygon", "coordinates": [[[93.00783333333334, 26.4005], [93.00783333333334, 26.39525], [93.01299999999999, 26.39525], [93.01299999999999, 26.4005], [93.00783333333334, 26.4005]]]}, "properties": {"class_value": 2, "class_name": "Degrading"}}, {"type": "Feature", "geometry": {"type": "Polygon", "coordinates": [[[93.24549999999999, 26.4005], [93.24549999999999, 26.39525], [93.25066666666666, 26.39525], [93.25066666666666, 26.4005], [93.24549999999999, 26.4005]]]}, "properties": {"class_value": 1, "class_name": "Stable"}}, {"type": "Feature", "geometry": {"type": "Polygon", "coordinates": [[[93.41083333333333, 26.4005], [93.41083333333333, 26.39525], [93.416, 26.39525], [93.416, 26.4005], [93.41083333333333, 26.4005]]]}, "properties": {"class_value": 1, "class_name": "Stable"}}, {"type": "Feature", "geometry": {"type": "Polygon", "coordinates": [[[93.447, 26.4005], [93.447, 26.39525], [93.45216666666667, 26.39525], [93.45216666666667, 26.4005], [93.447, 26.4005]]]}, "properties": {"class_value": 5, "class_name": "Uncertain / Other"}}, {"type": "Feature", "geometry": {"type": "Polygon", "coordinates": [[[93.49866666666667, 26.4005], [93.49866666666667, 26.39525], [93.50383333333333, 26.39525], [93.50383333333333, 26.4005], [93.49866666666667, 26.4005]]]}, "properties": {"class_value": 4, "class_name": "Cyclic"}}, {"type": "Feature", "geometry": {"type": "Polygon", "coordinates": [[[93.55033333333333, 26.4005], [93.55033333333333, 26.39525], [93.5555, 26.39525], [93.5555, 26.4005], [93.55033333333333, 26.4005]]]}, "properties": {"class_value": 1, "class_name": "Stable"}}, {"type": "Feature", "geometry": {"type": "Polygon", "coordinates": [[[93.58133333333333, 26.4005], [93.58133333333333, 26.39525], [93.5865, 26.39525], [93.5865, 26.4005], [93.58133333333333, 26.4005]]]}, "properties": {"class_value": 2, "class_name": "Degrading"}}, {"type": "Feature", "geometry": {"type": "Polygon", "coordinates": [[[93.68466666666666, 26.4005], [93.68466666666666, 26.39525], [93.68983333333333, 26.39525], [93.68983333333333, 26.4005], [93.68466666666666, 26.4005]]]}, "properties": {"class_value": 1, "class_name": "Stable"}}, {"type": "Feature", "geometry": {"type": "Polygon", "coordinates": [[[92.31033333333333, 26.39525], [92.31033333333333, 26.39], [92.3155, 26.39], [92.3155, 26.39525], [92.31033333333333, 26.39525]]]}, "properties": {"class_value": 1, "class_name": "Stable"}}, {"type": "Feature", "geometry": {"type": "Polygon", "coordinates": [[[92.34133333333332, 26.39525], [92.34133333333332, 26.39], [92.34649999999999, 26.39], [92.34649999999999, 26.39525], [92.34133333333332, 26.39525]]]}, "properties": {"class_value": 1, "class_name": "Stable"}}, {"type": "Feature", "geometry": {"type": "Polygon", "coordinates": [[[92.41883333333332, 26.39525], [92.41883333333332, 26.39], [92.42399999999999, 26.39], [92.42399999999999, 26.39525], [92.41883333333332, 26.39525]]]}, "properties": {"class_value": 1, "class_name": "Stable"}}, {"type": "Feature", "geometry": {"type": "Polygon", "coordinates": [[[92.43433333333333, 26.39525], [92.43433333333333, 26.39], [92.4395, 26.39], [92.4395, 26.39525], [92.43433333333333, 26.39525]]]}, "properties": {"class_value": 1, "class_name": "Stable"}}, {"type": "Feature", "geometry": {"type": "Polygon", "coordinates": [[[92.59966666666666, 26.39525], [92.59966666666666, 26.39], [92.60483333333333, 26.39], [92.60483333333333, 26.39525], [92.59966666666666, 26.39525]]]}, "properties": {"class_value": 1, "class_name": "Stable"}}, {"type": "Feature", "geometry": {"type": "Polygon", "coordinates": [[[92.62033333333333, 26.39525], [92.62033333333333, 26.39], [92.6255, 26.39], [92.6255, 26.39525], [92.62033333333333, 26.39525]]]}, "properties": {"class_value": 1, "class_name": "Stable"}}, {"type": "Feature", "geometry": {"type": "Polygon", "coordinates": [[[92.86833333333333, 26.39525], [92.86833333333333, 26.39], [92.87866666666666, 26.39], [92.87866666666666, 26.39525], [92.86833333333333, 26.39525]]]}, "properties": {"class_value": 1, "class_name": "Stable"}}, {"type": "Feature", "geometry": {"type": "Polygon", "coordinates": [[[93.03883333333333, 26.39525], [93.03883333333333, 26.39], [93.044, 26.39], [93.044, 26.39525], [93.03883333333333, 26.39525]]]}, "properties": {"class_value": 1, "class_name": "Stable"}}, {"type": "Feature", "geometry": {"type": "Polygon", "coordinates": [[[93.3385, 26.39525], [93.3385, 26.39], [93.34366666666666, 26.39], [93.34366666666666, 26.39525], [93.3385, 26.39525]]]}, "properties": {"class_value": 1, "class_name": "Stable"}}, {"type": "Feature", "geometry": {"type": "Polygon", "coordinates": [[[93.3695, 26.39525], [93.3695, 26.39], [93.37983333333334, 26.39], [93.37983333333334, 26.39525], [93.3695, 26.39525]]]}, "properties": {"class_value": 1, "class_name": "Stable"}}, {"type": "Feature", "geometry": {"type": "Polygon", "coordinates": [[[93.4935, 26.39525], [93.4935, 26.39], [93.49866666666667, 26.39], [93.49866666666667, 26.39525], [93.4935, 26.39525]]]}, "properties": {"class_value": 1, "class_name": "Stable"}}, {"type": "Feature", "geometry": {"type": "Polygon", "coordinates": [[[93.71566666666666, 26.39525], [93.71566666666666, 26.39], [93.72083333333333, 26.39], [93.72083333333333, 26.39525], [93.71566666666666, 26.39525]]]}, "properties": {"class_value": 1, "class_name": "Stable"}}, {"type": "Feature", "geometry": {"type": "Polygon", "coordinates": [[[92.34649999999999, 26.39], [92.34649999999999, 26.38475], [92.35166666666666, 26.38475], [92.35166666666666, 26.39], [92.34649999999999, 26.39]]]}, "properties": {"class_value": 5, "class_name": "Uncertain / Other"}}, {"type": "Feature", "geometry": {"type": "Polygon", "coordinates": [[[92.35166666666666, 26.39], [92.35166666666666, 26.38475], [92.362, 26.38475], [92.362, 26.39], [92.35166666666666, 26.39]]]}, "properties": {"class_value": 1, "class_name": "Stable"}}, {"type": "Feature", "geometry": {"type": "Polygon", "coordinates": [[[92.4085, 26.39], [92.4085, 26.38475], [92.41366666666666, 26.38475], [92.41366666666666, 26.39], [92.4085, 26.39]]]}, "properties": {"class_value": 1, "class_name": "Stable"}}, {"type": "Feature", "geometry": {"type": "Polygon", "coordinates": [[[92.61, 26.39], [92.61, 26.38475], [92.61516666666667, 26.38475], [92.61516666666667, 26.39], [92.61, 26.39]]]}, "properties": {"class_value": 1, "class_name": "Stable"}}, {"type": "Feature", "geometry": {"type": "Polygon", "coordinates": [[[92.65133333333333, 26.39], [92.65133333333333, 26.38475], [92.6565, 26.38475], [92.6565, 26.39], [92.65133333333333, 26.39]]]}, "properties": {"class_value": 2, "class_name": "Degrading"}}, {"type": "Feature", "geometry": {"type": "Polygon", "coordinates": [[[92.74433333333333, 26.39], [92.74433333333333, 26.38475], [92.7495, 26.38475], [92.7495, 26.39], [92.74433333333333, 26.39]]]}, "properties": {"class_value": 1, "class_name": "Stable"}}, {"type": "Feature", "geometry": {"type": "Polygon", "coordinates": [[[92.79083333333332, 26.39], [92.79083333333332, 26.38475], [92.80116666666666, 26.38475], [92.80116666666666, 26.39], [92.79083333333332, 26.39]]]}, "properties": {"class_value": 1, "class_name": "Stable"}}, {"type": "Feature", "geometry": {"type": "Polygon", "coordinates": [[[92.89933333333333, 26.39], [92.89933333333333, 26.38475], [92.9045, 26.38475], [92.9045, 26.39], [92.89933333333333, 26.39]]]}, "properties": {"class_value": 1, "class_name": "Stable"}}, {"type": "Feature", "geometry": {"type": "Polygon", "coordinates": [[[92.92, 26.39], [92.92, 26.38475], [92.92516666666667, 26.38475], [92.92516666666667, 26.39], [92.92, 26.39]]]}, "properties": {"class_value": 1, "class_name": "Stable"}}, {"type": "Feature", "geometry": {"type": "Polygon", "coordinates": [[[93.42633333333333, 26.39], [93.42633333333333, 26.38475], [93.4315, 26.38475], [93.4315, 26.39], [93.42633333333333, 26.39]]]}, "properties": {"class_value": 3, "class_name": "Recovering"}}, {"type": "Feature", "geometry": {"type": "Polygon", "coordinates": [[[93.4315, 26.39], [93.4315, 26.38475], [93.43666666666667, 26.38475], [93.43666666666667, 26.39], [93.4315, 26.39]]]}, "properties": {"class_value": 1, "class_name": "Stable"}}, {"type": "Feature", "geometry": {"type": "Polygon", "coordinates": [[[93.60716666666666, 26.39], [93.60716666666666, 26.38475], [93.61233333333332, 26.38475], [93.61233333333332, 26.39], [93.60716666666666, 26.39]]]}, "properties": {"class_value": 1, "class_name": "Stable"}}, {"type": "Feature", "geometry": {"type": "Polygon", "coordinates": [[[93.7105, 26.39], [93.7105, 26.38475], [93.71566666666666, 26.38475], [93.71566666666666, 26.39], [93.7105, 26.39]]]}, "properties": {"class_value": 5, "class_name": "Uncertain / Other"}}, {"type": "Feature", "geometry": {"type": "Polygon", "coordinates": [[[93.82933333333332, 26.39], [93.82933333333332, 26.38475], [93.83449999999999, 26.38475], [93.83449999999999, 26.39], [93.82933333333332, 26.39]]]}, "properties": {"class_value": 1, "class_name": "Stable"}}, {"type": "Feature", "geometry": {"type": "Polygon", "coordinates": [[[92.37233333333333, 26.38475], [92.37233333333333, 26.3795], [92.3775, 26.3795], [92.3775, 26.38475], [92.37233333333333, 26.38475]]]}, "properties": {"class_value": 1, "class_name": "Stable"}}, {"type": "Feature", "geometry": {"type": "Polygon", "coordinates": [[[92.38266666666667, 26.38475], [92.38266666666667, 26.3795], [92.38783333333333, 26.3795], [92.38783333333333, 26.38475], [92.38266666666667, 26.38475]]]}, "properties": {"class_value": 1, "class_name": "Stable"}}, {"type": "Feature", "geometry": {"type": "Polygon", "coordinates": [[[92.39816666666667, 26.38475], [92.39816666666667, 26.3795], [92.4085, 26.3795], [92.4085, 26.38475], [92.39816666666667, 26.38475]]]}, "properties": {"class_value": 1, "class_name": "Stable"}}, {"type": "Feature", "geometry": {"type": "Polygon", "coordinates": [[[92.52216666666666, 26.38475], [92.52216666666666, 26.3795], [92.52733333333333, 26.3795], [92.52733333333333, 26.38475], [92.52216666666666, 26.38475]]]}, "properties": {"class_value": 1, "class_name": "Stable"}}, {"type": "Feature", "geometry": {"type": "Polygon", "coordinates": [[[92.64099999999999, 26.38475], [92.64099999999999, 26.3795], [92.64616666666666, 26.3795], [92.64616666666666, 26.38475], [92.64099999999999, 26.38475]]]}, "properties": {"class_value": 1, "class_name": "Stable"}}, {"type": "Feature", "geometry": {"type": "Polygon", "coordinates": [[[92.71849999999999, 26.38475], [92.71849999999999, 26.3795], [92.72366666666666, 26.3795], [92.72366666666666, 26.38475], [92.71849999999999, 26.38475]]]}, "properties": {"class_value": 1, "class_name": "Stable"}}, {"type": "Feature", "geometry": {"type": "Polygon", "coordinates": [[[93.11633333333333, 26.38475], [93.11633333333333, 26.3795], [93.1215, 26.3795], [93.1215, 26.38475], [93.11633333333333, 26.38475]]]}, "properties": {"class_value": 1, "class_name": "Stable"}}, {"type": "Feature", "geometry": {"type": "Polygon", "coordinates": [[[93.29716666666667, 26.38475], [93.29716666666667, 26.3795], [93.30233333333334, 26.3795], [93.30233333333334, 26.38475], [93.29716666666667, 26.38475]]]}, "properties": {"class_value": 1, "class_name": "Stable"}}, {"type": "Feature", "geometry": {"type": "Polygon", "coordinates": [[[92.47566666666667, 26.3795], [92.47566666666667, 26.37425], [92.48083333333334, 26.37425], [92.48083333333334, 26.3795], [92.47566666666667, 26.3795]]]}, "properties": {"class_value": 1, "class_name": "Stable"}}, {"type": "Feature", "geometry": {"type": "Polygon", "coordinates": [[[92.49116666666666, 26.3795], [92.49116666666666, 26.37425], [92.49633333333333, 26.37425], [92.49633333333333, 26.3795], [92.49116666666666, 26.3795]]]}, "properties": {"class_value": 1, "class_name": "Stable"}}, {"type": "Feature", "geometry": {"type": "Polygon", "coordinates": [[[92.5015, 26.3795], [92.5015, 26.37425], [92.50666666666666, 26.37425], [92.50666666666666, 26.3795], [92.5015, 26.3795]]]}, "properties": {"class_value": 1, "class_name": "Stable"}}, {"type": "Feature", "geometry": {"type": "Polygon", "coordinates": [[[92.56349999999999, 26.3795], [92.56349999999999, 26.37425], [92.56866666666666, 26.37425], [92.56866666666666, 26.3795], [92.56349999999999, 26.3795]]]}, "properties": {"class_value": 1, "class_name": "Stable"}}, {"type": "Feature", "geometry": {"type": "Polygon", "coordinates": [[[92.68233333333333, 26.3795], [92.68233333333333, 26.37425], [92.6875, 26.37425], [92.6875, 26.3795], [92.68233333333333, 26.3795]]]}, "properties": {"class_value": 1, "class_name": "Stable"}}, {"type": "Feature", "geometry": {"type": "Polygon", "coordinates": [[[92.91483333333333, 26.3795], [92.91483333333333, 26.37425], [92.92, 26.37425], [92.92, 26.3795], [92.91483333333333, 26.3795]]]}, "properties": {"class_value": 1, "class_name": "Stable"}}, {"type": "Feature", "geometry": {"type": "Polygon", "coordinates": [[[93.3695, 26.3795], [93.3695, 26.37425], [93.37466666666667, 26.37425], [93.37466666666667, 26.3795], [93.3695, 26.3795]]]}, "properties": {"class_value": 1, "class_name": "Stable"}}, {"type": "Feature", "geometry": {"type": "Polygon", "coordinates": [[[93.56066666666666, 26.3795], [93.56066666666666, 26.37425], [93.56583333333333, 26.37425], [93.56583333333333, 26.3795], [93.56066666666666, 26.3795]]]}, "properties": {"class_value": 1, "class_name": "Stable"}}, {"type": "Feature", "geometry": {"type": "Polygon", "coordinates": [[[93.58133333333333, 26.3795], [93.58133333333333, 26.37425], [93.5865, 26.37425], [93.5865, 26.3795], [93.58133333333333, 26.3795]]]}, "properties": {"class_value": 1, "class_name": "Stable"}}, {"type": "Feature", "geometry": {"type": "Polygon", "coordinates": [[[93.63816666666666, 26.3795], [93.63816666666666, 26.37425], [93.64333333333333, 26.37425], [93.64333333333333, 26.3795], [93.63816666666666, 26.3795]]]}, "properties": {"class_value": 2, "class_name": "Degrading"}}, {"type": "Feature", "geometry": {"type": "Polygon", "coordinates": [[[93.70533333333333, 26.3795], [93.70533333333333, 26.37425], [93.7105, 26.37425], [93.7105, 26.3795], [93.70533333333333, 26.3795]]]}, "properties": {"class_value": 1, "class_name": "Stable"}}, {"type": "Feature", "geometry": {"type": "Polygon", "coordinates": [[[93.83449999999999, 26.3795], [93.83449999999999, 26.37425], [93.83966666666666, 26.37425], [93.83966666666666, 26.3795], [93.83449999999999, 26.3795]]]}, "properties": {"class_value": 1, "class_name": "Stable"}}, {"type": "Feature", "geometry": {"type": "Polygon", "coordinates": [[[92.3775, 26.37425], [92.3775, 26.369], [92.38266666666667, 26.369], [92.38266666666667, 26.37425], [92.3775, 26.37425]]]}, "properties": {"class_value": 5, "class_name": "Uncertain / Other"}}, {"type": "Feature", "geometry": {"type": "Polygon", "coordinates": [[[92.46533333333333, 26.37425], [92.46533333333333, 26.369], [92.4705, 26.369], [92.4705, 26.37425], [92.46533333333333, 26.37425]]]}, "properties": {"class_value": 1, "class_name": "Stable"}}, {"type": "Feature", "geometry": {"type": "Polygon", "coordinates": [[[92.55833333333334, 26.37425], [92.55833333333334, 26.369], [92.56349999999999, 26.369], [92.56349999999999, 26.37425], [92.55833333333334, 26.37425]]]}, "properties": {"class_value": 1, "class_name": "Stable"}}, {"type": "Feature", "geometry": {"type": "Polygon", "coordinates": [[[92.82183333333333, 26.37425], [92.82183333333333, 26.369], [92.827, 26.369], [92.827, 26.37425], [92.82183333333333, 26.37425]]]}, "properties": {"class_value": 1, "class_name": "Stable"}}, {"type": "Feature", "geometry": {"type": "Polygon", "coordinates": [[[93.00266666666667, 26.37425], [93.00266666666667, 26.369], [93.00783333333334, 26.369], [93.00783333333334, 26.37425], [93.00266666666667, 26.37425]]]}, "properties": {"class_value": 2, "class_name": "Degrading"}}, {"type": "Feature", "geometry": {"type": "Polygon", "coordinates": [[[93.0595, 26.37425], [93.0595, 26.369], [93.06466666666667, 26.369], [93.06466666666667, 26.37425], [93.0595, 26.37425]]]}, "properties": {"class_value": 1, "class_name": "Stable"}}, {"type": "Feature", "geometry": {"type": "Polygon", "coordinates": [[[93.2145, 26.37425], [93.2145, 26.369], [93.21966666666667, 26.369], [93.21966666666667, 26.37425], [93.2145, 26.37425]]]}, "properties": {"class_value": 1, "class_name": "Stable"}}, {"type": "Feature", "geometry": {"type": "Polygon", "coordinates": [[[92.89416666666666, 26.369], [92.89416666666666, 26.363750000000003], [92.89933333333333, 26.363750000000003], [92.89933333333333, 26.369], [92.89416666666666, 26.369]]]}, "properties": {"class_value": 2, "class_name": "Degrading"}}, {"type": "Feature", "geometry": {"type": "Polygon", "coordinates": [[[92.94066666666666, 26.369], [92.94066666666666, 26.363750000000003], [92.94583333333333, 26.363750000000003], [92.94583333333333, 26.369], [92.94066666666666, 26.369]]]}, "properties": {"class_value": 1, "class_name": "Stable"}}, {"type": "Feature", "geometry": {"type": "Polygon", "coordinates": [[[93.075, 26.369], [93.075, 26.363750000000003], [93.08016666666667, 26.363750000000003], [93.08016666666667, 26.369], [93.075, 26.369]]]}, "properties": {"class_value": 1, "class_name": "Stable"}}, {"type": "Feature", "geometry": {"type": "Polygon", "coordinates": [[[93.31783333333333, 26.369], [93.31783333333333, 26.363750000000003], [93.323, 26.363750000000003], [93.323, 26.369], [93.31783333333333, 26.369]]]}, "properties": {"class_value": 1, "class_name": "Stable"}}, {"type": "Feature", "geometry": {"type": "Polygon", "coordinates": [[[93.76216666666666, 26.369], [93.76216666666666, 26.363750000000003], [93.76733333333333, 26.363750000000003], [93.76733333333333, 26.369], [93.76216666666666, 26.369]]]}, "properties": {"class_value": 1, "class_name": "Stable"}}, {"type": "Feature", "geometry": {"type": "Polygon", "coordinates": [[[93.77766666666666, 26.369], [93.77766666666666, 26.363750000000003], [93.78283333333333, 26.363750000000003], [93.78283333333333, 26.369], [93.77766666666666, 26.369]]]}, "properties": {"class_value": 1, "class_name": "Stable"}}, {"type": "Feature", "geometry": {"type": "Polygon", "coordinates": [[[93.80866666666667, 26.369], [93.80866666666667, 26.363750000000003], [93.81383333333333, 26.363750000000003], [93.81383333333333, 26.369], [93.80866666666667, 26.369]]]}, "properties": {"class_value": 1, "class_name": "Stable"}}, {"type": "Feature", "geometry": {"type": "Polygon", "coordinates": [[[93.819, 26.369], [93.819, 26.363750000000003], [93.82416666666667, 26.363750000000003], [93.82416666666667, 26.369], [93.819, 26.369]]]}, "properties": {"class_value": 1, "class_name": "Stable"}}, {"type": "Feature", "geometry": {"type": "Polygon", "coordinates": [[[92.49116666666666, 26.363750000000003], [92.49116666666666, 26.358500000000003], [92.49633333333333, 26.358500000000003], [92.49633333333333, 26.363750000000003], [92.49116666666666, 26.363750000000003]]]}, "properties": {"class_value": 1, "class_name": "Stable"}}, {"type": "Feature", "geometry": {"type": "Polygon", "coordinates": [[[92.57383333333333, 26.363750000000003], [92.57383333333333, 26.358500000000003], [92.579, 26.358500000000003], [92.579, 26.363750000000003], [92.57383333333333, 26.363750000000003]]]}, "properties": {"class_value": 1, "class_name": "Stable"}}, {"type": "Feature", "geometry": {"type": "Polygon", "coordinates": [[[92.58416666666666, 26.363750000000003], [92.58416666666666, 26.358500000000003], [92.58933333333333, 26.358500000000003], [92.58933333333333, 26.363750000000003], [92.58416666666666, 26.363750000000003]]]}, "properties": {"class_value": 1, "class_name": "Stable"}}, {"type": "Feature", "geometry": {"type": "Polygon", "coordinates": [[[92.68233333333333, 26.363750000000003], [92.68233333333333, 26.358500000000003], [92.6875, 26.358500000000003], [92.6875, 26.363750000000003], [92.68233333333333, 26.363750000000003]]]}, "properties": {"class_value": 1, "class_name": "Stable"}}, {"type": "Feature", "geometry": {"type": "Polygon", "coordinates": [[[92.80116666666666, 26.363750000000003], [92.80116666666666, 26.358500000000003], [92.80633333333333, 26.358500000000003], [92.80633333333333, 26.363750000000003], [92.80116666666666, 26.363750000000003]]]}, "properties": {"class_value": 1, "class_name": "Stable"}}, {"type": "Feature", "geometry": {"type": "Polygon", "coordinates": [[[92.89933333333333, 26.363750000000003], [92.89933333333333, 26.358500000000003], [92.9045, 26.358500000000003], [92.9045, 26.363750000000003], [92.89933333333333, 26.363750000000003]]]}, "properties": {"class_value": 1, "class_name": "Stable"}}, {"type": "Feature", "geometry": {"type": "Polygon", "coordinates": [[[92.95616666666666, 26.363750000000003], [92.95616666666666, 26.358500000000003], [92.96133333333333, 26.358500000000003], [92.96133333333333, 26.363750000000003], [92.95616666666666, 26.363750000000003]]]}, "properties": {"class_value": 1, "class_name": "Stable"}}, {"type": "Feature", "geometry": {"type": "Polygon", "coordinates": [[[93.25066666666666, 26.363750000000003], [93.25066666666666, 26.358500000000003], [93.25583333333333, 26.358500000000003], [93.25583333333333, 26.363750000000003], [93.25066666666666, 26.363750000000003]]]}, "properties": {"class_value": 3, "class_name": "Recovering"}}, {"type": "Feature", "geometry": {"type": "Polygon", "coordinates": [[[93.39533333333333, 26.363750000000003], [93.39533333333333, 26.358500000000003], [93.4005, 26.358500000000003], [93.4005, 26.363750000000003], [93.39533333333333, 26.363750000000003]]]}, "properties": {"class_value": 1, "class_name": "Stable"}}, {"type": "Feature", "geometry": {"type": "Polygon", "coordinates": [[[93.42116666666666, 26.363750000000003], [93.42116666666666, 26.358500000000003], [93.42633333333333, 26.358500000000003], [93.42633333333333, 26.363750000000003], [93.42116666666666, 26.363750000000003]]]}, "properties": {"class_value": 1, "class_name": "Stable"}}, {"type": "Feature", "geometry": {"type": "Polygon", "coordinates": [[[93.4315, 26.363750000000003], [93.4315, 26.358500000000003], [93.43666666666667, 26.358500000000003], [93.43666666666667, 26.363750000000003], [93.4315, 26.363750000000003]]]}, "properties": {"class_value": 1, "class_name": "Stable"}}, {"type": "Feature", "geometry": {"type": "Polygon", "coordinates": [[[93.51933333333334, 26.363750000000003], [93.51933333333334, 26.358500000000003], [93.5245, 26.358500000000003], [93.5245, 26.363750000000003], [93.51933333333334, 26.363750000000003]]]}, "properties": {"class_value": 5, "class_name": "Uncertain / Other"}}, {"type": "Feature", "geometry": {"type": "Polygon", "coordinates": [[[93.52966666666666, 26.363750000000003], [93.52966666666666, 26.358500000000003], [93.53483333333332, 26.358500000000003], [93.53483333333332, 26.363750000000003], [93.52966666666666, 26.363750000000003]]]}, "properties": {"class_value": 1, "class_name": "Stable"}}, {"type": "Feature", "geometry": {"type": "Polygon", "coordinates": [[[93.74666666666667, 26.363750000000003], [93.74666666666667, 26.358500000000003], [93.75183333333334, 26.358500000000003], [93.75183333333334, 26.363750000000003], [93.74666666666667, 26.363750000000003]]]}, "properties": {"class_value": 1, "class_name": "Stable"}}, {"type": "Feature", "geometry": {"type": "Polygon", "coordinates": [[[93.82933333333332, 26.363750000000003], [93.82933333333332, 26.358500000000003], [93.83449999999999, 26.358500000000003], [93.83449999999999, 26.363750000000003], [93.82933333333332, 26.363750000000003]]]}, "properties": {"class_value": 1, "class_name": "Stable"}}, {"type": "Feature", "geometry": {"type": "Polygon", "coordinates": [[[92.3, 26.363750000000003], [92.3, 26.353250000000003], [92.30516666666666, 26.353250000000003], [92.30516666666666, 26.363750000000003], [92.3, 26.363750000000003]]]}, "properties": {"class_value": 1, "class_name": "Stable"}}, {"type": "Feature", "geometry": {"type": "Polygon", "coordinates": [[[93.695, 26.363750000000003], [93.695, 26.353250000000003], [93.70016666666666, 26.353250000000003], [93.70016666666666, 26.363750000000003], [93.695, 26.363750000000003]]]}, "properties": {"class_value": 1, "class_name": "Stable"}}, {"type": "Feature", "geometry": {"type": "Polygon", "coordinates": [[[92.34133333333332, 26.358500000000003], [92.34133333333332, 26.353250000000003], [92.34649999999999, 26.353250000000003], [92.34649999999999, 26.358500000000003], [92.34133333333332, 26.358500000000003]]]}, "properties": {"class_value": 1, "class_name": "Stable"}}, {"type": "Feature", "geometry": {"type": "Polygon", "coordinates": [[[92.5325, 26.358500000000003], [92.5325, 26.353250000000003], [92.53766666666667, 26.353250000000003], [92.53766666666667, 26.358500000000003], [92.5325, 26.358500000000003]]]}, "properties": {"class_value": 1, "class_name": "Stable"}}, {"type": "Feature", "geometry": {"type": "Polygon", "coordinates": [[[92.75983333333333, 26.358500000000003], [92.75983333333333, 26.353250000000003], [92.765, 26.353250000000003], [92.765, 26.358500000000003], [92.75983333333333, 26.358500000000003]]]}, "properties": {"class_value": 1, "class_name": "Stable"}}, {"type": "Feature", "geometry": {"type": "Polygon", "coordinates": [[[93.06466666666667, 26.358500000000003], [93.06466666666667, 26.353250000000003], [93.06983333333334, 26.353250000000003], [93.06983333333334, 26.358500000000003], [93.06466666666667, 26.358500000000003]]]}, "properties": {"class_value": 2, "class_name": "Degrading"}}, {"type": "Feature", "geometry": {"type": "Polygon", "coordinates": [[[93.19383333333333, 26.358500000000003], [93.19383333333333, 26.353250000000003], [93.199, 26.353250000000003], [93.199, 26.358500000000003], [93.19383333333333, 26.358500000000003]]]}, "properties": {"class_value": 1, "class_name": "Stable"}}, {"type": "Feature", "geometry": {"type": "Polygon", "coordinates": [[[93.2145, 26.358500000000003], [93.2145, 26.353250000000003], [93.21966666666667, 26.353250000000003], [93.21966666666667, 26.358500000000003], [93.2145, 26.358500000000003]]]}, "properties": {"class_value": 1, "class_name": "Stable"}}, {"type": "Feature", "geometry": {"type": "Polygon", "coordinates": [[[93.3385, 26.358500000000003], [93.3385, 26.353250000000003], [93.34366666666666, 26.353250000000003], [93.34366666666666, 26.358500000000003], [93.3385, 26.358500000000003]]]}, "properties": {"class_value": 1, "class_name": "Stable"}}, {"type": "Feature", "geometry": {"type": "Polygon", "coordinates": [[[93.38499999999999, 26.358500000000003], [93.38499999999999, 26.353250000000003], [93.39016666666666, 26.353250000000003], [93.39016666666666, 26.358500000000003], [93.38499999999999, 26.358500000000003]]]}, "properties": {"class_value": 1, "class_name": "Stable"}}, {"type": "Feature", "geometry": {"type": "Polygon", "coordinates": [[[93.51416666666667, 26.358500000000003], [93.51416666666667, 26.353250000000003], [93.51933333333334, 26.353250000000003], [93.51933333333334, 26.358500000000003], [93.51416666666667, 26.358500000000003]]]}, "properties": {"class_value": 1, "class_name": "Stable"}}, {"type": "Feature", "geometry": {"type": "Polygon", "coordinates": [[[93.7415, 26.358500000000003], [93.7415, 26.353250000000003], [93.74666666666667, 26.353250000000003], [93.74666666666667, 26.358500000000003], [93.7415, 26.358500000000003]]]}, "properties": {"class_value": 1, "class_name": "Stable"}}, {"type": "Feature", "geometry": {"type": "Polygon", "coordinates": [[[93.59166666666667, 26.358500000000003], [93.59166666666667, 26.348000000000003], [93.59683333333334, 26.348000000000003], [93.59683333333334, 26.358500000000003], [93.59166666666667, 26.358500000000003]]]}, "properties": {"class_value": 1, "class_name": "Stable"}}, {"type": "Feature", "geometry": {"type": "Polygon", "coordinates": [[[92.34649999999999, 26.353250000000003], [92.34649999999999, 26.348000000000003], [92.35683333333333, 26.348000000000003], [92.35683333333333, 26.353250000000003], [92.34649999999999, 26.353250000000003]]]}, "properties": {"class_value": 1, "class_name": "Stable"}}, {"type": "Feature", "geometry": {"type": "Polygon", "coordinates": [[[92.37233333333333, 26.353250000000003], [92.37233333333333, 26.348000000000003], [92.3775, 26.348000000000003], [92.3775, 26.353250000000003], [92.37233333333333, 26.353250000000003]]]}, "properties": {"class_value": 1, "class_name": "Stable"}}, {"type": "Feature", "geometry": {"type": "Polygon", "coordinates": [[[92.42399999999999, 26.353250000000003], [92.42399999999999, 26.348000000000003], [92.43433333333333, 26.348000000000003], [92.43433333333333, 26.353250000000003], [92.42399999999999, 26.353250000000003]]]}, "properties": {"class_value": 1, "class_name": "Stable"}}, {"type": "Feature", "geometry": {"type": "Polygon", "coordinates": [[[92.52733333333333, 26.353250000000003], [92.52733333333333, 26.348000000000003], [92.5325, 26.348000000000003], [92.5325, 26.353250000000003], [92.52733333333333, 26.353250000000003]]]}, "properties": {"class_value": 1, "class_name": "Stable"}}, {"type": "Feature", "geometry": {"type": "Polygon", "coordinates": [[[92.71333333333332, 26.353250000000003], [92.71333333333332, 26.348000000000003], [92.71849999999999, 26.348000000000003], [92.71849999999999, 26.353250000000003], [92.71333333333332, 26.353250000000003]]]}, "properties": {"class_value": 1, "class_name": "Stable"}}, {"type": "Feature", "geometry": {"type": "Polygon", "coordinates": [[[92.734, 26.353250000000003], [92.734, 26.348000000000003], [92.73916666666666, 26.348000000000003], [92.73916666666666, 26.353250000000003], [92.734, 26.353250000000003]]]}, "properties": {"class_value": 1, "class_name": "Stable"}}, {"type": "Feature", "geometry": {"type": "Polygon", "coordinates": [[[92.86316666666666, 26.353250000000003], [92.86316666666666, 26.348000000000003], [92.86833333333333, 26.348000000000003], [92.86833333333333, 26.353250000000003], [92.86316666666666, 26.353250000000003]]]}, "properties": {"class_value": 1, "class_name": "Stable"}}, {"type": "Feature", "geometry": {"type": "Polygon", "coordinates": [[[92.87866666666666, 26.353250000000003], [92.87866666666666, 26.348000000000003], [92.88383333333333, 26.348000000000003], [92.88383333333333, 26.353250000000003], [92.87866666666666, 26.353250000000003]]]}, "properties": {"class_value": 1, "class_name": "Stable"}}, {"type": "Feature", "geometry": {"type": "Polygon", "coordinates": [[[92.92516666666667, 26.353250000000003], [92.92516666666667, 26.348000000000003], [92.93033333333334, 26.348000000000003], [92.93033333333334, 26.353250000000003], [92.92516666666667, 26.353250000000003]]]}, "properties": {"class_value": 1, "class_name": "Stable"}}, {"type": "Feature", "geometry": {"type": "Polygon", "coordinates": [[[93.0285, 26.353250000000003], [93.0285, 26.348000000000003], [93.03366666666666, 26.348000000000003], [93.03366666666666, 26.353250000000003], [93.0285, 26.353250000000003]]]}, "properties": {"class_value": 1, "class_name": "Stable"}}, {"type": "Feature", "geometry": {"type": "Polygon", "coordinates": [[[93.06983333333334, 26.353250000000003], [93.06983333333334, 26.348000000000003], [93.075, 26.348000000000003], [93.075, 26.353250000000003], [93.06983333333334, 26.353250000000003]]]}, "properties": {"class_value": 5, "class_name": "Uncertain / Other"}}, {"type": "Feature", "geometry": {"type": "Polygon", "coordinates": [[[93.075, 26.353250000000003], [93.075, 26.348000000000003], [93.08533333333332, 26.348000000000003], [93.08533333333332, 26.353250000000003], [93.075, 26.353250000000003]]]}, "properties": {"class_value": 1, "class_name": "Stable"}}, {"type": "Feature", "geometry": {"type": "Polygon", "coordinates": [[[93.23516666666666, 26.353250000000003], [93.23516666666666, 26.348000000000003], [93.24033333333333, 26.348000000000003], [93.24033333333333, 26.353250000000003], [93.23516666666666, 26.353250000000003]]]}, "properties": {"class_value": 1, "class_name": "Stable"}}, {"type": "Feature", "geometry": {"type": "Polygon", "coordinates": [[[93.24549999999999, 26.353250000000003], [93.24549999999999, 26.348000000000003], [93.25066666666666, 26.348000000000003], [93.25066666666666, 26.353250000000003], [93.24549999999999, 26.353250000000003]]]}, "properties": {"class_value": 1, "class_name": "Stable"}}, {"type": "Feature", "geometry": {"type": "Polygon", "coordinates": [[[93.571, 26.353250000000003], [93.571, 26.348000000000003], [93.57616666666667, 26.348000000000003], [93.57616666666667, 26.353250000000003], [93.571, 26.353250000000003]]]}, "properties": {"class_value": 1, "class_name": "Stable"}}, {"type": "Feature", "geometry": {"type": "Polygon", "coordinates": [[[93.66916666666667, 26.353250000000003], [93.66916666666667, 26.348000000000003], [93.67433333333334, 26.348000000000003], [93.67433333333334, 26.353250000000003], [93.66916666666667, 26.353250000000003]]]}, "properties": {"class_value": 1, "class_name": "Stable"}}, {"type": "Feature", "geometry": {"type": "Polygon", "coordinates": [[[93.72083333333333, 26.353250000000003], [93.72083333333333, 26.348000000000003], [93.726, 26.348000000000003], [93.726, 26.353250000000003], [93.72083333333333, 26.353250000000003]]]}, "properties": {"class_value": 1, "class_name": "Stable"}}, {"type": "Feature", "geometry": {"type": "Polygon", "coordinates": [[[92.331, 26.348000000000003], [92.331, 26.342750000000002], [92.33616666666667, 26.342750000000002], [92.33616666666667, 26.348000000000003], [92.331, 26.348000000000003]]]}, "properties": {"class_value": 1, "class_name": "Stable"}}, {"type": "Feature", "geometry": {"type": "Polygon", "coordinates": [[[92.34133333333332, 26.348000000000003], [92.34133333333332, 26.342750000000002], [92.34649999999999, 26.342750000000002], [92.34649999999999, 26.348000000000003], [92.34133333333332, 26.348000000000003]]]}, "properties": {"class_value": 1, "class_name": "Stable"}}, {"type": "Feature", "geometry": {"type": "Polygon", "coordinates": [[[92.46016666666667, 26.348000000000003], [92.46016666666667, 26.342750000000002], [92.46533333333333, 26.342750000000002], [92.46533333333333, 26.348000000000003], [92.46016666666667, 26.348000000000003]]]}, "properties": {"class_value": 1, "class_name": "Stable"}}, {"type": "Feature", "geometry": {"type": "Polygon", "coordinates": [[[92.49633333333333, 26.348000000000003], [92.49633333333333, 26.342750000000002], [92.5015, 26.342750000000002], [92.5015, 26.348000000000003], [92.49633333333333, 26.348000000000003]]]}, "properties": {"class_value": 1, "class_name": "Stable"}}, {"type": "Feature", "geometry": {"type": "Polygon", "coordinates": [[[92.72883333333333, 26.348000000000003], [92.72883333333333, 26.342750000000002], [92.734, 26.342750000000002], [92.734, 26.348000000000003], [92.72883333333333, 26.348000000000003]]]}, "properties": {"class_value": 1, "class_name": "Stable"}}, {"type": "Feature", "geometry": {"type": "Polygon", "coordinates": [[[92.84766666666667, 26.348000000000003], [92.84766666666667, 26.342750000000002], [92.85283333333334, 26.342750000000002], [92.85283333333334, 26.348000000000003], [92.84766666666667, 26.348000000000003]]]}, "properties": {"class_value": 1, "class_name": "Stable"}}, {"type": "Feature", "geometry": {"type": "Polygon", "coordinates": [[[92.86833333333333, 26.348000000000003], [92.86833333333333, 26.342750000000002], [92.87349999999999, 26.342750000000002], [92.87349999999999, 26.348000000000003], [92.86833333333333, 26.348000000000003]]]}, "properties": {"class_value": 1, "class_name": "Stable"}}, {"type": "Feature", "geometry": {"type": "Polygon", "coordinates": [[[92.92, 26.348000000000003], [92.92, 26.342750000000002], [92.92516666666667, 26.342750000000002], [92.92516666666667, 26.348000000000003], [92.92, 26.348000000000003]]]}, "properties": {"class_value": 1, "class_name": "Stable"}}, {"type": "Feature", "geometry": {"type": "Polygon", "coordinates": [[[92.98716666666667, 26.348000000000003], [92.98716666666667, 26.342750000000002], [92.99233333333333, 26.342750000000002], [92.99233333333333, 26.348000000000003], [92.98716666666667, 26.348000000000003]]]}, "properties": {"class_value": 1, "class_name": "Stable"}}, {"type": "Feature", "geometry": {"type": "Polygon", "coordinates": [[[93.075, 26.348000000000003], [93.075, 26.342750000000002], [93.08016666666667, 26.342750000000002], [93.08016666666667, 26.348000000000003], [93.075, 26.348000000000003]]]}, "properties": {"class_value": 5, "class_name": "Uncertain / Other"}}, {"type": "Feature", "geometry": {"type": "Polygon", "coordinates": [[[93.10083333333333, 26.348000000000003], [93.10083333333333, 26.342750000000002], [93.106, 26.342750000000002], [93.106, 26.348000000000003], [93.10083333333333, 26.348000000000003]]]}, "properties": {"class_value": 1, "class_name": "Stable"}}, {"type": "Feature", "geometry": {"type": "Polygon", "coordinates": [[[93.67949999999999, 26.348000000000003], [93.67949999999999, 26.342750000000002], [93.68466666666666, 26.342750000000002], [93.68466666666666, 26.348000000000003], [93.67949999999999, 26.348000000000003]]]}, "properties": {"class_value": 1, "class_name": "Stable"}}, {"type": "Feature", "geometry": {"type": "Polygon", "coordinates": [[[93.78283333333333, 26.348000000000003], [93.78283333333333, 26.342750000000002], [93.788, 26.342750000000002], [93.788, 26.348000000000003], [93.78283333333333, 26.348000000000003]]]}, "properties": {"class_value": 1, "class_name": "Stable"}}, {"type": "Feature", "geometry": {"type": "Polygon", "coordinates": [[[93.84483333333333, 26.348000000000003], [93.84483333333333, 26.342750000000002], [93.85, 26.342750000000002], [93.85, 26.348000000000003], [93.84483333333333, 26.348000000000003]]]}, "properties": {"class_value": 1, "class_name": "Stable"}}, {"type": "Feature", "geometry": {"type": "Polygon", "coordinates": [[[93.75699999999999, 26.348000000000003], [93.75699999999999, 26.337500000000002], [93.76216666666666, 26.337500000000002], [93.76216666666666, 26.348000000000003], [93.75699999999999, 26.348000000000003]]]}, "properties": {"class_value": 1, "class_name": "Stable"}}, {"type": "Feature", "geometry": {"type": "Polygon", "coordinates": [[[92.52733333333333, 26.342750000000002], [92.52733333333333, 26.337500000000002], [92.5325, 26.337500000000002], [92.5325, 26.342750000000002], [92.52733333333333, 26.342750000000002]]]}, "properties": {"class_value": 1, "class_name": "Stable"}}, {"type": "Feature", "geometry": {"type": "Polygon", "coordinates": [[[92.63066666666667, 26.342750000000002], [92.63066666666667, 26.337500000000002], [92.63583333333332, 26.337500000000002], [92.63583333333332, 26.342750000000002], [92.63066666666667, 26.342750000000002]]]}, "properties": {"class_value": 1, "class_name": "Stable"}}, {"type": "Feature", "geometry": {"type": "Polygon", "coordinates": [[[92.68233333333333, 26.342750000000002], [92.68233333333333, 26.337500000000002], [92.6875, 26.337500000000002], [92.6875, 26.342750000000002], [92.68233333333333, 26.342750000000002]]]}, "properties": {"class_value": 1, "class_name": "Stable"}}, {"type": "Feature", "geometry": {"type": "Polygon", "coordinates": [[[92.8115, 26.342750000000002], [92.8115, 26.337500000000002], [92.81666666666666, 26.337500000000002], [92.81666666666666, 26.342750000000002], [92.8115, 26.342750000000002]]]}, "properties": {"class_value": 1, "class_name": "Stable"}}, {"type": "Feature", "geometry": {"type": "Polygon", "coordinates": [[[92.92516666666667, 26.342750000000002], [92.92516666666667, 26.337500000000002], [92.93033333333334, 26.337500000000002], [92.93033333333334, 26.342750000000002], [92.92516666666667, 26.342750000000002]]]}, "properties": {"class_value": 1, "class_name": "Stable"}}, {"type": "Feature", "geometry": {"type": "Polygon", "coordinates": [[[92.99233333333333, 26.342750000000002], [92.99233333333333, 26.337500000000002], [92.9975, 26.337500000000002], [92.9975, 26.342750000000002], [92.99233333333333, 26.342750000000002]]]}, "properties": {"class_value": 1, "class_name": "Stable"}}, {"type": "Feature", "geometry": {"type": "Polygon", "coordinates": [[[93.03883333333333, 26.342750000000002], [93.03883333333333, 26.337500000000002], [93.044, 26.337500000000002], [93.044, 26.342750000000002], [93.03883333333333, 26.342750000000002]]]}, "properties": {"class_value": 5, "class_name": "Uncertain / Other"}}, {"type": "Feature", "geometry": {"type": "Polygon", "coordinates": [[[93.11633333333333, 26.342750000000002], [93.11633333333333, 26.337500000000002], [93.1215, 26.337500000000002], [93.1215, 26.342750000000002], [93.11633333333333, 26.342750000000002]]]}, "properties": {"class_value": 1, "class_name": "Stable"}}, {"type": "Feature", "geometry": {"type": "Polygon", "coordinates": [[[93.27133333333333, 26.342750000000002], [93.27133333333333, 26.337500000000002], [93.2765, 26.337500000000002], [93.2765, 26.342750000000002], [93.27133333333333, 26.342750000000002]]]}, "properties": {"class_value": 1, "class_name": "Stable"}}, {"type": "Feature", "geometry": {"type": "Polygon", "coordinates": [[[93.30233333333334, 26.342750000000002], [93.30233333333334, 26.337500000000002], [93.30749999999999, 26.337500000000002], [93.30749999999999, 26.342750000000002], [93.30233333333334, 26.342750000000002]]]}, "properties": {"class_value": 1, "class_name": "Stable"}}, {"type": "Feature", "geometry": {"type": "Polygon", "coordinates": [[[93.354, 26.342750000000002], [93.354, 26.337500000000002], [93.35916666666667, 26.337500000000002], [93.35916666666667, 26.342750000000002], [93.354, 26.342750000000002]]]}, "properties": {"class_value": 1, "class_name": "Stable"}}, {"type": "Feature", "geometry": {"type": "Polygon", "coordinates": [[[93.38499999999999, 26.342750000000002], [93.38499999999999, 26.337500000000002], [93.39016666666666, 26.337500000000002], [93.39016666666666, 26.342750000000002], [93.38499999999999, 26.342750000000002]]]}, "properties": {"class_value": 1, "class_name": "Stable"}}, {"type": "Feature", "geometry": {"type": "Polygon", "coordinates": [[[93.571, 26.342750000000002], [93.571, 26.337500000000002], [93.57616666666667, 26.337500000000002], [93.57616666666667, 26.342750000000002], [93.571, 26.342750000000002]]]}, "properties": {"class_value": 1, "class_name": "Stable"}}, {"type": "Feature", "geometry": {"type": "Polygon", "coordinates": [[[93.72083333333333, 26.342750000000002], [93.72083333333333, 26.337500000000002], [93.726, 26.337500000000002], [93.726, 26.342750000000002], [93.72083333333333, 26.342750000000002]]]}, "properties": {"class_value": 1, "class_name": "Stable"}}, {"type": "Feature", "geometry": {"type": "Polygon", "coordinates": [[[92.43433333333333, 26.342750000000002], [92.43433333333333, 26.332250000000002], [92.4395, 26.332250000000002], [92.4395, 26.342750000000002], [92.43433333333333, 26.342750000000002]]]}, "properties": {"class_value": 1, "class_name": "Stable"}}, {"type": "Feature", "geometry": {"type": "Polygon", "coordinates": [[[92.48083333333334, 26.337500000000002], [92.48083333333334, 26.332250000000002], [92.486, 26.332250000000002], [92.486, 26.337500000000002], [92.48083333333334, 26.337500000000002]]]}, "properties": {"class_value": 1, "class_name": "Stable"}}, {"type": "Feature", "geometry": {"type": "Polygon", "coordinates": [[[92.80633333333333, 26.337500000000002], [92.80633333333333, 26.332250000000002], [92.8115, 26.332250000000002], [92.8115, 26.337500000000002], [92.80633333333333, 26.337500000000002]]]}, "properties": {"class_value": 1, "class_name": "Stable"}}, {"type": "Feature", "geometry": {"type": "Polygon", "coordinates": [[[93.37983333333334, 26.337500000000002], [93.37983333333334, 26.332250000000002], [93.38499999999999, 26.332250000000002], [93.38499999999999, 26.337500000000002], [93.37983333333334, 26.337500000000002]]]}, "properties": {"class_value": 1, "class_name": "Stable"}}, {"type": "Feature", "geometry": {"type": "Polygon", "coordinates": [[[93.478, 26.337500000000002], [93.478, 26.332250000000002], [93.48316666666666, 26.332250000000002], [93.48316666666666, 26.337500000000002], [93.478, 26.337500000000002]]]}, "properties": {"class_value": 1, "class_name": "Stable"}}, {"type": "Feature", "geometry": {"type": "Polygon", "coordinates": [[[93.48833333333333, 26.337500000000002], [93.48833333333333, 26.332250000000002], [93.4935, 26.332250000000002], [93.4935, 26.337500000000002], [93.48833333333333, 26.337500000000002]]]}, "properties": {"class_value": 1, "class_name": "Stable"}}, {"type": "Feature", "geometry": {"type": "Polygon", "coordinates": [[[93.56066666666666, 26.337500000000002], [93.56066666666666, 26.332250000000002], [93.56583333333333, 26.332250000000002], [93.56583333333333, 26.337500000000002], [93.56066666666666, 26.337500000000002]]]}, "properties": {"class_value": 1, "class_name": "Stable"}}, {"type": "Feature", "geometry": {"type": "Polygon", "coordinates": [[[93.68983333333333, 26.337500000000002], [93.68983333333333, 26.332250000000002], [93.695, 26.332250000000002], [93.695, 26.337500000000002], [93.68983333333333, 26.337500000000002]]]}, "properties": {"class_value": 1, "class_name": "Stable"}}, {"type": "Feature", "geometry": {"type": "Polygon", "coordinates": [[[92.68233333333333, 26.332250000000002], [92.68233333333333, 26.327], [92.6875, 26.327], [92.6875, 26.332250000000002], [92.68233333333333, 26.332250000000002]]]}, "properties": {"class_value": 1, "class_name": "Stable"}}, {"type": "Feature", "geometry": {"type": "Polygon", "coordinates": [[[92.9665, 26.332250000000002], [92.9665, 26.327], [92.97166666666666, 26.327], [92.97166666666666, 26.332250000000002], [92.9665, 26.332250000000002]]]}, "properties": {"class_value": 1, "class_name": "Stable"}}, {"type": "Feature", "geometry": {"type": "Polygon", "coordinates": [[[93.00783333333334, 26.332250000000002], [93.00783333333334, 26.327], [93.01299999999999, 26.327], [93.01299999999999, 26.332250000000002], [93.00783333333334, 26.332250000000002]]]}, "properties": {"class_value": 1, "class_name": "Stable"}}, {"type": "Feature", "geometry": {"type": "Polygon", "coordinates": [[[93.05433333333333, 26.332250000000002], [93.05433333333333, 26.327], [93.0595, 26.327], [93.0595, 26.332250000000002], [93.05433333333333, 26.332250000000002]]]}, "properties": {"class_value": 3, "class_name": "Recovering"}}, {"type": "Feature", "geometry": {"type": "Polygon", "coordinates": [[[93.17833333333333, 26.332250000000002], [93.17833333333333, 26.327], [93.1835, 26.327], [93.1835, 26.332250000000002], [93.17833333333333, 26.332250000000002]]]}, "properties": {"class_value": 4, "class_name": "Cyclic"}}, {"type": "Feature", "geometry": {"type": "Polygon", "coordinates": [[[93.1835, 26.332250000000002], [93.1835, 26.327], [93.18866666666666, 26.327], [93.18866666666666, 26.332250000000002], [93.1835, 26.332250000000002]]]}, "properties": {"class_value": 1, "class_name": "Stable"}}, {"type": "Feature", "geometry": {"type": "Polygon", "coordinates": [[[93.21966666666667, 26.332250000000002], [93.21966666666667, 26.327], [93.22483333333334, 26.327], [93.22483333333334, 26.332250000000002], [93.21966666666667, 26.332250000000002]]]}, "properties": {"class_value": 2, "class_name": "Degrading"}}, {"type": "Feature", "geometry": {"type": "Polygon", "coordinates": [[[93.34366666666666, 26.332250000000002], [93.34366666666666, 26.327], [93.34883333333333, 26.327], [93.34883333333333, 26.332250000000002], [93.34366666666666, 26.332250000000002]]]}, "properties": {"class_value": 1, "class_name": "Stable"}}, {"type": "Feature", "geometry": {"type": "Polygon", "coordinates": [[[93.62783333333333, 26.332250000000002], [93.62783333333333, 26.327], [93.633, 26.327], [93.633, 26.332250000000002], [93.62783333333333, 26.332250000000002]]]}, "properties": {"class_value": 1, "class_name": "Stable"}}, {"type": "Feature", "geometry": {"type": "Polygon", "coordinates": [[[93.76733333333333, 26.332250000000002], [93.76733333333333, 26.327], [93.7725, 26.327], [93.7725, 26.332250000000002], [93.76733333333333, 26.332250000000002]]]}, "properties": {"class_value": 1, "class_name": "Stable"}}, {"type": "Feature", "geometry": {"type": "Polygon", "coordinates": [[[92.362, 26.327], [92.362, 26.32175], [92.37233333333333, 26.32175], [92.37233333333333, 26.327], [92.362, 26.327]]]}, "properties": {"class_value": 1, "class_name": "Stable"}}, {"type": "Feature", "geometry": {"type": "Polygon", "coordinates": [[[92.455, 26.327], [92.455, 26.32175], [92.46016666666667, 26.32175], [92.46016666666667, 26.327], [92.455, 26.327]]]}, "properties": {"class_value": 1, "class_name": "Stable"}}, {"type": "Feature", "geometry": {"type": "Polygon", "coordinates": [[[92.46533333333333, 26.327], [92.46533333333333, 26.32175], [92.4705, 26.32175], [92.4705, 26.327], [92.46533333333333, 26.327]]]}, "properties": {"class_value": 1, "class_name": "Stable"}}, {"type": "Feature", "geometry": {"type": "Polygon", "coordinates": [[[92.5015, 26.327], [92.5015, 26.32175], [92.50666666666666, 26.32175], [92.50666666666666, 26.327], [92.5015, 26.327]]]}, "properties": {"class_value": 1, "class_name": "Stable"}}, {"type": "Feature", "geometry": {"type": "Polygon", "coordinates": [[[92.548, 26.327], [92.548, 26.32175], [92.55316666666667, 26.32175], [92.55316666666667, 26.327], [92.548, 26.327]]]}, "properties": {"class_value": 1, "class_name": "Stable"}}, {"type": "Feature", "geometry": {"type": "Polygon", "coordinates": [[[93.106, 26.327], [93.106, 26.32175], [93.11116666666666, 26.32175], [93.11116666666666, 26.327], [93.106, 26.327]]]}, "properties": {"class_value": 4, "class_name": "Cyclic"}}, {"type": "Feature", "geometry": {"type": "Polygon", "coordinates": [[[93.31266666666666, 26.327], [93.31266666666666, 26.32175], [93.31783333333333, 26.32175], [93.31783333333333, 26.327], [93.31266666666666, 26.327]]]}, "properties": {"class_value": 2, "class_name": "Degrading"}}, {"type": "Feature", "geometry": {"type": "Polygon", "coordinates": [[[93.45216666666667, 26.327], [93.45216666666667, 26.32175], [93.45733333333332, 26.32175], [93.45733333333332, 26.327], [93.45216666666667, 26.327]]]}, "properties": {"class_value": 1, "class_name": "Stable"}}, {"type": "Feature", "geometry": {"type": "Polygon", "coordinates": [[[93.48833333333333, 26.327], [93.48833333333333, 26.32175], [93.4935, 26.32175], [93.4935, 26.327], [93.48833333333333, 26.327]]]}, "properties": {"class_value": 2, "class_name": "Degrading"}}, {"type": "Feature", "geometry": {"type": "Polygon", "coordinates": [[[93.61233333333332, 26.327], [93.61233333333332, 26.32175], [93.61749999999999, 26.32175], [93.61749999999999, 26.327], [93.61233333333332, 26.327]]]}, "properties": {"class_value": 2, "class_name": "Degrading"}}, {"type": "Feature", "geometry": {"type": "Polygon", "coordinates": [[[93.83449999999999, 26.327], [93.83449999999999, 26.32175], [93.83966666666666, 26.32175], [93.83966666666666, 26.327], [93.83449999999999, 26.327]]]}, "properties": {"class_value": 5, "class_name": "Uncertain / Other"}}, {"type": "Feature", "geometry": {"type": "Polygon", "coordinates": [[[92.44983333333333, 26.32175], [92.44983333333333, 26.3165], [92.455, 26.3165], [92.455, 26.32175], [92.44983333333333, 26.32175]]]}, "properties": {"class_value": 1, "class_name": "Stable"}}, {"type": "Feature", "geometry": {"type": "Polygon", "coordinates": [[[92.52216666666666, 26.32175], [92.52216666666666, 26.3165], [92.52733333333333, 26.3165], [92.52733333333333, 26.32175], [92.52216666666666, 26.32175]]]}, "properties": {"class_value": 1, "class_name": "Stable"}}, {"type": "Feature", "geometry": {"type": "Polygon", "coordinates": [[[92.73916666666666, 26.32175], [92.73916666666666, 26.3165], [92.74433333333333, 26.3165], [92.74433333333333, 26.32175], [92.73916666666666, 26.32175]]]}, "properties": {"class_value": 1, "class_name": "Stable"}}, {"type": "Feature", "geometry": {"type": "Polygon", "coordinates": [[[92.80633333333333, 26.32175], [92.80633333333333, 26.3165], [92.8115, 26.3165], [92.8115, 26.32175], [92.80633333333333, 26.32175]]]}, "properties": {"class_value": 1, "class_name": "Stable"}}, {"type": "Feature", "geometry": {"type": "Polygon", "coordinates": [[[92.83733333333333, 26.32175], [92.83733333333333, 26.3165], [92.8425, 26.3165], [92.8425, 26.32175], [92.83733333333333, 26.32175]]]}, "properties": {"class_value": 1, "class_name": "Stable"}}, {"type": "Feature", "geometry": {"type": "Polygon", "coordinates": [[[92.97683333333333, 26.32175], [92.97683333333333, 26.3165], [92.982, 26.3165], [92.982, 26.32175], [92.97683333333333, 26.32175]]]}, "properties": {"class_value": 2, "class_name": "Degrading"}}, {"type": "Feature", "geometry": {"type": "Polygon", "coordinates": [[[93.0595, 26.32175], [93.0595, 26.3165], [93.06466666666667, 26.3165], [93.06466666666667, 26.32175], [93.0595, 26.32175]]]}, "properties": {"class_value": 5, "class_name": "Uncertain / Other"}}, {"type": "Feature", "geometry": {"type": "Polygon", "coordinates": [[[93.23, 26.32175], [93.23, 26.3165], [93.23516666666666, 26.3165], [93.23516666666666, 26.32175], [93.23, 26.32175]]]}, "properties": {"class_value": 2, "class_name": "Degrading"}}, {"type": "Feature", "geometry": {"type": "Polygon", "coordinates": [[[93.31783333333333, 26.32175], [93.31783333333333, 26.3165], [93.323, 26.3165], [93.323, 26.32175], [93.31783333333333, 26.32175]]]}, "properties": {"class_value": 1, "class_name": "Stable"}}, {"type": "Feature", "geometry": {"type": "Polygon", "coordinates": [[[93.46766666666666, 26.32175], [93.46766666666666, 26.3165], [93.47283333333333, 26.3165], [93.47283333333333, 26.32175], [93.46766666666666, 26.32175]]]}, "properties": {"class_value": 1, "class_name": "Stable"}}, {"type": "Feature", "geometry": {"type": "Polygon", "coordinates": [[[93.478, 26.32175], [93.478, 26.3165], [93.48316666666666, 26.3165], [93.48316666666666, 26.32175], [93.478, 26.32175]]]}, "properties": {"class_value": 1, "class_name": "Stable"}}, {"type": "Feature", "geometry": {"type": "Polygon", "coordinates": [[[93.57616666666667, 26.32175], [93.57616666666667, 26.3165], [93.58133333333333, 26.3165], [93.58133333333333, 26.32175], [93.57616666666667, 26.32175]]]}, "properties": {"class_value": 1, "class_name": "Stable"}}, {"type": "Feature", "geometry": {"type": "Polygon", "coordinates": [[[93.70533333333333, 26.32175], [93.70533333333333, 26.3165], [93.7105, 26.3165], [93.7105, 26.32175], [93.70533333333333, 26.32175]]]}, "properties": {"class_value": 1, "class_name": "Stable"}}, {"type": "Feature", "geometry": {"type": "Polygon", "coordinates": [[[93.77766666666666, 26.32175], [93.77766666666666, 26.3165], [93.78283333333333, 26.3165], [93.78283333333333, 26.32175], [93.77766666666666, 26.32175]]]}, "properties": {"class_value": 1, "class_name": "Stable"}}, {"type": "Feature", "geometry": {"type": "Polygon", "coordinates": [[[93.788, 26.32175], [93.788, 26.3165], [93.79316666666666, 26.3165], [93.79316666666666, 26.32175], [93.788, 26.32175]]]}, "properties": {"class_value": 1, "class_name": "Stable"}}, {"type": "Feature", "geometry": {"type": "Polygon", "coordinates": [[[92.50666666666666, 26.32175], [92.50666666666666, 26.31125], [92.51183333333333, 26.31125], [92.51183333333333, 26.32175], [92.50666666666666, 26.32175]]]}, "properties": {"class_value": 1, "class_name": "Stable"}}, {"type": "Feature", "geometry": {"type": "Polygon", "coordinates": [[[92.67716666666666, 26.3165], [92.67716666666666, 26.31125], [92.68233333333333, 26.31125], [92.68233333333333, 26.3165], [92.67716666666666, 26.3165]]]}, "properties": {"class_value": 1, "class_name": "Stable"}}, {"type": "Feature", "geometry": {"type": "Polygon", "coordinates": [[[92.6875, 26.3165], [92.6875, 26.31125], [92.69266666666667, 26.31125], [92.69266666666667, 26.3165], [92.6875, 26.3165]]]}, "properties": {"class_value": 1, "class_name": "Stable"}}, {"type": "Feature", "geometry": {"type": "Polygon", "coordinates": [[[92.69783333333334, 26.3165], [92.69783333333334, 26.31125], [92.703, 26.31125], [92.703, 26.3165], [92.69783333333334, 26.3165]]]}, "properties": {"class_value": 1, "class_name": "Stable"}}, {"type": "Feature", "geometry": {"type": "Polygon", "coordinates": [[[92.77533333333334, 26.3165], [92.77533333333334, 26.31125], [92.7805, 26.31125], [92.7805, 26.3165], [92.77533333333334, 26.3165]]]}, "properties": {"class_value": 1, "class_name": "Stable"}}, {"type": "Feature", "geometry": {"type": "Polygon", "coordinates": [[[92.78566666666666, 26.3165], [92.78566666666666, 26.31125], [92.79083333333332, 26.31125], [92.79083333333332, 26.3165], [92.78566666666666, 26.3165]]]}, "properties": {"class_value": 4, "class_name": "Cyclic"}}, {"type": "Feature", "geometry": {"type": "Polygon", "coordinates": [[[93.11633333333333, 26.3165], [93.11633333333333, 26.31125], [93.1215, 26.31125], [93.1215, 26.3165], [93.11633333333333, 26.3165]]]}, "properties": {"class_value": 1, "class_name": "Stable"}}, {"type": "Feature", "geometry": {"type": "Polygon", "coordinates": [[[93.292, 26.3165], [93.292, 26.31125], [93.29716666666667, 26.31125], [93.29716666666667, 26.3165], [93.292, 26.3165]]]}, "properties": {"class_value": 5, "class_name": "Uncertain / Other"}}, {"type": "Feature", "geometry": {"type": "Polygon", "coordinates": [[[93.354, 26.3165], [93.354, 26.31125], [93.35916666666667, 26.31125], [93.35916666666667, 26.3165], [93.354, 26.3165]]]}, "properties": {"class_value": 1, "class_name": "Stable"}}, {"type": "Feature", "geometry": {"type": "Polygon", "coordinates": [[[93.4005, 26.3165], [93.4005, 26.31125], [93.40566666666666, 26.31125], [93.40566666666666, 26.3165], [93.4005, 26.3165]]]}, "properties": {"class_value": 1, "class_name": "Stable"}}, {"type": "Feature", "geometry": {"type": "Polygon", "coordinates": [[[93.43666666666667, 26.3165], [93.43666666666667, 26.31125], [93.44183333333334, 26.31125], [93.44183333333334, 26.3165], [93.43666666666667, 26.3165]]]}, "properties": {"class_value": 1, "class_name": "Stable"}}, {"type": "Feature", "geometry": {"type": "Polygon", "coordinates": [[[93.7105, 26.3165], [93.7105, 26.31125], [93.71566666666666, 26.31125], [93.71566666666666, 26.3165], [93.7105, 26.3165]]]}, "properties": {"class_value": 1, "class_name": "Stable"}}, {"type": "Feature", "geometry": {"type": "Polygon", "coordinates": [[[92.84766666666667, 26.3165], [92.84766666666667, 26.306], [92.85283333333334, 26.306], [92.85283333333334, 26.3165], [92.84766666666667, 26.3165]]]}, "properties": {"class_value": 1, "class_name": "Stable"}}, {"type": "Feature", "geometry": {"type": "Polygon", "coordinates": [[[93.075, 26.3165], [93.075, 26.306], [93.08016666666667, 26.306], [93.08016666666667, 26.3165], [93.075, 26.3165]]]}, "properties": {"class_value": 3, "class_name": "Recovering"}}, {"type": "Feature", "geometry": {"type": "Polygon", "coordinates": [[[92.38266666666667, 26.31125], [92.38266666666667, 26.306], [92.38783333333333, 26.306], [92.38783333333333, 26.31125], [92.38266666666667, 26.31125]]]}, "properties": {"class_value": 1, "class_name": "Stable"}}, {"type": "Feature", "geometry": {"type": "Polygon", "coordinates": [[[92.548, 26.31125], [92.548, 26.306], [92.55316666666667, 26.306], [92.55316666666667, 26.31125], [92.548, 26.31125]]]}, "properties": {"class_value": 1, "class_name": "Stable"}}, {"type": "Feature", "geometry": {"type": "Polygon", "coordinates": [[[92.57383333333333, 26.31125], [92.57383333333333, 26.306], [92.579, 26.306], [92.579, 26.31125], [92.57383333333333, 26.31125]]]}, "properties": {"class_value": 1, "class_name": "Stable"}}, {"type": "Feature", "geometry": {"type": "Polygon", "coordinates": [[[92.58933333333333, 26.31125], [92.58933333333333, 26.306], [92.5945, 26.306], [92.5945, 26.31125], [92.58933333333333, 26.31125]]]}, "properties": {"class_value": 1, "class_name": "Stable"}}, {"type": "Feature", "geometry": {"type": "Polygon", "coordinates": [[[92.79083333333332, 26.31125], [92.79083333333332, 26.306], [92.80116666666666, 26.306], [92.80116666666666, 26.31125], [92.79083333333332, 26.31125]]]}, "properties": {"class_value": 1, "class_name": "Stable"}}, {"type": "Feature", "geometry": {"type": "Polygon", "coordinates": [[[93.03366666666666, 26.31125], [93.03366666666666, 26.306], [93.03883333333333, 26.306], [93.03883333333333, 26.31125], [93.03366666666666, 26.31125]]]}, "properties": {"class_value": 5, "class_name": "Uncertain / Other"}}, {"type": "Feature", "geometry": {"type": "Polygon", "coordinates": [[[93.08533333333332, 26.31125], [93.08533333333332, 26.306], [93.09049999999999, 26.306], [93.09049999999999, 26.31125], [93.08533333333332, 26.31125]]]}, "properties": {"class_value": 1, "class_name": "Stable"}}, {"type": "Feature", "geometry": {"type": "Polygon", "coordinates": [[[93.1215, 26.31125], [93.1215, 26.306], [93.12666666666667, 26.306], [93.12666666666667, 26.31125], [93.1215, 26.31125]]]}, "properties": {"class_value": 1, "class_name": "Stable"}}, {"type": "Feature", "geometry": {"type": "Polygon", "coordinates": [[[93.22483333333334, 26.31125], [93.22483333333334, 26.306], [93.23, 26.306], [93.23, 26.31125], [93.22483333333334, 26.31125]]]}, "properties": {"class_value": 2, "class_name": "Degrading"}}, {"type": "Feature", "geometry": {"type": "Polygon", "coordinates": [[[93.42633333333333, 26.31125], [93.42633333333333, 26.306], [93.4315, 26.306], [93.4315, 26.31125], [93.42633333333333, 26.31125]]]}, "properties": {"class_value": 1, "class_name": "Stable"}}, {"type": "Feature", "geometry": {"type": "Polygon", "coordinates": [[[93.44183333333334, 26.31125], [93.44183333333334, 26.306], [93.447, 26.306], [93.447, 26.31125], [93.44183333333334, 26.31125]]]}, "properties": {"class_value": 1, "class_name": "Stable"}}, {"type": "Feature", "geometry": {"type": "Polygon", "coordinates": [[[93.47283333333333, 26.31125], [93.47283333333333, 26.306], [93.478, 26.306], [93.478, 26.31125], [93.47283333333333, 26.31125]]]}, "properties": {"class_value": 1, "class_name": "Stable"}}, {"type": "Feature", "geometry": {"type": "Polygon", "coordinates": [[[93.50383333333333, 26.31125], [93.50383333333333, 26.306], [93.509, 26.306], [93.509, 26.31125], [93.50383333333333, 26.31125]]]}, "properties": {"class_value": 1, "class_name": "Stable"}}, {"type": "Feature", "geometry": {"type": "Polygon", "coordinates": [[[93.72083333333333, 26.31125], [93.72083333333333, 26.306], [93.726, 26.306], [93.726, 26.31125], [93.72083333333333, 26.31125]]]}, "properties": {"class_value": 1, "class_name": "Stable"}}, {"type": "Feature", "geometry": {"type": "Polygon", "coordinates": [[[93.77766666666666, 26.31125], [93.77766666666666, 26.306], [93.78283333333333, 26.306], [93.78283333333333, 26.31125], [93.77766666666666, 26.31125]]]}, "properties": {"class_value": 1, "class_name": "Stable"}}, {"type": "Feature", "geometry": {"type": "Polygon", "coordinates": [[[93.788, 26.31125], [93.788, 26.306], [93.79316666666666, 26.306], [93.79316666666666, 26.31125], [93.788, 26.31125]]]}, "properties": {"class_value": 1, "class_name": "Stable"}}, {"type": "Feature", "geometry": {"type": "Polygon", "coordinates": [[[93.53483333333332, 26.31125], [93.53483333333332, 26.30075], [93.53999999999999, 26.30075], [93.53999999999999, 26.31125], [93.53483333333332, 26.31125]]]}, "properties": {"class_value": 1, "class_name": "Stable"}}, {"type": "Feature", "geometry": {"type": "Polygon", "coordinates": [[[92.3155, 26.306], [92.3155, 26.30075], [92.32066666666667, 26.30075], [92.32066666666667, 26.306], [92.3155, 26.306]]]}, "properties": {"class_value": 1, "class_name": "Stable"}}, {"type": "Feature", "geometry": {"type": "Polygon", "coordinates": [[[92.50666666666666, 26.306], [92.50666666666666, 26.30075], [92.51183333333333, 26.30075], [92.51183333333333, 26.306], [92.50666666666666, 26.306]]]}, "properties": {"class_value": 1, "class_name": "Stable"}}, {"type": "Feature", "geometry": {"type": "Polygon", "coordinates": [[[92.97683333333333, 26.306], [92.97683333333333, 26.30075], [92.982, 26.30075], [92.982, 26.306], [92.97683333333333, 26.306]]]}, "properties": {"class_value": 1, "class_name": "Stable"}}, {"type": "Feature", "geometry": {"type": "Polygon", "coordinates": [[[93.01816666666666, 26.306], [93.01816666666666, 26.30075], [93.02333333333333, 26.30075], [93.02333333333333, 26.306], [93.01816666666666, 26.306]]]}, "properties": {"class_value": 1, "class_name": "Stable"}}, {"type": "Feature", "geometry": {"type": "Polygon", "coordinates": [[[93.17316666666666, 26.306], [93.17316666666666, 26.30075], [93.17833333333333, 26.30075], [93.17833333333333, 26.306], [93.17316666666666, 26.306]]]}, "properties": {"class_value": 1, "class_name": "Stable"}}, {"type": "Feature", "geometry": {"type": "Polygon", "coordinates": [[[93.27133333333333, 26.306], [93.27133333333333, 26.30075], [93.2765, 26.30075], [93.2765, 26.306], [93.27133333333333, 26.306]]]}, "properties": {"class_value": 1, "class_name": "Stable"}}, {"type": "Feature", "geometry": {"type": "Polygon", "coordinates": [[[93.4005, 26.306], [93.4005, 26.30075], [93.40566666666666, 26.30075], [93.40566666666666, 26.306], [93.4005, 26.306]]]}, "properties": {"class_value": 1, "class_name": "Stable"}}, {"type": "Feature", "geometry": {"type": "Polygon", "coordinates": [[[93.447, 26.306], [93.447, 26.30075], [93.45216666666667, 26.30075], [93.45216666666667, 26.306], [93.447, 26.306]]]}, "properties": {"class_value": 1, "class_name": "Stable"}}, {"type": "Feature", "geometry": {"type": "Polygon", "coordinates": [[[93.633, 26.306], [93.633, 26.30075], [93.63816666666666, 26.30075], [93.63816666666666, 26.306], [93.633, 26.306]]]}, "properties": {"class_value": 1, "class_name": "Stable"}}, {"type": "Feature", "geometry": {"type": "Polygon", "coordinates": [[[93.8035, 26.306], [93.8035, 26.30075], [93.80866666666667, 26.30075], [93.80866666666667, 26.306], [93.8035, 26.306]]]}, "properties": {"class_value": 1, "class_name": "Stable"}}, {"type": "Feature", "geometry": {"type": "Polygon", "coordinates": [[[93.84483333333333, 26.306], [93.84483333333333, 26.30075], [93.85, 26.30075], [93.85, 26.306], [93.84483333333333, 26.306]]]}, "properties": {"class_value": 1, "class_name": "Stable"}}, {"type": "Feature", "geometry": {"type": "Polygon", "coordinates": [[[92.49116666666666, 26.30075], [92.49116666666666, 26.2955], [92.49633333333333, 26.2955], [92.49633333333333, 26.30075], [92.49116666666666, 26.30075]]]}, "properties": {"class_value": 1, "class_name": "Stable"}}, {"type": "Feature", "geometry": {"type": "Polygon", "coordinates": [[[92.52216666666666, 26.30075], [92.52216666666666, 26.2955], [92.52733333333333, 26.2955], [92.52733333333333, 26.30075], [92.52216666666666, 26.30075]]]}, "properties": {"class_value": 1, "class_name": "Stable"}}, {"type": "Feature", "geometry": {"type": "Polygon", "coordinates": [[[92.55833333333334, 26.30075], [92.55833333333334, 26.2955], [92.56349999999999, 26.2955], [92.56349999999999, 26.30075], [92.55833333333334, 26.30075]]]}, "properties": {"class_value": 1, "class_name": "Stable"}}, {"type": "Feature", "geometry": {"type": "Polygon", "coordinates": [[[92.61516666666667, 26.30075], [92.61516666666667, 26.2955], [92.62033333333333, 26.2955], [92.62033333333333, 26.30075], [92.61516666666667, 26.30075]]]}, "properties": {"class_value": 1, "class_name": "Stable"}}, {"type": "Feature", "geometry": {"type": "Polygon", "coordinates": [[[92.7805, 26.30075], [92.7805, 26.2955], [92.78566666666666, 26.2955], [92.78566666666666, 26.30075], [92.7805, 26.30075]]]}, "properties": {"class_value": 1, "class_name": "Stable"}}, {"type": "Feature", "geometry": {"type": "Polygon", "coordinates": [[[92.79083333333332, 26.30075], [92.79083333333332, 26.2955], [92.79599999999999, 26.2955], [92.79599999999999, 26.30075], [92.79083333333332, 26.30075]]]}, "properties": {"class_value": 2, "class_name": "Degrading"}}, {"type": "Feature", "geometry": {"type": "Polygon", "coordinates": [[[92.80633333333333, 26.30075], [92.80633333333333, 26.2955], [92.8115, 26.2955], [92.8115, 26.30075], [92.80633333333333, 26.30075]]]}, "properties": {"class_value": 1, "class_name": "Stable"}}, {"type": "Feature", "geometry": {"type": "Polygon", "coordinates": [[[92.81666666666666, 26.30075], [92.81666666666666, 26.2955], [92.82183333333333, 26.2955], [92.82183333333333, 26.30075], [92.81666666666666, 26.30075]]]}, "properties": {"class_value": 1, "class_name": "Stable"}}, {"type": "Feature", "geometry": {"type": "Polygon", "coordinates": [[[92.83733333333333, 26.30075], [92.83733333333333, 26.2955], [92.8425, 26.2955], [92.8425, 26.30075], [92.83733333333333, 26.30075]]]}, "properties": {"class_value": 1, "class_name": "Stable"}}, {"type": "Feature", "geometry": {"type": "Polygon", "coordinates": [[[92.87349999999999, 26.30075], [92.87349999999999, 26.2955], [92.87866666666666, 26.2955], [92.87866666666666, 26.30075], [92.87349999999999, 26.30075]]]}, "properties": {"class_value": 2, "class_name": "Degrading"}}, {"type": "Feature", "geometry": {"type": "Polygon", "coordinates": [[[93.06466666666667, 26.30075], [93.06466666666667, 26.2955], [93.06983333333334, 26.2955], [93.06983333333334, 26.30075], [93.06466666666667, 26.30075]]]}, "properties": {"class_value": 3, "class_name": "Recovering"}}, {"type": "Feature", "geometry": {"type": "Polygon", "coordinates": [[[93.16799999999999, 26.30075], [93.16799999999999, 26.2955], [93.17316666666666, 26.2955], [93.17316666666666, 26.30075], [93.16799999999999, 26.30075]]]}, "properties": {"class_value": 1, "class_name": "Stable"}}, {"type": "Feature", "geometry": {"type": "Polygon", "coordinates": [[[93.18866666666666, 26.30075], [93.18866666666666, 26.2955], [93.19383333333333, 26.2955], [93.19383333333333, 26.30075], [93.18866666666666, 26.30075]]]}, "properties": {"class_value": 1, "class_name": "Stable"}}, {"type": "Feature", "geometry": {"type": "Polygon", "coordinates": [[[93.42633333333333, 26.30075], [93.42633333333333, 26.2955], [93.4315, 26.2955], [93.4315, 26.30075], [93.42633333333333, 26.30075]]]}, "properties": {"class_value": 1, "class_name": "Stable"}}, {"type": "Feature", "geometry": {"type": "Polygon", "coordinates": [[[93.47283333333333, 26.30075], [93.47283333333333, 26.2955], [93.478, 26.2955], [93.478, 26.30075], [93.47283333333333, 26.30075]]]}, "properties": {"class_value": 1, "class_name": "Stable"}}, {"type": "Feature", "geometry": {"type": "Polygon", "coordinates": [[[93.7725, 26.30075], [93.7725, 26.2955], [93.77766666666666, 26.2955], [93.77766666666666, 26.30075], [93.7725, 26.30075]]]}, "properties": {"class_value": 2, "class_name": "Degrading"}}, {"type": "Feature", "geometry": {"type": "Polygon", "coordinates": [[[93.61749999999999, 26.30075], [93.61749999999999, 26.29025], [93.62266666666666, 26.29025], [93.62266666666666, 26.30075], [93.61749999999999, 26.30075]]]}, "properties": {"class_value": 1, "class_name": "Stable"}}, {"type": "Feature", "geometry": {"type": "Polygon", "coordinates": [[[92.32583333333334, 26.2955], [92.32583333333334, 26.29025], [92.331, 26.29025], [92.331, 26.2955], [92.32583333333334, 26.2955]]]}, "properties": {"class_value": 1, "class_name": "Stable"}}, {"type": "Feature", "geometry": {"type": "Polygon", "coordinates": [[[92.74433333333333, 26.2955], [92.74433333333333, 26.29025], [92.7495, 26.29025], [92.7495, 26.2955], [92.74433333333333, 26.2955]]]}, "properties": {"class_value": 1, "class_name": "Stable"}}, {"type": "Feature", "geometry": {"type": "Polygon", "coordinates": [[[92.80116666666666, 26.2955], [92.80116666666666, 26.29025], [92.80633333333333, 26.29025], [92.80633333333333, 26.2955], [92.80116666666666, 26.2955]]]}, "properties": {"class_value": 1, "class_name": "Stable"}}, {"type": "Feature", "geometry": {"type": "Polygon", "coordinates": [[[92.96133333333333, 26.2955], [92.96133333333333, 26.29025], [92.9665, 26.29025], [92.9665, 26.2955], [92.96133333333333, 26.2955]]]}, "properties": {"class_value": 1, "class_name": "Stable"}}, {"type": "Feature", "geometry": {"type": "Polygon", "coordinates": [[[93.03883333333333, 26.2955], [93.03883333333333, 26.29025], [93.044, 26.29025], [93.044, 26.2955], [93.03883333333333, 26.2955]]]}, "properties": {"class_value": 5, "class_name": "Uncertain / Other"}}, {"type": "Feature", "geometry": {"type": "Polygon", "coordinates": [[[93.044, 26.2955], [93.044, 26.29025], [93.04916666666666, 26.29025], [93.04916666666666, 26.2955], [93.044, 26.2955]]]}, "properties": {"class_value": 3, "class_name": "Recovering"}}, {"type": "Feature", "geometry": {"type": "Polygon", "coordinates": [[[93.06466666666667, 26.2955], [93.06466666666667, 26.29025], [93.06983333333334, 26.29025], [93.06983333333334, 26.2955], [93.06466666666667, 26.2955]]]}, "properties": {"class_value": 5, "class_name": "Uncertain / Other"}}, {"type": "Feature", "geometry": {"type": "Polygon", "coordinates": [[[93.13183333333333, 26.2955], [93.13183333333333, 26.29025], [93.14216666666667, 26.29025], [93.14216666666667, 26.2955], [93.13183333333333, 26.2955]]]}, "properties": {"class_value": 1, "class_name": "Stable"}}, {"type": "Feature", "geometry": {"type": "Polygon", "coordinates": [[[93.17833333333333, 26.2955], [93.17833333333333, 26.29025], [93.1835, 26.29025], [93.1835, 26.2955], [93.17833333333333, 26.2955]]]}, "properties": {"class_value": 1, "class_name": "Stable"}}, {"type": "Feature", "geometry": {"type": "Polygon", "coordinates": [[[93.35916666666667, 26.2955], [93.35916666666667, 26.29025], [93.36433333333333, 26.29025], [93.36433333333333, 26.2955], [93.35916666666667, 26.2955]]]}, "properties": {"class_value": 1, "class_name": "Stable"}}, {"type": "Feature", "geometry": {"type": "Polygon", "coordinates": [[[93.3695, 26.2955], [93.3695, 26.29025], [93.37466666666667, 26.29025], [93.37466666666667, 26.2955], [93.3695, 26.2955]]]}, "properties": {"class_value": 1, "class_name": "Stable"}}, {"type": "Feature", "geometry": {"type": "Polygon", "coordinates": [[[93.45216666666667, 26.2955], [93.45216666666667, 26.29025], [93.45733333333332, 26.29025], [93.45733333333332, 26.2955], [93.45216666666667, 26.2955]]]}, "properties": {"class_value": 1, "class_name": "Stable"}}, {"type": "Feature", "geometry": {"type": "Polygon", "coordinates": [[[93.48833333333333, 26.2955], [93.48833333333333, 26.29025], [93.4935, 26.29025], [93.4935, 26.2955], [93.48833333333333, 26.2955]]]}, "properties": {"class_value": 1, "class_name": "Stable"}}, {"type": "Feature", "geometry": {"type": "Polygon", "coordinates": [[[93.66916666666667, 26.2955], [93.66916666666667, 26.29025], [93.67433333333334, 26.29025], [93.67433333333334, 26.2955], [93.66916666666667, 26.2955]]]}, "properties": {"class_value": 1, "class_name": "Stable"}}, {"type": "Feature", "geometry": {"type": "Polygon", "coordinates": [[[93.68466666666666, 26.2955], [93.68466666666666, 26.29025], [93.68983333333333, 26.29025], [93.68983333333333, 26.2955], [93.68466666666666, 26.2955]]]}, "properties": {"class_value": 1, "class_name": "Stable"}}, {"type": "Feature", "geometry": {"type": "Polygon", "coordinates": [[[93.73633333333333, 26.2955], [93.73633333333333, 26.29025], [93.7415, 26.29025], [93.7415, 26.2955], [93.73633333333333, 26.2955]]]}, "properties": {"class_value": 1, "class_name": "Stable"}}, {"type": "Feature", "geometry": {"type": "Polygon", "coordinates": [[[93.82933333333332, 26.2955], [93.82933333333332, 26.29025], [93.83449999999999, 26.29025], [93.83449999999999, 26.2955], [93.82933333333332, 26.2955]]]}, "properties": {"class_value": 1, "class_name": "Stable"}}, {"type": "Feature", "geometry": {"type": "Polygon", "coordinates": [[[92.34133333333332, 26.29025], [92.34133333333332, 26.285], [92.34649999999999, 26.285], [92.34649999999999, 26.29025], [92.34133333333332, 26.29025]]]}, "properties": {"class_value": 1, "class_name": "Stable"}}, {"type": "Feature", "geometry": {"type": "Polygon", "coordinates": [[[92.61516666666667, 26.29025], [92.61516666666667, 26.285], [92.62033333333333, 26.285], [92.62033333333333, 26.29025], [92.61516666666667, 26.29025]]]}, "properties": {"class_value": 1, "class_name": "Stable"}}, {"type": "Feature", "geometry": {"type": "Polygon", "coordinates": [[[92.64616666666666, 26.29025], [92.64616666666666, 26.285], [92.65133333333333, 26.285], [92.65133333333333, 26.29025], [92.64616666666666, 26.29025]]]}, "properties": {"class_value": 1, "class_name": "Stable"}}, {"type": "Feature", "geometry": {"type": "Polygon", "coordinates": [[[92.7805, 26.29025], [92.7805, 26.285], [92.78566666666666, 26.285], [92.78566666666666, 26.29025], [92.7805, 26.29025]]]}, "properties": {"class_value": 2, "class_name": "Degrading"}}, {"type": "Feature", "geometry": {"type": "Polygon", "coordinates": [[[92.82183333333333, 26.29025], [92.82183333333333, 26.285], [92.827, 26.285], [92.827, 26.29025], [92.82183333333333, 26.29025]]]}, "properties": {"class_value": 1, "class_name": "Stable"}}, {"type": "Feature", "geometry": {"type": "Polygon", "coordinates": [[[92.858, 26.29025], [92.858, 26.285], [92.86316666666666, 26.285], [92.86316666666666, 26.29025], [92.858, 26.29025]]]}, "properties": {"class_value": 1, "class_name": "Stable"}}, {"type": "Feature", "geometry": {"type": "Polygon", "coordinates": [[[92.93033333333334, 26.29025], [92.93033333333334, 26.285], [92.93549999999999, 26.285], [92.93549999999999, 26.29025], [92.93033333333334, 26.29025]]]}, "properties": {"class_value": 1, "class_name": "Stable"}}, {"type": "Feature", "geometry": {"type": "Polygon", "coordinates": [[[93.19383333333333, 26.29025], [93.19383333333333, 26.285], [93.199, 26.285], [93.199, 26.29025], [93.19383333333333, 26.29025]]]}, "properties": {"class_value": 2, "class_name": "Degrading"}}, {"type": "Feature", "geometry": {"type": "Polygon", "coordinates": [[[93.43666666666667, 26.29025], [93.43666666666667, 26.285], [93.44183333333334, 26.285], [93.44183333333334, 26.29025], [93.43666666666667, 26.29025]]]}, "properties": {"class_value": 1, "class_name": "Stable"}}, {"type": "Feature", "geometry": {"type": "Polygon", "coordinates": [[[93.45733333333332, 26.29025], [93.45733333333332, 26.285], [93.46249999999999, 26.285], [93.46249999999999, 26.29025], [93.45733333333332, 26.29025]]]}, "properties": {"class_value": 1, "class_name": "Stable"}}, {"type": "Feature", "geometry": {"type": "Polygon", "coordinates": [[[93.51416666666667, 26.29025], [93.51416666666667, 26.285], [93.51933333333334, 26.285], [93.51933333333334, 26.29025], [93.51416666666667, 26.29025]]]}, "properties": {"class_value": 1, "class_name": "Stable"}}, {"type": "Feature", "geometry": {"type": "Polygon", "coordinates": [[[93.571, 26.29025], [93.571, 26.285], [93.57616666666667, 26.285], [93.57616666666667, 26.29025], [93.571, 26.29025]]]}, "properties": {"class_value": 1, "class_name": "Stable"}}, {"type": "Feature", "geometry": {"type": "Polygon", "coordinates": [[[93.80866666666667, 26.29025], [93.80866666666667, 26.285], [93.81383333333333, 26.285], [93.81383333333333, 26.29025], [93.80866666666667, 26.29025]]]}, "properties": {"class_value": 1, "class_name": "Stable"}}, {"type": "Feature", "geometry": {"type": "Polygon", "coordinates": [[[92.34649999999999, 26.285], [92.34649999999999, 26.27975], [92.35166666666666, 26.27975], [92.35166666666666, 26.285], [92.34649999999999, 26.285]]]}, "properties": {"class_value": 1, "class_name": "Stable"}}, {"type": "Feature", "geometry": {"type": "Polygon", "coordinates": [[[92.4705, 26.285], [92.4705, 26.27975], [92.47566666666667, 26.27975], [92.47566666666667, 26.285], [92.4705, 26.285]]]}, "properties": {"class_value": 1, "class_name": "Stable"}}, {"type": "Feature", "geometry": {"type": "Polygon", "coordinates": [[[92.49633333333333, 26.285], [92.49633333333333, 26.27975], [92.5015, 26.27975], [92.5015, 26.285], [92.49633333333333, 26.285]]]}, "properties": {"class_value": 1, "class_name": "Stable"}}, {"type": "Feature", "geometry": {"type": "Polygon", "coordinates": [[[92.517, 26.285], [92.517, 26.27975], [92.52216666666666, 26.27975], [92.52216666666666, 26.285], [92.517, 26.285]]]}, "properties": {"class_value": 1, "class_name": "Stable"}}, {"type": "Feature", "geometry": {"type": "Polygon", "coordinates": [[[92.7495, 26.285], [92.7495, 26.27975], [92.75466666666667, 26.27975], [92.75466666666667, 26.285], [92.7495, 26.285]]]}, "properties": {"class_value": 1, "class_name": "Stable"}}, {"type": "Feature", "geometry": {"type": "Polygon", "coordinates": [[[92.91483333333333, 26.285], [92.91483333333333, 26.27975], [92.92, 26.27975], [92.92, 26.285], [92.91483333333333, 26.285]]]}, "properties": {"class_value": 4, "class_name": "Cyclic"}}, {"type": "Feature", "geometry": {"type": "Polygon", "coordinates": [[[93.292, 26.285], [93.292, 26.27975], [93.29716666666667, 26.27975], [93.29716666666667, 26.285], [93.292, 26.285]]]}, "properties": {"class_value": 1, "class_name": "Stable"}}, {"type": "Feature", "geometry": {"type": "Polygon", "coordinates": [[[93.73633333333333, 26.285], [93.73633333333333, 26.27975], [93.7415, 26.27975], [93.7415, 26.285], [93.73633333333333, 26.285]]]}, "properties": {"class_value": 1, "class_name": "Stable"}}, {"type": "Feature", "geometry": {"type": "Polygon", "coordinates": [[[93.788, 26.285], [93.788, 26.27975], [93.79316666666666, 26.27975], [93.79316666666666, 26.285], [93.788, 26.285]]]}, "properties": {"class_value": 1, "class_name": "Stable"}}, {"type": "Feature", "geometry": {"type": "Polygon", "coordinates": [[[93.83449999999999, 26.285], [93.83449999999999, 26.27975], [93.83966666666666, 26.27975], [93.83966666666666, 26.285], [93.83449999999999, 26.285]]]}, "properties": {"class_value": 1, "class_name": "Stable"}}, {"type": "Feature", "geometry": {"type": "Polygon", "coordinates": [[[92.32583333333334, 26.27975], [92.32583333333334, 26.2745], [92.331, 26.2745], [92.331, 26.27975], [92.32583333333334, 26.27975]]]}, "properties": {"class_value": 1, "class_name": "Stable"}}, {"type": "Feature", "geometry": {"type": "Polygon", "coordinates": [[[92.44466666666666, 26.27975], [92.44466666666666, 26.2745], [92.44983333333333, 26.2745], [92.44983333333333, 26.27975], [92.44466666666666, 26.27975]]]}, "properties": {"class_value": 1, "class_name": "Stable"}}, {"type": "Feature", "geometry": {"type": "Polygon", "coordinates": [[[92.69266666666667, 26.27975], [92.69266666666667, 26.2745], [92.69783333333334, 26.2745], [92.69783333333334, 26.27975], [92.69266666666667, 26.27975]]]}, "properties": {"class_value": 1, "class_name": "Stable"}}, {"type": "Feature", "geometry": {"type": "Polygon", "coordinates": [[[92.88383333333333, 26.27975], [92.88383333333333, 26.2745], [92.889, 26.2745], [92.889, 26.27975], [92.88383333333333, 26.27975]]]}, "properties": {"class_value": 1, "class_name": "Stable"}}, {"type": "Feature", "geometry": {"type": "Polygon", "coordinates": [[[92.96133333333333, 26.27975], [92.96133333333333, 26.2745], [92.9665, 26.2745], [92.9665, 26.27975], [92.96133333333333, 26.27975]]]}, "properties": {"class_value": 1, "class_name": "Stable"}}, {"type": "Feature", "geometry": {"type": "Polygon", "coordinates": [[[93.05433333333333, 26.27975], [93.05433333333333, 26.2745], [93.0595, 26.2745], [93.0595, 26.27975], [93.05433333333333, 26.27975]]]}, "properties": {"class_value": 1, "class_name": "Stable"}}, {"type": "Feature", "geometry": {"type": "Polygon", "coordinates": [[[93.11116666666666, 26.27975], [93.11116666666666, 26.2745], [93.11633333333333, 26.2745], [93.11633333333333, 26.27975], [93.11116666666666, 26.27975]]]}, "properties": {"class_value": 1, "class_name": "Stable"}}, {"type": "Feature", "geometry": {"type": "Polygon", "coordinates": [[[93.30749999999999, 26.285], [93.30749999999999, 26.27975], [93.30233333333334, 26.27975], [93.30233333333334, 26.2745], [93.31266666666666, 26.2745], [93.31266666666666, 26.285], [93.30749999999999, 26.285]]]}, "properties": {"class_value": 1, "class_name": "Stable"}}, {"type": "Feature", "geometry": {"type": "Polygon", "coordinates": [[[93.33333333333333, 26.27975], [93.33333333333333, 26.2745], [93.3385, 26.2745], [93.3385, 26.27975], [93.33333333333333, 26.27975]]]}, "properties": {"class_value": 1, "class_name": "Stable"}}, {"type": "Feature", "geometry": {"type": "Polygon", "coordinates": [[[93.36433333333333, 26.27975], [93.36433333333333, 26.2745], [93.3695, 26.2745], [93.3695, 26.27975], [93.36433333333333, 26.27975]]]}, "properties": {"class_value": 1, "class_name": "Stable"}}, {"type": "Feature", "geometry": {"type": "Polygon", "coordinates": [[[93.37983333333334, 26.27975], [93.37983333333334, 26.2745], [93.38499999999999, 26.2745], [93.38499999999999, 26.27975], [93.37983333333334, 26.27975]]]}, "properties": {"class_value": 1, "class_name": "Stable"}}, {"type": "Feature", "geometry": {"type": "Polygon", "coordinates": [[[93.43666666666667, 26.27975], [93.43666666666667, 26.2745], [93.44183333333334, 26.2745], [93.44183333333334, 26.27975], [93.43666666666667, 26.27975]]]}, "properties": {"class_value": 1, "class_name": "Stable"}}, {"type": "Feature", "geometry": {"type": "Polygon", "coordinates": [[[93.571, 26.27975], [93.571, 26.2745], [93.5865, 26.2745], [93.5865, 26.27975], [93.571, 26.27975]]]}, "properties": {"class_value": 1, "class_name": "Stable"}}, {"type": "Feature", "geometry": {"type": "Polygon", "coordinates": [[[93.61233333333332, 26.27975], [93.61233333333332, 26.2745], [93.61749999999999, 26.2745], [93.61749999999999, 26.27975], [93.61233333333332, 26.27975]]]}, "properties": {"class_value": 1, "class_name": "Stable"}}, {"type": "Feature", "geometry": {"type": "Polygon", "coordinates": [[[93.62266666666666, 26.27975], [93.62266666666666, 26.2745], [93.62783333333333, 26.2745], [93.62783333333333, 26.27975], [93.62266666666666, 26.27975]]]}, "properties": {"class_value": 1, "class_name": "Stable"}}, {"type": "Feature", "geometry": {"type": "Polygon", "coordinates": [[[93.76733333333333, 26.27975], [93.76733333333333, 26.2745], [93.7725, 26.2745], [93.7725, 26.27975], [93.76733333333333, 26.27975]]]}, "properties": {"class_value": 1, "class_name": "Stable"}}, {"type": "Feature", "geometry": {"type": "Polygon", "coordinates": [[[93.78283333333333, 26.27975], [93.78283333333333, 26.2745], [93.788, 26.2745], [93.788, 26.27975], [93.78283333333333, 26.27975]]]}, "properties": {"class_value": 1, "class_name": "Stable"}}, {"type": "Feature", "geometry": {"type": "Polygon", "coordinates": [[[92.31033333333333, 26.2745], [92.31033333333333, 26.269250000000003], [92.3155, 26.269250000000003], [92.3155, 26.2745], [92.31033333333333, 26.2745]]]}, "properties": {"class_value": 1, "class_name": "Stable"}}, {"type": "Feature", "geometry": {"type": "Polygon", "coordinates": [[[92.3775, 26.2745], [92.3775, 26.269250000000003], [92.38266666666667, 26.269250000000003], [92.38266666666667, 26.2745], [92.3775, 26.2745]]]}, "properties": {"class_value": 1, "class_name": "Stable"}}, {"type": "Feature", "geometry": {"type": "Polygon", "coordinates": [[[92.393, 26.2745], [92.393, 26.269250000000003], [92.39816666666667, 26.269250000000003], [92.39816666666667, 26.2745], [92.393, 26.2745]]]}, "properties": {"class_value": 1, "class_name": "Stable"}}, {"type": "Feature", "geometry": {"type": "Polygon", "coordinates": [[[92.46016666666667, 26.2745], [92.46016666666667, 26.269250000000003], [92.46533333333333, 26.269250000000003], [92.46533333333333, 26.2745], [92.46016666666667, 26.2745]]]}, "properties": {"class_value": 1, "class_name": "Stable"}}, {"type": "Feature", "geometry": {"type": "Polygon", "coordinates": [[[92.5015, 26.2745], [92.5015, 26.269250000000003], [92.50666666666666, 26.269250000000003], [92.50666666666666, 26.2745], [92.5015, 26.2745]]]}, "properties": {"class_value": 1, "class_name": "Stable"}}, {"type": "Feature", "geometry": {"type": "Polygon", "coordinates": [[[92.579, 26.2745], [92.579, 26.269250000000003], [92.58416666666666, 26.269250000000003], [92.58416666666666, 26.2745], [92.579, 26.2745]]]}, "properties": {"class_value": 1, "class_name": "Stable"}}, {"type": "Feature", "geometry": {"type": "Polygon", "coordinates": [[[92.61, 26.2745], [92.61, 26.269250000000003], [92.61516666666667, 26.269250000000003], [92.61516666666667, 26.2745], [92.61, 26.2745]]]}, "properties": {"class_value": 1, "class_name": "Stable"}}, {"type": "Feature", "geometry": {"type": "Polygon", "coordinates": [[[92.63583333333332, 26.2745], [92.63583333333332, 26.269250000000003], [92.64099999999999, 26.269250000000003], [92.64099999999999, 26.2745], [92.63583333333332, 26.2745]]]}, "properties": {"class_value": 1, "class_name": "Stable"}}, {"type": "Feature", "geometry": {"type": "Polygon", "coordinates": [[[92.66683333333333, 26.2745], [92.66683333333333, 26.269250000000003], [92.672, 26.269250000000003], [92.672, 26.2745], [92.66683333333333, 26.2745]]]}, "properties": {"class_value": 1, "class_name": "Stable"}}, {"type": "Feature", "geometry": {"type": "Polygon", "coordinates": [[[92.703, 26.2745], [92.703, 26.269250000000003], [92.70816666666667, 26.269250000000003], [92.70816666666667, 26.2745], [92.703, 26.2745]]]}, "properties": {"class_value": 1, "class_name": "Stable"}}, {"type": "Feature", "geometry": {"type": "Polygon", "coordinates": [[[92.734, 26.2745], [92.734, 26.269250000000003], [92.74433333333333, 26.269250000000003], [92.74433333333333, 26.2745], [92.734, 26.2745]]]}, "properties": {"class_value": 1, "class_name": "Stable"}}, {"type": "Feature", "geometry": {"type": "Polygon", "coordinates": [[[92.858, 26.2745], [92.858, 26.269250000000003], [92.86316666666666, 26.269250000000003], [92.86316666666666, 26.2745], [92.858, 26.2745]]]}, "properties": {"class_value": 1, "class_name": "Stable"}}, {"type": "Feature", "geometry": {"type": "Polygon", "coordinates": [[[92.889, 26.2745], [92.889, 26.269250000000003], [92.89933333333333, 26.269250000000003], [92.89933333333333, 26.2745], [92.889, 26.2745]]]}, "properties": {"class_value": 1, "class_name": "Stable"}}, {"type": "Feature", "geometry": {"type": "Polygon", "coordinates": [[[92.9975, 26.2745], [92.9975, 26.269250000000003], [93.00266666666667, 26.269250000000003], [93.00266666666667, 26.2745], [92.9975, 26.2745]]]}, "properties": {"class_value": 1, "class_name": "Stable"}}, {"type": "Feature", "geometry": {"type": "Polygon", "coordinates": [[[93.34366666666666, 26.2745], [93.34366666666666, 26.269250000000003], [93.34883333333333, 26.269250000000003], [93.34883333333333, 26.2745], [93.34366666666666, 26.2745]]]}, "properties": {"class_value": 1, "class_name": "Stable"}}, {"type": "Feature", "geometry": {"type": "Polygon", "coordinates": [[[93.416, 26.2745], [93.416, 26.269250000000003], [93.42116666666666, 26.269250000000003], [93.42116666666666, 26.2745], [93.416, 26.2745]]]}, "properties": {"class_value": 1, "class_name": "Stable"}}, {"type": "Feature", "geometry": {"type": "Polygon", "coordinates": [[[93.53483333333332, 26.2745], [93.53483333333332, 26.269250000000003], [93.53999999999999, 26.269250000000003], [93.53999999999999, 26.2745], [93.53483333333332, 26.2745]]]}, "properties": {"class_value": 1, "class_name": "Stable"}}, {"type": "Feature", "geometry": {"type": "Polygon", "coordinates": [[[93.56066666666666, 26.2745], [93.56066666666666, 26.269250000000003], [93.56583333333333, 26.269250000000003], [93.56583333333333, 26.2745], [93.56066666666666, 26.2745]]]}, "properties": {"class_value": 1, "class_name": "Stable"}}, {"type": "Feature", "geometry": {"type": "Polygon", "coordinates": [[[93.664, 26.2745], [93.664, 26.269250000000003], [93.66916666666667, 26.269250000000003], [93.66916666666667, 26.2745], [93.664, 26.2745]]]}, "properties": {"class_value": 1, "class_name": "Stable"}}, {"type": "Feature", "geometry": {"type": "Polygon", "coordinates": [[[93.68983333333333, 26.2745], [93.68983333333333, 26.269250000000003], [93.695, 26.269250000000003], [93.695, 26.2745], [93.68983333333333, 26.2745]]]}, "properties": {"class_value": 1, "class_name": "Stable"}}, {"type": "Feature", "geometry": {"type": "Polygon", "coordinates": [[[93.83449999999999, 26.2745], [93.83449999999999, 26.269250000000003], [93.83966666666666, 26.269250000000003], [93.83966666666666, 26.2745], [93.83449999999999, 26.2745]]]}, "properties": {"class_value": 1, "class_name": "Stable"}}, {"type": "Feature", "geometry": {"type": "Polygon", "coordinates": [[[92.3155, 26.269250000000003], [92.3155, 26.264000000000003], [92.32066666666667, 26.264000000000003], [92.32066666666667, 26.269250000000003], [92.3155, 26.269250000000003]]]}, "properties": {"class_value": 1, "class_name": "Stable"}}, {"type": "Feature", "geometry": {"type": "Polygon", "coordinates": [[[92.33616666666667, 26.269250000000003], [92.33616666666667, 26.264000000000003], [92.34133333333332, 26.264000000000003], [92.34133333333332, 26.269250000000003], [92.33616666666667, 26.269250000000003]]]}, "properties": {"class_value": 1, "class_name": "Stable"}}, {"type": "Feature", "geometry": {"type": "Polygon", "coordinates": [[[92.35166666666666, 26.269250000000003], [92.35166666666666, 26.264000000000003], [92.35683333333333, 26.264000000000003], [92.35683333333333, 26.269250000000003], [92.35166666666666, 26.269250000000003]]]}, "properties": {"class_value": 1, "class_name": "Stable"}}, {"type": "Feature", "geometry": {"type": "Polygon", "coordinates": [[[92.4085, 26.269250000000003], [92.4085, 26.264000000000003], [92.41366666666666, 26.264000000000003], [92.41366666666666, 26.269250000000003], [92.4085, 26.269250000000003]]]}, "properties": {"class_value": 1, "class_name": "Stable"}}, {"type": "Feature", "geometry": {"type": "Polygon", "coordinates": [[[92.58933333333333, 26.269250000000003], [92.58933333333333, 26.264000000000003], [92.5945, 26.264000000000003], [92.5945, 26.269250000000003], [92.58933333333333, 26.269250000000003]]]}, "properties": {"class_value": 5, "class_name": "Uncertain / Other"}}, {"type": "Feature", "geometry": {"type": "Polygon", "coordinates": [[[92.64099999999999, 26.269250000000003], [92.64099999999999, 26.264000000000003], [92.64616666666666, 26.264000000000003], [92.64616666666666, 26.269250000000003], [92.64099999999999, 26.269250000000003]]]}, "properties": {"class_value": 1, "class_name": "Stable"}}, {"type": "Feature", "geometry": {"type": "Polygon", "coordinates": [[[92.71849999999999, 26.269250000000003], [92.71849999999999, 26.264000000000003], [92.72366666666666, 26.264000000000003], [92.72366666666666, 26.269250000000003], [92.71849999999999, 26.269250000000003]]]}, "properties": {"class_value": 1, "class_name": "Stable"}}, {"type": "Feature", "geometry": {"type": "Polygon", "coordinates": [[[93.17316666666666, 26.269250000000003], [93.17316666666666, 26.264000000000003], [93.17833333333333, 26.264000000000003], [93.17833333333333, 26.269250000000003], [93.17316666666666, 26.269250000000003]]]}, "properties": {"class_value": 1, "class_name": "Stable"}}, {"type": "Feature", "geometry": {"type": "Polygon", "coordinates": [[[93.20416666666667, 26.269250000000003], [93.20416666666667, 26.264000000000003], [93.20933333333333, 26.264000000000003], [93.20933333333333, 26.269250000000003], [93.20416666666667, 26.269250000000003]]]}, "properties": {"class_value": 2, "class_name": "Degrading"}}, {"type": "Feature", "geometry": {"type": "Polygon", "coordinates": [[[93.31266666666666, 26.269250000000003], [93.31266666666666, 26.264000000000003], [93.31783333333333, 26.264000000000003], [93.31783333333333, 26.269250000000003], [93.31266666666666, 26.269250000000003]]]}, "properties": {"class_value": 1, "class_name": "Stable"}}, {"type": "Feature", "geometry": {"type": "Polygon", "coordinates": [[[93.37983333333334, 26.269250000000003], [93.37983333333334, 26.264000000000003], [93.38499999999999, 26.264000000000003], [93.38499999999999, 26.269250000000003], [93.37983333333334, 26.269250000000003]]]}, "properties": {"class_value": 1, "class_name": "Stable"}}, {"type": "Feature", "geometry": {"type": "Polygon", "coordinates": [[[93.52966666666666, 26.269250000000003], [93.52966666666666, 26.264000000000003], [93.53483333333332, 26.264000000000003], [93.53483333333332, 26.269250000000003], [93.52966666666666, 26.269250000000003]]]}, "properties": {"class_value": 1, "class_name": "Stable"}}, {"type": "Feature", "geometry": {"type": "Polygon", "coordinates": [[[93.55033333333333, 26.269250000000003], [93.55033333333333, 26.264000000000003], [93.5555, 26.264000000000003], [93.5555, 26.269250000000003], [93.55033333333333, 26.269250000000003]]]}, "properties": {"class_value": 1, "class_name": "Stable"}}, {"type": "Feature", "geometry": {"type": "Polygon", "coordinates": [[[93.79316666666666, 26.269250000000003], [93.79316666666666, 26.264000000000003], [93.79833333333333, 26.264000000000003], [93.79833333333333, 26.269250000000003], [93.79316666666666, 26.269250000000003]]]}, "properties": {"class_value": 1, "class_name": "Stable"}}, {"type": "Feature", "geometry": {"type": "Polygon", "coordinates": [[[93.08016666666667, 26.269250000000003], [93.08016666666667, 26.258750000000003], [93.08533333333332, 26.258750000000003], [93.08533333333332, 26.269250000000003], [93.08016666666667, 26.269250000000003]]]}, "properties": {"class_value": 1, "class_name": "Stable"}}, {"type": "Feature", "geometry": {"type": "Polygon", "coordinates": [[[92.39816666666667, 26.264000000000003], [92.39816666666667, 26.258750000000003], [92.40333333333334, 26.258750000000003], [92.40333333333334, 26.264000000000003], [92.39816666666667, 26.264000000000003]]]}, "properties": {"class_value": 1, "class_name": "Stable"}}, {"type": "Feature", "geometry": {"type": "Polygon", "coordinates": [[[92.55316666666667, 26.264000000000003], [92.55316666666667, 26.258750000000003], [92.55833333333334, 26.258750000000003], [92.55833333333334, 26.264000000000003], [92.55316666666667, 26.264000000000003]]]}, "properties": {"class_value": 1, "class_name": "Stable"}}, {"type": "Feature", "geometry": {"type": "Polygon", "coordinates": [[[92.94583333333333, 26.264000000000003], [92.94583333333333, 26.258750000000003], [92.951, 26.258750000000003], [92.951, 26.264000000000003], [92.94583333333333, 26.264000000000003]]]}, "properties": {"class_value": 1, "class_name": "Stable"}}, {"type": "Feature", "geometry": {"type": "Polygon", "coordinates": [[[93.03883333333333, 26.264000000000003], [93.03883333333333, 26.258750000000003], [93.044, 26.258750000000003], [93.044, 26.264000000000003], [93.03883333333333, 26.264000000000003]]]}, "properties": {"class_value": 1, "class_name": "Stable"}}, {"type": "Feature", "geometry": {"type": "Polygon", "coordinates": [[[93.04916666666666, 26.264000000000003], [93.04916666666666, 26.258750000000003], [93.05433333333333, 26.258750000000003], [93.05433333333333, 26.264000000000003], [93.04916666666666, 26.264000000000003]]]}, "properties": {"class_value": 1, "class_name": "Stable"}}, {"type": "Feature", "geometry": {"type": "Polygon", "coordinates": [[[93.106, 26.264000000000003], [93.106, 26.258750000000003], [93.11116666666666, 26.258750000000003], [93.11116666666666, 26.264000000000003], [93.106, 26.264000000000003]]]}, "properties": {"class_value": 1, "class_name": "Stable"}}, {"type": "Feature", "geometry": {"type": "Polygon", "coordinates": [[[93.47283333333333, 26.264000000000003], [93.47283333333333, 26.258750000000003], [93.478, 26.258750000000003], [93.478, 26.264000000000003], [93.47283333333333, 26.264000000000003]]]}, "properties": {"class_value": 1, "class_name": "Stable"}}, {"type": "Feature", "geometry": {"type": "Polygon", "coordinates": [[[93.5555, 26.264000000000003], [93.5555, 26.258750000000003], [93.56066666666666, 26.258750000000003], [93.56066666666666, 26.264000000000003], [93.5555, 26.264000000000003]]]}, "properties": {"class_value": 1, "class_name": "Stable"}}, {"type": "Feature", "geometry": {"type": "Polygon", "coordinates": [[[93.78283333333333, 26.264000000000003], [93.78283333333333, 26.258750000000003], [93.79316666666666, 26.258750000000003], [93.79316666666666, 26.264000000000003], [93.78283333333333, 26.264000000000003]]]}, "properties": {"class_value": 1, "class_name": "Stable"}}, {"type": "Feature", "geometry": {"type": "Polygon", "coordinates": [[[93.79316666666666, 26.264000000000003], [93.79316666666666, 26.258750000000003], [93.79833333333333, 26.258750000000003], [93.79833333333333, 26.264000000000003], [93.79316666666666, 26.264000000000003]]]}, "properties": {"class_value": 2, "class_name": "Degrading"}}, {"type": "Feature", "geometry": {"type": "Polygon", "coordinates": [[[93.83449999999999, 26.264000000000003], [93.83449999999999, 26.258750000000003], [93.83966666666666, 26.258750000000003], [93.83966666666666, 26.264000000000003], [93.83449999999999, 26.264000000000003]]]}, "properties": {"class_value": 1, "class_name": "Stable"}}, {"type": "Feature", "geometry": {"type": "Polygon", "coordinates": [[[93.51933333333334, 26.264000000000003], [93.51933333333334, 26.253500000000003], [93.5245, 26.253500000000003], [93.5245, 26.264000000000003], [93.51933333333334, 26.264000000000003]]]}, "properties": {"class_value": 1, "class_name": "Stable"}}, {"type": "Feature", "geometry": {"type": "Polygon", "coordinates": [[[92.3, 26.258750000000003], [92.3, 26.253500000000003], [92.30516666666666, 26.253500000000003], [92.30516666666666, 26.258750000000003], [92.3, 26.258750000000003]]]}, "properties": {"class_value": 1, "class_name": "Stable"}}, {"type": "Feature", "geometry": {"type": "Polygon", "coordinates": [[[92.44466666666666, 26.258750000000003], [92.44466666666666, 26.253500000000003], [92.44983333333333, 26.253500000000003], [92.44983333333333, 26.258750000000003], [92.44466666666666, 26.258750000000003]]]}, "properties": {"class_value": 1, "class_name": "Stable"}}, {"type": "Feature", "geometry": {"type": "Polygon", "coordinates": [[[92.64099999999999, 26.258750000000003], [92.64099999999999, 26.253500000000003], [92.64616666666666, 26.253500000000003], [92.64616666666666, 26.258750000000003], [92.64099999999999, 26.258750000000003]]]}, "properties": {"class_value": 5, "class_name": "Uncertain / Other"}}, {"type": "Feature", "geometry": {"type": "Polygon", "coordinates": [[[93.13183333333333, 26.258750000000003], [93.13183333333333, 26.253500000000003], [93.137, 26.253500000000003], [93.137, 26.258750000000003], [93.13183333333333, 26.258750000000003]]]}, "properties": {"class_value": 2, "class_name": "Degrading"}}, {"type": "Feature", "geometry": {"type": "Polygon", "coordinates": [[[93.24549999999999, 26.258750000000003], [93.24549999999999, 26.253500000000003], [93.25066666666666, 26.253500000000003], [93.25066666666666, 26.258750000000003], [93.24549999999999, 26.258750000000003]]]}, "properties": {"class_value": 2, "class_name": "Degrading"}}, {"type": "Feature", "geometry": {"type": "Polygon", "coordinates": [[[93.34883333333333, 26.258750000000003], [93.34883333333333, 26.253500000000003], [93.354, 26.253500000000003], [93.354, 26.258750000000003], [93.34883333333333, 26.258750000000003]]]}, "properties": {"class_value": 1, "class_name": "Stable"}}, {"type": "Feature", "geometry": {"type": "Polygon", "coordinates": [[[93.35916666666667, 26.258750000000003], [93.35916666666667, 26.253500000000003], [93.36433333333333, 26.253500000000003], [93.36433333333333, 26.258750000000003], [93.35916666666667, 26.258750000000003]]]}, "properties": {"class_value": 1, "class_name": "Stable"}}, {"type": "Feature", "geometry": {"type": "Polygon", "coordinates": [[[93.37466666666667, 26.258750000000003], [93.37466666666667, 26.253500000000003], [93.37983333333334, 26.253500000000003], [93.37983333333334, 26.258750000000003], [93.37466666666667, 26.258750000000003]]]}, "properties": {"class_value": 1, "class_name": "Stable"}}, {"type": "Feature", "geometry": {"type": "Polygon", "coordinates": [[[93.40566666666666, 26.258750000000003], [93.40566666666666, 26.253500000000003], [93.41083333333333, 26.253500000000003], [93.41083333333333, 26.258750000000003], [93.40566666666666, 26.258750000000003]]]}, "properties": {"class_value": 1, "class_name": "Stable"}}, {"type": "Feature", "geometry": {"type": "Polygon", "coordinates": [[[93.664, 26.258750000000003], [93.664, 26.253500000000003], [93.66916666666667, 26.253500000000003], [93.66916666666667, 26.258750000000003], [93.664, 26.258750000000003]]]}, "properties": {"class_value": 1, "class_name": "Stable"}}, {"type": "Feature", "geometry": {"type": "Polygon", "coordinates": [[[93.70533333333333, 26.258750000000003], [93.70533333333333, 26.253500000000003], [93.7105, 26.253500000000003], [93.7105, 26.258750000000003], [93.70533333333333, 26.258750000000003]]]}, "properties": {"class_value": 5, "class_name": "Uncertain / Other"}}, {"type": "Feature", "geometry": {"type": "Polygon", "coordinates": [[[93.71566666666666, 26.258750000000003], [93.71566666666666, 26.253500000000003], [93.72083333333333, 26.253500000000003], [93.72083333333333, 26.258750000000003], [93.71566666666666, 26.258750000000003]]]}, "properties": {"class_value": 1, "class_name": "Stable"}}, {"type": "Feature", "geometry": {"type": "Polygon", "coordinates": [[[93.77766666666666, 26.258750000000003], [93.77766666666666, 26.253500000000003], [93.78283333333333, 26.253500000000003], [93.78283333333333, 26.258750000000003], [93.77766666666666, 26.258750000000003]]]}, "properties": {"class_value": 1, "class_name": "Stable"}}, {"type": "Feature", "geometry": {"type": "Polygon", "coordinates": [[[93.82933333333332, 26.258750000000003], [93.82933333333332, 26.253500000000003], [93.83449999999999, 26.253500000000003], [93.83449999999999, 26.258750000000003], [93.82933333333332, 26.258750000000003]]]}, "properties": {"class_value": 1, "class_name": "Stable"}}, {"type": "Feature", "geometry": {"type": "Polygon", "coordinates": [[[92.34649999999999, 26.253500000000003], [92.34649999999999, 26.248250000000002], [92.35166666666666, 26.248250000000002], [92.35166666666666, 26.253500000000003], [92.34649999999999, 26.253500000000003]]]}, "properties": {"class_value": 1, "class_name": "Stable"}}, {"type": "Feature", "geometry": {"type": "Polygon", "coordinates": [[[92.393, 26.253500000000003], [92.393, 26.248250000000002], [92.39816666666667, 26.248250000000002], [92.39816666666667, 26.253500000000003], [92.393, 26.253500000000003]]]}, "properties": {"class_value": 1, "class_name": "Stable"}}, {"type": "Feature", "geometry": {"type": "Polygon", "coordinates": [[[92.46533333333333, 26.253500000000003], [92.46533333333333, 26.248250000000002], [92.4705, 26.248250000000002], [92.4705, 26.253500000000003], [92.46533333333333, 26.253500000000003]]]}, "properties": {"class_value": 1, "class_name": "Stable"}}, {"type": "Feature", "geometry": {"type": "Polygon", "coordinates": [[[92.548, 26.253500000000003], [92.548, 26.248250000000002], [92.55316666666667, 26.248250000000002], [92.55316666666667, 26.253500000000003], [92.548, 26.253500000000003]]]}, "properties": {"class_value": 1, "class_name": "Stable"}}, {"type": "Feature", "geometry": {"type": "Polygon", "coordinates": [[[92.62033333333333, 26.253500000000003], [92.62033333333333, 26.248250000000002], [92.6255, 26.248250000000002], [92.6255, 26.253500000000003], [92.62033333333333, 26.253500000000003]]]}, "properties": {"class_value": 1, "class_name": "Stable"}}, {"type": "Feature", "geometry": {"type": "Polygon", "coordinates": [[[92.64616666666666, 26.253500000000003], [92.64616666666666, 26.248250000000002], [92.65133333333333, 26.248250000000002], [92.65133333333333, 26.253500000000003], [92.64616666666666, 26.253500000000003]]]}, "properties": {"class_value": 1, "class_name": "Stable"}}, {"type": "Feature", "geometry": {"type": "Polygon", "coordinates": [[[92.77533333333334, 26.253500000000003], [92.77533333333334, 26.248250000000002], [92.7805, 26.248250000000002], [92.7805, 26.253500000000003], [92.77533333333334, 26.253500000000003]]]}, "properties": {"class_value": 1, "class_name": "Stable"}}, {"type": "Feature", "geometry": {"type": "Polygon", "coordinates": [[[92.92516666666667, 26.253500000000003], [92.92516666666667, 26.248250000000002], [92.93033333333334, 26.248250000000002], [92.93033333333334, 26.253500000000003], [92.92516666666667, 26.253500000000003]]]}, "properties": {"class_value": 4, "class_name": "Cyclic"}}, {"type": "Feature", "geometry": {"type": "Polygon", "coordinates": [[[92.98716666666667, 26.253500000000003], [92.98716666666667, 26.248250000000002], [92.99233333333333, 26.248250000000002], [92.99233333333333, 26.253500000000003], [92.98716666666667, 26.253500000000003]]]}, "properties": {"class_value": 1, "class_name": "Stable"}}, {"type": "Feature", "geometry": {"type": "Polygon", "coordinates": [[[93.18866666666666, 26.253500000000003], [93.18866666666666, 26.248250000000002], [93.19383333333333, 26.248250000000002], [93.19383333333333, 26.253500000000003], [93.18866666666666, 26.253500000000003]]]}, "properties": {"class_value": 1, "class_name": "Stable"}}, {"type": "Feature", "geometry": {"type": "Polygon", "coordinates": [[[93.3385, 26.253500000000003], [93.3385, 26.248250000000002], [93.34366666666666, 26.248250000000002], [93.34366666666666, 26.253500000000003], [93.3385, 26.253500000000003]]]}, "properties": {"class_value": 1, "class_name": "Stable"}}, {"type": "Feature", "geometry": {"type": "Polygon", "coordinates": [[[93.38499999999999, 26.253500000000003], [93.38499999999999, 26.248250000000002], [93.39016666666666, 26.248250000000002], [93.39016666666666, 26.253500000000003], [93.38499999999999, 26.253500000000003]]]}, "properties": {"class_value": 1, "class_name": "Stable"}}, {"type": "Feature", "geometry": {"type": "Polygon", "coordinates": [[[93.39533333333333, 26.253500000000003], [93.39533333333333, 26.248250000000002], [93.4005, 26.248250000000002], [93.4005, 26.253500000000003], [93.39533333333333, 26.253500000000003]]]}, "properties": {"class_value": 1, "class_name": "Stable"}}, {"type": "Feature", "geometry": {"type": "Polygon", "coordinates": [[[93.53999999999999, 26.253500000000003], [93.53999999999999, 26.248250000000002], [93.54516666666666, 26.248250000000002], [93.54516666666666, 26.253500000000003], [93.53999999999999, 26.253500000000003]]]}, "properties": {"class_value": 1, "class_name": "Stable"}}, {"type": "Feature", "geometry": {"type": "Polygon", "coordinates": [[[93.56066666666666, 26.253500000000003], [93.56066666666666, 26.248250000000002], [93.56583333333333, 26.248250000000002], [93.56583333333333, 26.253500000000003], [93.56066666666666, 26.253500000000003]]]}, "properties": {"class_value": 2, "class_name": "Degrading"}}, {"type": "Feature", "geometry": {"type": "Polygon", "coordinates": [[[93.67433333333334, 26.253500000000003], [93.67433333333334, 26.248250000000002], [93.67949999999999, 26.248250000000002], [93.67949999999999, 26.253500000000003], [93.67433333333334, 26.253500000000003]]]}, "properties": {"class_value": 1, "class_name": "Stable"}}, {"type": "Feature", "geometry": {"type": "Polygon", "coordinates": [[[93.75699999999999, 26.253500000000003], [93.75699999999999, 26.248250000000002], [93.76216666666666, 26.248250000000002], [93.76216666666666, 26.253500000000003], [93.75699999999999, 26.253500000000003]]]}, "properties": {"class_value": 1, "class_name": "Stable"}}, {"type": "Feature", "geometry": {"type": "Polygon", "coordinates": [[[93.6485, 26.253500000000003], [93.6485, 26.243000000000002], [93.65366666666667, 26.243000000000002], [93.65366666666667, 26.253500000000003], [93.6485, 26.253500000000003]]]}, "properties": {"class_value": 1, "class_name": "Stable"}}, {"type": "Feature", "geometry": {"type": "Polygon", "coordinates": [[[92.39816666666667, 26.248250000000002], [92.39816666666667, 26.243000000000002], [92.40333333333334, 26.243000000000002], [92.40333333333334, 26.248250000000002], [92.39816666666667, 26.248250000000002]]]}, "properties": {"class_value": 1, "class_name": "Stable"}}, {"type": "Feature", "geometry": {"type": "Polygon", "coordinates": [[[92.43433333333333, 26.248250000000002], [92.43433333333333, 26.243000000000002], [92.4395, 26.243000000000002], [92.4395, 26.248250000000002], [92.43433333333333, 26.248250000000002]]]}, "properties": {"class_value": 1, "class_name": "Stable"}}, {"type": "Feature", "geometry": {"type": "Polygon", "coordinates": [[[92.69783333333334, 26.248250000000002], [92.69783333333334, 26.243000000000002], [92.703, 26.243000000000002], [92.703, 26.248250000000002], [92.69783333333334, 26.248250000000002]]]}, "properties": {"class_value": 2, "class_name": "Degrading"}}, {"type": "Feature", "geometry": {"type": "Polygon", "coordinates": [[[92.93033333333334, 26.248250000000002], [92.93033333333334, 26.243000000000002], [92.93549999999999, 26.243000000000002], [92.93549999999999, 26.248250000000002], [92.93033333333334, 26.248250000000002]]]}, "properties": {"class_value": 1, "class_name": "Stable"}}, {"type": "Feature", "geometry": {"type": "Polygon", "coordinates": [[[93.00783333333334, 26.248250000000002], [93.00783333333334, 26.243000000000002], [93.01299999999999, 26.243000000000002], [93.01299999999999, 26.248250000000002], [93.00783333333334, 26.248250000000002]]]}, "properties": {"class_value": 1, "class_name": "Stable"}}, {"type": "Feature", "geometry": {"type": "Polygon", "coordinates": [[[93.17316666666666, 26.248250000000002], [93.17316666666666, 26.243000000000002], [93.17833333333333, 26.243000000000002], [93.17833333333333, 26.248250000000002], [93.17316666666666, 26.248250000000002]]]}, "properties": {"class_value": 1, "class_name": "Stable"}}, {"type": "Feature", "geometry": {"type": "Polygon", "coordinates": [[[93.199, 26.248250000000002], [93.199, 26.243000000000002], [93.20416666666667, 26.243000000000002], [93.20416666666667, 26.248250000000002], [93.199, 26.248250000000002]]]}, "properties": {"class_value": 1, "class_name": "Stable"}}, {"type": "Feature", "geometry": {"type": "Polygon", "coordinates": [[[93.30749999999999, 26.248250000000002], [93.30749999999999, 26.243000000000002], [93.31266666666666, 26.243000000000002], [93.31266666666666, 26.248250000000002], [93.30749999999999, 26.248250000000002]]]}, "properties": {"class_value": 1, "class_name": "Stable"}}, {"type": "Feature", "geometry": {"type": "Polygon", "coordinates": [[[93.45216666666667, 26.248250000000002], [93.45216666666667, 26.243000000000002], [93.45733333333332, 26.243000000000002], [93.45733333333332, 26.248250000000002], [93.45216666666667, 26.248250000000002]]]}, "properties": {"class_value": 1, "class_name": "Stable"}}, {"type": "Feature", "geometry": {"type": "Polygon", "coordinates": [[[93.50383333333333, 26.248250000000002], [93.50383333333333, 26.243000000000002], [93.509, 26.243000000000002], [93.509, 26.248250000000002], [93.50383333333333, 26.248250000000002]]]}, "properties": {"class_value": 1, "class_name": "Stable"}}, {"type": "Feature", "geometry": {"type": "Polygon", "coordinates": [[[93.819, 26.248250000000002], [93.819, 26.237750000000002], [93.82416666666667, 26.237750000000002], [93.82416666666667, 26.248250000000002], [93.819, 26.248250000000002]]]}, "properties": {"class_value": 1, "class_name": "Stable"}}, {"type": "Feature", "geometry": {"type": "Polygon", "coordinates": [[[92.42916666666666, 26.243000000000002], [92.42916666666666, 26.237750000000002], [92.43433333333333, 26.237750000000002], [92.43433333333333, 26.243000000000002], [92.42916666666666, 26.243000000000002]]]}, "properties": {"class_value": 1, "class_name": "Stable"}}, {"type": "Feature", "geometry": {"type": "Polygon", "coordinates": [[[92.75466666666667, 26.243000000000002], [92.75466666666667, 26.237750000000002], [92.75983333333333, 26.237750000000002], [92.75983333333333, 26.243000000000002], [92.75466666666667, 26.243000000000002]]]}, "properties": {"class_value": 4, "class_name": "Cyclic"}}, {"type": "Feature", "geometry": {"type": "Polygon", "coordinates": [[[93.08533333333332, 26.243000000000002], [93.08533333333332, 26.237750000000002], [93.09049999999999, 26.237750000000002], [93.09049999999999, 26.243000000000002], [93.08533333333332, 26.243000000000002]]]}, "properties": {"class_value": 1, "class_name": "Stable"}}, {"type": "Feature", "geometry": {"type": "Polygon", "coordinates": [[[93.199, 26.243000000000002], [93.199, 26.237750000000002], [93.20416666666667, 26.237750000000002], [93.20416666666667, 26.243000000000002], [93.199, 26.243000000000002]]]}, "properties": {"class_value": 2, "class_name": "Degrading"}}, {"type": "Feature", "geometry": {"type": "Polygon", "coordinates": [[[93.31266666666666, 26.243000000000002], [93.31266666666666, 26.237750000000002], [93.31783333333333, 26.237750000000002], [93.31783333333333, 26.243000000000002], [93.31266666666666, 26.243000000000002]]]}, "properties": {"class_value": 1, "class_name": "Stable"}}, {"type": "Feature", "geometry": {"type": "Polygon", "coordinates": [[[93.3385, 26.243000000000002], [93.3385, 26.237750000000002], [93.34366666666666, 26.237750000000002], [93.34366666666666, 26.243000000000002], [93.3385, 26.243000000000002]]]}, "properties": {"class_value": 1, "class_name": "Stable"}}, {"type": "Feature", "geometry": {"type": "Polygon", "coordinates": [[[93.54516666666666, 26.243000000000002], [93.54516666666666, 26.237750000000002], [93.55033333333333, 26.237750000000002], [93.55033333333333, 26.243000000000002], [93.54516666666666, 26.243000000000002]]]}, "properties": {"class_value": 2, "class_name": "Degrading"}}, {"type": "Feature", "geometry": {"type": "Polygon", "coordinates": [[[93.66916666666667, 26.243000000000002], [93.66916666666667, 26.237750000000002], [93.67433333333334, 26.237750000000002], [93.67433333333334, 26.243000000000002], [93.66916666666667, 26.243000000000002]]]}, "properties": {"class_value": 2, "class_name": "Degrading"}}, {"type": "Feature", "geometry": {"type": "Polygon", "coordinates": [[[92.34133333333332, 26.237750000000002], [92.34133333333332, 26.2325], [92.34649999999999, 26.2325], [92.34649999999999, 26.237750000000002], [92.34133333333332, 26.237750000000002]]]}, "properties": {"class_value": 1, "class_name": "Stable"}}, {"type": "Feature", "geometry": {"type": "Polygon", "coordinates": [[[92.39816666666667, 26.237750000000002], [92.39816666666667, 26.2325], [92.40333333333334, 26.2325], [92.40333333333334, 26.237750000000002], [92.39816666666667, 26.237750000000002]]]}, "properties": {"class_value": 1, "class_name": "Stable"}}, {"type": "Feature", "geometry": {"type": "Polygon", "coordinates": [[[92.55316666666667, 26.237750000000002], [92.55316666666667, 26.2325], [92.55833333333334, 26.2325], [92.55833333333334, 26.237750000000002], [92.55316666666667, 26.237750000000002]]]}, "properties": {"class_value": 1, "class_name": "Stable"}}, {"type": "Feature", "geometry": {"type": "Polygon", "coordinates": [[[92.82183333333333, 26.237750000000002], [92.82183333333333, 26.2325], [92.827, 26.2325], [92.827, 26.237750000000002], [92.82183333333333, 26.237750000000002]]]}, "properties": {"class_value": 1, "class_name": "Stable"}}, {"type": "Feature", "geometry": {"type": "Polygon", "coordinates": [[[92.85283333333334, 26.237750000000002], [92.85283333333334, 26.2325], [92.858, 26.2325], [92.858, 26.237750000000002], [92.85283333333334, 26.237750000000002]]]}, "properties": {"class_value": 1, "class_name": "Stable"}}, {"type": "Feature", "geometry": {"type": "Polygon", "coordinates": [[[93.10083333333333, 26.237750000000002], [93.10083333333333, 26.2325], [93.106, 26.2325], [93.106, 26.237750000000002], [93.10083333333333, 26.237750000000002]]]}, "properties": {"class_value": 1, "class_name": "Stable"}}, {"type": "Feature", "geometry": {"type": "Polygon", "coordinates": [[[93.1215, 26.237750000000002], [93.1215, 26.2325], [93.12666666666667, 26.2325], [93.12666666666667, 26.237750000000002], [93.1215, 26.237750000000002]]]}, "properties": {"class_value": 1, "class_name": "Stable"}}, {"type": "Feature", "geometry": {"type": "Polygon", "coordinates": [[[93.28166666666667, 26.237750000000002], [93.28166666666667, 26.2325], [93.28683333333333, 26.2325], [93.28683333333333, 26.237750000000002], [93.28166666666667, 26.237750000000002]]]}, "properties": {"class_value": 1, "class_name": "Stable"}}, {"type": "Feature", "geometry": {"type": "Polygon", "coordinates": [[[93.34366666666666, 26.237750000000002], [93.34366666666666, 26.2325], [93.34883333333333, 26.2325], [93.34883333333333, 26.237750000000002], [93.34366666666666, 26.237750000000002]]]}, "properties": {"class_value": 1, "class_name": "Stable"}}, {"type": "Feature", "geometry": {"type": "Polygon", "coordinates": [[[93.48316666666666, 26.237750000000002], [93.48316666666666, 26.2325], [93.48833333333333, 26.2325], [93.48833333333333, 26.237750000000002], [93.48316666666666, 26.237750000000002]]]}, "properties": {"class_value": 1, "class_name": "Stable"}}, {"type": "Feature", "geometry": {"type": "Polygon", "coordinates": [[[93.633, 26.237750000000002], [93.633, 26.2325], [93.63816666666666, 26.2325], [93.63816666666666, 26.237750000000002], [93.633, 26.237750000000002]]]}, "properties": {"class_value": 1, "class_name": "Stable"}}, {"type": "Feature", "geometry": {"type": "Polygon", "coordinates": [[[93.68466666666666, 26.237750000000002], [93.68466666666666, 26.2325], [93.68983333333333, 26.2325], [93.68983333333333, 26.237750000000002], [93.68466666666666, 26.237750000000002]]]}, "properties": {"class_value": 2, "class_name": "Degrading"}}, {"type": "Feature", "geometry": {"type": "Polygon", "coordinates": [[[93.726, 26.237750000000002], [93.726, 26.2325], [93.73116666666667, 26.2325], [93.73116666666667, 26.237750000000002], [93.726, 26.237750000000002]]]}, "properties": {"class_value": 1, "class_name": "Stable"}}, {"type": "Feature", "geometry": {"type": "Polygon", "coordinates": [[[93.78283333333333, 26.237750000000002], [93.78283333333333, 26.2325], [93.788, 26.2325], [93.788, 26.237750000000002], [93.78283333333333, 26.237750000000002]]]}, "properties": {"class_value": 1, "class_name": "Stable"}}, {"type": "Feature", "geometry": {"type": "Polygon", "coordinates": [[[92.90966666666667, 26.2325], [92.90966666666667, 26.22725], [92.91483333333333, 26.22725], [92.91483333333333, 26.2325], [92.90966666666667, 26.2325]]]}, "properties": {"class_value": 4, "class_name": "Cyclic"}}, {"type": "Feature", "geometry": {"type": "Polygon", "coordinates": [[[92.94066666666666, 26.2325], [92.94066666666666, 26.22725], [92.94583333333333, 26.22725], [92.94583333333333, 26.2325], [92.94066666666666, 26.2325]]]}, "properties": {"class_value": 1, "class_name": "Stable"}}, {"type": "Feature", "geometry": {"type": "Polygon", "coordinates": [[[93.01299999999999, 26.2325], [93.01299999999999, 26.22725], [93.01816666666666, 26.22725], [93.01816666666666, 26.2325], [93.01299999999999, 26.2325]]]}, "properties": {"class_value": 1, "class_name": "Stable"}}, {"type": "Feature", "geometry": {"type": "Polygon", "coordinates": [[[93.09566666666666, 26.2325], [93.09566666666666, 26.22725], [93.10083333333333, 26.22725], [93.10083333333333, 26.2325], [93.09566666666666, 26.2325]]]}, "properties": {"class_value": 1, "class_name": "Stable"}}, {"type": "Feature", "geometry": {"type": "Polygon", "coordinates": [[[93.3385, 26.2325], [93.3385, 26.22725], [93.34366666666666, 26.22725], [93.34366666666666, 26.2325], [93.3385, 26.2325]]]}, "properties": {"class_value": 1, "class_name": "Stable"}}, {"type": "Feature", "geometry": {"type": "Polygon", "coordinates": [[[93.3695, 26.2325], [93.3695, 26.22725], [93.37466666666667, 26.22725], [93.37466666666667, 26.2325], [93.3695, 26.2325]]]}, "properties": {"class_value": 1, "class_name": "Stable"}}, {"type": "Feature", "geometry": {"type": "Polygon", "coordinates": [[[93.47283333333333, 26.2325], [93.47283333333333, 26.22725], [93.478, 26.22725], [93.478, 26.2325], [93.47283333333333, 26.2325]]]}, "properties": {"class_value": 5, "class_name": "Uncertain / Other"}}, {"type": "Feature", "geometry": {"type": "Polygon", "coordinates": [[[93.49866666666667, 26.2325], [93.49866666666667, 26.22725], [93.50383333333333, 26.22725], [93.50383333333333, 26.2325], [93.49866666666667, 26.2325]]]}, "properties": {"class_value": 1, "class_name": "Stable"}}, {"type": "Feature", "geometry": {"type": "Polygon", "coordinates": [[[93.62266666666666, 26.2325], [93.62266666666666, 26.22725], [93.62783333333333, 26.22725], [93.62783333333333, 26.2325], [93.62266666666666, 26.2325]]]}, "properties": {"class_value": 1, "class_name": "Stable"}}, {"type": "Feature", "geometry": {"type": "Polygon", "coordinates": [[[93.76733333333333, 26.2325], [93.76733333333333, 26.22725], [93.77766666666666, 26.22725], [93.77766666666666, 26.2325], [93.76733333333333, 26.2325]]]}, "properties": {"class_value": 1, "class_name": "Stable"}}, {"type": "Feature", "geometry": {"type": "Polygon", "coordinates": [[[92.6565, 26.22725], [92.6565, 26.222], [92.66166666666666, 26.222], [92.66166666666666, 26.22725], [92.6565, 26.22725]]]}, "properties": {"class_value": 5, "class_name": "Uncertain / Other"}}, {"type": "Feature", "geometry": {"type": "Polygon", "coordinates": [[[92.66683333333333, 26.22725], [92.66683333333333, 26.222], [92.672, 26.222], [92.672, 26.22725], [92.66683333333333, 26.22725]]]}, "properties": {"class_value": 1, "class_name": "Stable"}}, {"type": "Feature", "geometry": {"type": "Polygon", "coordinates": [[[92.7805, 26.22725], [92.7805, 26.222], [92.78566666666666, 26.222], [92.78566666666666, 26.22725], [92.7805, 26.22725]]]}, "properties": {"class_value": 1, "class_name": "Stable"}}, {"type": "Feature", "geometry": {"type": "Polygon", "coordinates": [[[92.93549999999999, 26.22725], [92.93549999999999, 26.222], [92.94066666666666, 26.222], [92.94066666666666, 26.22725], [92.93549999999999, 26.22725]]]}, "properties": {"class_value": 1, "class_name": "Stable"}}, {"type": "Feature", "geometry": {"type": "Polygon", "coordinates": [[[92.951, 26.22725], [92.951, 26.222], [92.95616666666666, 26.222], [92.95616666666666, 26.22725], [92.951, 26.22725]]]}, "properties": {"class_value": 1, "class_name": "Stable"}}, {"type": "Feature", "geometry": {"type": "Polygon", "coordinates": [[[93.14733333333334, 26.22725], [93.14733333333334, 26.222], [93.1525, 26.222], [93.1525, 26.22725], [93.14733333333334, 26.22725]]]}, "properties": {"class_value": 1, "class_name": "Stable"}}, {"type": "Feature", "geometry": {"type": "Polygon", "coordinates": [[[93.39016666666666, 26.22725], [93.39016666666666, 26.222], [93.39533333333333, 26.222], [93.39533333333333, 26.22725], [93.39016666666666, 26.22725]]]}, "properties": {"class_value": 1, "class_name": "Stable"}}, {"type": "Feature", "geometry": {"type": "Polygon", "coordinates": [[[93.45216666666667, 26.22725], [93.45216666666667, 26.222], [93.45733333333332, 26.222], [93.45733333333332, 26.22725], [93.45216666666667, 26.22725]]]}, "properties": {"class_value": 1, "class_name": "Stable"}}, {"type": "Feature", "geometry": {"type": "Polygon", "coordinates": [[[93.7415, 26.2325], [93.7415, 26.22725], [93.73633333333333, 26.22725], [93.73633333333333, 26.222], [93.75183333333334, 26.222], [93.75183333333334, 26.22725], [93.74666666666667, 26.22725], [93.74666666666667, 26.2325], [93.7415, 26.2325]]]}, "properties": {"class_value": 1, "class_name": "Stable"}}, {"type": "Feature", "geometry": {"type": "Polygon", "coordinates": [[[93.76216666666666, 26.22725], [93.76216666666666, 26.222], [93.76733333333333, 26.222], [93.76733333333333, 26.22725], [93.76216666666666, 26.22725]]]}, "properties": {"class_value": 1, "class_name": "Stable"}}, {"type": "Feature", "geometry": {"type": "Polygon", "coordinates": [[[93.819, 26.22725], [93.819, 26.222], [93.82416666666667, 26.222], [93.82416666666667, 26.22725], [93.819, 26.22725]]]}, "properties": {"class_value": 1, "class_name": "Stable"}}, {"type": "Feature", "geometry": {"type": "Polygon", "coordinates": [[[92.47566666666667, 26.222], [92.47566666666667, 26.21675], [92.48083333333334, 26.21675], [92.48083333333334, 26.222], [92.47566666666667, 26.222]]]}, "properties": {"class_value": 1, "class_name": "Stable"}}, {"type": "Feature", "geometry": {"type": "Polygon", "coordinates": [[[92.49633333333333, 26.222], [92.49633333333333, 26.21675], [92.5015, 26.21675], [92.5015, 26.222], [92.49633333333333, 26.222]]]}, "properties": {"class_value": 1, "class_name": "Stable"}}, {"type": "Feature", "geometry": {"type": "Polygon", "coordinates": [[[92.66166666666666, 26.222], [92.66166666666666, 26.21675], [92.66683333333333, 26.21675], [92.66683333333333, 26.222], [92.66166666666666, 26.222]]]}, "properties": {"class_value": 1, "class_name": "Stable"}}, {"type": "Feature", "geometry": {"type": "Polygon", "coordinates": [[[92.87349999999999, 26.222], [92.87349999999999, 26.21675], [92.87866666666666, 26.21675], [92.87866666666666, 26.222], [92.87349999999999, 26.222]]]}, "properties": {"class_value": 1, "class_name": "Stable"}}, {"type": "Feature", "geometry": {"type": "Polygon", "coordinates": [[[92.99233333333333, 26.222], [92.99233333333333, 26.21675], [92.9975, 26.21675], [92.9975, 26.222], [92.99233333333333, 26.222]]]}, "properties": {"class_value": 1, "class_name": "Stable"}}, {"type": "Feature", "geometry": {"type": "Polygon", "coordinates": [[[93.09049999999999, 26.222], [93.09049999999999, 26.21675], [93.09566666666666, 26.21675], [93.09566666666666, 26.222], [93.09049999999999, 26.222]]]}, "properties": {"class_value": 1, "class_name": "Stable"}}, {"type": "Feature", "geometry": {"type": "Polygon", "coordinates": [[[93.15766666666666, 26.222], [93.15766666666666, 26.21675], [93.16283333333332, 26.21675], [93.16283333333332, 26.222], [93.15766666666666, 26.222]]]}, "properties": {"class_value": 1, "class_name": "Stable"}}, {"type": "Feature", "geometry": {"type": "Polygon", "coordinates": [[[93.34883333333333, 26.222], [93.34883333333333, 26.21675], [93.354, 26.21675], [93.354, 26.222], [93.34883333333333, 26.222]]]}, "properties": {"class_value": 1, "class_name": "Stable"}}, {"type": "Feature", "geometry": {"type": "Polygon", "coordinates": [[[93.41083333333333, 26.222], [93.41083333333333, 26.21675], [93.416, 26.21675], [93.416, 26.222], [93.41083333333333, 26.222]]]}, "properties": {"class_value": 1, "class_name": "Stable"}}, {"type": "Feature", "geometry": {"type": "Polygon", "coordinates": [[[93.43666666666667, 26.222], [93.43666666666667, 26.21675], [93.44183333333334, 26.21675], [93.44183333333334, 26.222], [93.43666666666667, 26.222]]]}, "properties": {"class_value": 1, "class_name": "Stable"}}, {"type": "Feature", "geometry": {"type": "Polygon", "coordinates": [[[93.72083333333333, 26.222], [93.72083333333333, 26.21675], [93.726, 26.21675], [93.726, 26.222], [93.72083333333333, 26.222]]]}, "properties": {"class_value": 1, "class_name": "Stable"}}, {"type": "Feature", "geometry": {"type": "Polygon", "coordinates": [[[93.788, 26.222], [93.788, 26.21675], [93.79833333333333, 26.21675], [93.79833333333333, 26.222], [93.788, 26.222]]]}, "properties": {"class_value": 1, "class_name": "Stable"}}, {"type": "Feature", "geometry": {"type": "Polygon", "coordinates": [[[93.17316666666666, 26.222], [93.17316666666666, 26.2115], [93.17833333333333, 26.2115], [93.17833333333333, 26.222], [93.17316666666666, 26.222]]]}, "properties": {"class_value": 1, "class_name": "Stable"}}, {"type": "Feature", "geometry": {"type": "Polygon", "coordinates": [[[92.35166666666666, 26.21675], [92.35166666666666, 26.2115], [92.35683333333333, 26.2115], [92.35683333333333, 26.21675], [92.35166666666666, 26.21675]]]}, "properties": {"class_value": 1, "class_name": "Stable"}}, {"type": "Feature", "geometry": {"type": "Polygon", "coordinates": [[[92.46533333333333, 26.21675], [92.46533333333333, 26.2115], [92.4705, 26.2115], [92.4705, 26.21675], [92.46533333333333, 26.21675]]]}, "properties": {"class_value": 1, "class_name": "Stable"}}, {"type": "Feature", "geometry": {"type": "Polygon", "coordinates": [[[92.54283333333333, 26.21675], [92.54283333333333, 26.2115], [92.548, 26.2115], [92.548, 26.21675], [92.54283333333333, 26.21675]]]}, "properties": {"class_value": 1, "class_name": "Stable"}}, {"type": "Feature", "geometry": {"type": "Polygon", "coordinates": [[[92.63066666666667, 26.21675], [92.63066666666667, 26.2115], [92.63583333333332, 26.2115], [92.63583333333332, 26.21675], [92.63066666666667, 26.21675]]]}, "properties": {"class_value": 1, "class_name": "Stable"}}, {"type": "Feature", "geometry": {"type": "Polygon", "coordinates": [[[92.6565, 26.21675], [92.6565, 26.2115], [92.66166666666666, 26.2115], [92.66166666666666, 26.21675], [92.6565, 26.21675]]]}, "properties": {"class_value": 1, "class_name": "Stable"}}, {"type": "Feature", "geometry": {"type": "Polygon", "coordinates": [[[92.6875, 26.21675], [92.6875, 26.2115], [92.69266666666667, 26.2115], [92.69266666666667, 26.21675], [92.6875, 26.21675]]]}, "properties": {"class_value": 2, "class_name": "Degrading"}}, {"type": "Feature", "geometry": {"type": "Polygon", "coordinates": [[[92.97683333333333, 26.21675], [92.97683333333333, 26.2115], [92.982, 26.2115], [92.982, 26.21675], [92.97683333333333, 26.21675]]]}, "properties": {"class_value": 1, "class_name": "Stable"}}, {"type": "Feature", "geometry": {"type": "Polygon", "coordinates": [[[93.23, 26.21675], [93.23, 26.2115], [93.23516666666666, 26.2115], [93.23516666666666, 26.21675], [93.23, 26.21675]]]}, "properties": {"class_value": 1, "class_name": "Stable"}}, {"type": "Feature", "geometry": {"type": "Polygon", "coordinates": [[[93.292, 26.21675], [93.292, 26.2115], [93.29716666666667, 26.2115], [93.29716666666667, 26.21675], [93.292, 26.21675]]]}, "properties": {"class_value": 1, "class_name": "Stable"}}, {"type": "Feature", "geometry": {"type": "Polygon", "coordinates": [[[93.40566666666666, 26.21675], [93.40566666666666, 26.2115], [93.41083333333333, 26.2115], [93.41083333333333, 26.21675], [93.40566666666666, 26.21675]]]}, "properties": {"class_value": 1, "class_name": "Stable"}}, {"type": "Feature", "geometry": {"type": "Polygon", "coordinates": [[[93.49866666666667, 26.21675], [93.49866666666667, 26.2115], [93.50383333333333, 26.2115], [93.50383333333333, 26.21675], [93.49866666666667, 26.21675]]]}, "properties": {"class_value": 1, "class_name": "Stable"}}, {"type": "Feature", "geometry": {"type": "Polygon", "coordinates": [[[93.76216666666666, 26.21675], [93.76216666666666, 26.2115], [93.76733333333333, 26.2115], [93.76733333333333, 26.21675], [93.76216666666666, 26.21675]]]}, "properties": {"class_value": 1, "class_name": "Stable"}}, {"type": "Feature", "geometry": {"type": "Polygon", "coordinates": [[[93.77766666666666, 26.21675], [93.77766666666666, 26.2115], [93.78283333333333, 26.2115], [93.78283333333333, 26.21675], [93.77766666666666, 26.21675]]]}, "properties": {"class_value": 1, "class_name": "Stable"}}, {"type": "Feature", "geometry": {"type": "Polygon", "coordinates": [[[92.31033333333333, 26.21675], [92.31033333333333, 26.20625], [92.3155, 26.20625], [92.3155, 26.21675], [92.31033333333333, 26.21675]]]}, "properties": {"class_value": 1, "class_name": "Stable"}}, {"type": "Feature", "geometry": {"type": "Polygon", "coordinates": [[[92.517, 26.2115], [92.517, 26.20625], [92.52216666666666, 26.20625], [92.52216666666666, 26.2115], [92.517, 26.2115]]]}, "properties": {"class_value": 1, "class_name": "Stable"}}, {"type": "Feature", "geometry": {"type": "Polygon", "coordinates": [[[92.63583333333332, 26.2115], [92.63583333333332, 26.20625], [92.64099999999999, 26.20625], [92.64099999999999, 26.2115], [92.63583333333332, 26.2115]]]}, "properties": {"class_value": 1, "class_name": "Stable"}}, {"type": "Feature", "geometry": {"type": "Polygon", "coordinates": [[[92.71333333333332, 26.2115], [92.71333333333332, 26.20625], [92.71849999999999, 26.20625], [92.71849999999999, 26.2115], [92.71333333333332, 26.2115]]]}, "properties": {"class_value": 1, "class_name": "Stable"}}, {"type": "Feature", "geometry": {"type": "Polygon", "coordinates": [[[92.77533333333334, 26.2115], [92.77533333333334, 26.20625], [92.7805, 26.20625], [92.7805, 26.2115], [92.77533333333334, 26.2115]]]}, "properties": {"class_value": 1, "class_name": "Stable"}}, {"type": "Feature", "geometry": {"type": "Polygon", "coordinates": [[[92.99233333333333, 26.2115], [92.99233333333333, 26.20625], [92.9975, 26.20625], [92.9975, 26.2115], [92.99233333333333, 26.2115]]]}, "properties": {"class_value": 2, "class_name": "Degrading"}}, {"type": "Feature", "geometry": {"type": "Polygon", "coordinates": [[[93.00783333333334, 26.2115], [93.00783333333334, 26.20625], [93.01299999999999, 26.20625], [93.01299999999999, 26.2115], [93.00783333333334, 26.2115]]]}, "properties": {"class_value": 2, "class_name": "Degrading"}}, {"type": "Feature", "geometry": {"type": "Polygon", "coordinates": [[[93.17833333333333, 26.2115], [93.17833333333333, 26.20625], [93.1835, 26.20625], [93.1835, 26.2115], [93.17833333333333, 26.2115]]]}, "properties": {"class_value": 1, "class_name": "Stable"}}, {"type": "Feature", "geometry": {"type": "Polygon", "coordinates": [[[93.199, 26.2115], [93.199, 26.20625], [93.20416666666667, 26.20625], [93.20416666666667, 26.2115], [93.199, 26.2115]]]}, "properties": {"class_value": 1, "class_name": "Stable"}}, {"type": "Feature", "geometry": {"type": "Polygon", "coordinates": [[[93.2765, 26.2115], [93.2765, 26.20625], [93.28166666666667, 26.20625], [93.28166666666667, 26.2115], [93.2765, 26.2115]]]}, "properties": {"class_value": 1, "class_name": "Stable"}}, {"type": "Feature", "geometry": {"type": "Polygon", "coordinates": [[[93.34883333333333, 26.2115], [93.34883333333333, 26.20625], [93.354, 26.20625], [93.354, 26.2115], [93.34883333333333, 26.2115]]]}, "properties": {"class_value": 1, "class_name": "Stable"}}, {"type": "Feature", "geometry": {"type": "Polygon", "coordinates": [[[93.42633333333333, 26.2115], [93.42633333333333, 26.20625], [93.4315, 26.20625], [93.4315, 26.2115], [93.42633333333333, 26.2115]]]}, "properties": {"class_value": 1, "class_name": "Stable"}}, {"type": "Feature", "geometry": {"type": "Polygon", "coordinates": [[[93.75699999999999, 26.2115], [93.75699999999999, 26.20625], [93.76216666666666, 26.20625], [93.76216666666666, 26.2115], [93.75699999999999, 26.2115]]]}, "properties": {"class_value": 1, "class_name": "Stable"}}, {"type": "Feature", "geometry": {"type": "Polygon", "coordinates": [[[92.331, 26.20625], [92.331, 26.201], [92.33616666666667, 26.201], [92.33616666666667, 26.20625], [92.331, 26.20625]]]}, "properties": {"class_value": 1, "class_name": "Stable"}}, {"type": "Feature", "geometry": {"type": "Polygon", "coordinates": [[[92.40333333333334, 26.20625], [92.40333333333334, 26.201], [92.4085, 26.201], [92.4085, 26.20625], [92.40333333333334, 26.20625]]]}, "properties": {"class_value": 1, "class_name": "Stable"}}, {"type": "Feature", "geometry": {"type": "Polygon", "coordinates": [[[92.4395, 26.20625], [92.4395, 26.201], [92.44466666666666, 26.201], [92.44466666666666, 26.20625], [92.4395, 26.20625]]]}, "properties": {"class_value": 1, "class_name": "Stable"}}, {"type": "Feature", "geometry": {"type": "Polygon", "coordinates": [[[92.858, 26.20625], [92.858, 26.201], [92.86316666666666, 26.201], [92.86316666666666, 26.20625], [92.858, 26.20625]]]}, "properties": {"class_value": 1, "class_name": "Stable"}}, {"type": "Feature", "geometry": {"type": "Polygon", "coordinates": [[[93.01299999999999, 26.20625], [93.01299999999999, 26.201], [93.01816666666666, 26.201], [93.01816666666666, 26.20625], [93.01299999999999, 26.20625]]]}, "properties": {"class_value": 2, "class_name": "Degrading"}}, {"type": "Feature", "geometry": {"type": "Polygon", "coordinates": [[[93.044, 26.20625], [93.044, 26.201], [93.04916666666666, 26.201], [93.04916666666666, 26.20625], [93.044, 26.20625]]]}, "properties": {"class_value": 2, "class_name": "Degrading"}}, {"type": "Feature", "geometry": {"type": "Polygon", "coordinates": [[[93.04916666666666, 26.20625], [93.04916666666666, 26.201], [93.05433333333333, 26.201], [93.05433333333333, 26.20625], [93.04916666666666, 26.20625]]]}, "properties": {"class_value": 1, "class_name": "Stable"}}, {"type": "Feature", "geometry": {"type": "Polygon", "coordinates": [[[93.10083333333333, 26.20625], [93.10083333333333, 26.201], [93.106, 26.201], [93.106, 26.20625], [93.10083333333333, 26.20625]]]}, "properties": {"class_value": 1, "class_name": "Stable"}}, {"type": "Feature", "geometry": {"type": "Polygon", "coordinates": [[[93.11633333333333, 26.20625], [93.11633333333333, 26.201], [93.1215, 26.201], [93.1215, 26.20625], [93.11633333333333, 26.20625]]]}, "properties": {"class_value": 1, "class_name": "Stable"}}, {"type": "Feature", "geometry": {"type": "Polygon", "coordinates": [[[93.37983333333334, 26.20625], [93.37983333333334, 26.201], [93.38499999999999, 26.201], [93.38499999999999, 26.20625], [93.37983333333334, 26.20625]]]}, "properties": {"class_value": 1, "class_name": "Stable"}}, {"type": "Feature", "geometry": {"type": "Polygon", "coordinates": [[[93.447, 26.20625], [93.447, 26.201], [93.45216666666667, 26.201], [93.45216666666667, 26.20625], [93.447, 26.20625]]]}, "properties": {"class_value": 1, "class_name": "Stable"}}, {"type": "Feature", "geometry": {"type": "Polygon", "coordinates": [[[93.56583333333333, 26.20625], [93.56583333333333, 26.201], [93.571, 26.201], [93.571, 26.20625], [93.56583333333333, 26.20625]]]}, "properties": {"class_value": 1, "class_name": "Stable"}}, {"type": "Feature", "geometry": {"type": "Polygon", "coordinates": [[[93.726, 26.20625], [93.726, 26.201], [93.73116666666667, 26.201], [93.73116666666667, 26.20625], [93.726, 26.20625]]]}, "properties": {"class_value": 1, "class_name": "Stable"}}, {"type": "Feature", "geometry": {"type": "Polygon", "coordinates": [[[93.7725, 26.20625], [93.7725, 26.201], [93.77766666666666, 26.201], [93.77766666666666, 26.20625], [93.7725, 26.20625]]]}, "properties": {"class_value": 1, "class_name": "Stable"}}, {"type": "Feature", "geometry": {"type": "Polygon", "coordinates": [[[93.79833333333333, 26.20625], [93.79833333333333, 26.201], [93.8035, 26.201], [93.8035, 26.20625], [93.79833333333333, 26.20625]]]}, "properties": {"class_value": 1, "class_name": "Stable"}}, {"type": "Feature", "geometry": {"type": "Polygon", "coordinates": [[[92.51183333333333, 26.201], [92.51183333333333, 26.19575], [92.517, 26.19575], [92.517, 26.201], [92.51183333333333, 26.201]]]}, "properties": {"class_value": 1, "class_name": "Stable"}}, {"type": "Feature", "geometry": {"type": "Polygon", "coordinates": [[[92.5945, 26.201], [92.5945, 26.19575], [92.59966666666666, 26.19575], [92.59966666666666, 26.201], [92.5945, 26.201]]]}, "properties": {"class_value": 2, "class_name": "Degrading"}}, {"type": "Feature", "geometry": {"type": "Polygon", "coordinates": [[[92.6565, 26.201], [92.6565, 26.19575], [92.66166666666666, 26.19575], [92.66166666666666, 26.201], [92.6565, 26.201]]]}, "properties": {"class_value": 1, "class_name": "Stable"}}, {"type": "Feature", "geometry": {"type": "Polygon", "coordinates": [[[93.0595, 26.201], [93.0595, 26.19575], [93.06466666666667, 26.19575], [93.06466666666667, 26.201], [93.0595, 26.201]]]}, "properties": {"class_value": 1, "class_name": "Stable"}}, {"type": "Feature", "geometry": {"type": "Polygon", "coordinates": [[[93.14733333333334, 26.201], [93.14733333333334, 26.19575], [93.1525, 26.19575], [93.1525, 26.201], [93.14733333333334, 26.201]]]}, "properties": {"class_value": 1, "class_name": "Stable"}}, {"type": "Feature", "geometry": {"type": "Polygon", "coordinates": [[[93.261, 26.201], [93.261, 26.19575], [93.26616666666666, 26.19575], [93.26616666666666, 26.201], [93.261, 26.201]]]}, "properties": {"class_value": 1, "class_name": "Stable"}}, {"type": "Feature", "geometry": {"type": "Polygon", "coordinates": [[[93.39533333333333, 26.201], [93.39533333333333, 26.19575], [93.4005, 26.19575], [93.4005, 26.201], [93.39533333333333, 26.201]]]}, "properties": {"class_value": 1, "class_name": "Stable"}}, {"type": "Feature", "geometry": {"type": "Polygon", "coordinates": [[[93.4935, 26.201], [93.4935, 26.19575], [93.49866666666667, 26.19575], [93.49866666666667, 26.201], [93.4935, 26.201]]]}, "properties": {"class_value": 5, "class_name": "Uncertain / Other"}}, {"type": "Feature", "geometry": {"type": "Polygon", "coordinates": [[[93.61749999999999, 26.201], [93.61749999999999, 26.19575], [93.62266666666666, 26.19575], [93.62266666666666, 26.201], [93.61749999999999, 26.201]]]}, "properties": {"class_value": 1, "class_name": "Stable"}}, {"type": "Feature", "geometry": {"type": "Polygon", "coordinates": [[[93.65883333333333, 26.201], [93.65883333333333, 26.19575], [93.664, 26.19575], [93.664, 26.201], [93.65883333333333, 26.201]]]}, "properties": {"class_value": 1, "class_name": "Stable"}}, {"type": "Feature", "geometry": {"type": "Polygon", "coordinates": [[[93.66916666666667, 26.201], [93.66916666666667, 26.19575], [93.67433333333334, 26.19575], [93.67433333333334, 26.201], [93.66916666666667, 26.201]]]}, "properties": {"class_value": 1, "class_name": "Stable"}}, {"type": "Feature", "geometry": {"type": "Polygon", "coordinates": [[[92.5015, 26.2115], [92.5015, 26.1905], [92.50666666666666, 26.1905], [92.50666666666666, 26.20625], [92.51183333333333, 26.20625], [92.51183333333333, 26.2115], [92.5015, 26.2115]]]}, "properties": {"class_value": 1, "class_name": "Stable"}}, {"type": "Feature", "geometry": {"type": "Polygon", "coordinates": [[[92.30516666666666, 26.19575], [92.30516666666666, 26.1905], [92.31033333333333, 26.1905], [92.31033333333333, 26.19575], [92.30516666666666, 26.19575]]]}, "properties": {"class_value": 1, "class_name": "Stable"}}, {"type": "Feature", "geometry": {"type": "Polygon", "coordinates": [[[92.42916666666666, 26.19575], [92.42916666666666, 26.1905], [92.43433333333333, 26.1905], [92.43433333333333, 26.19575], [92.42916666666666, 26.19575]]]}, "properties": {"class_value": 1, "class_name": "Stable"}}, {"type": "Feature", "geometry": {"type": "Polygon", "coordinates": [[[92.44466666666666, 26.19575], [92.44466666666666, 26.1905], [92.44983333333333, 26.1905], [92.44983333333333, 26.19575], [92.44466666666666, 26.19575]]]}, "properties": {"class_value": 1, "class_name": "Stable"}}, {"type": "Feature", "geometry": {"type": "Polygon", "coordinates": [[[92.54283333333333, 26.19575], [92.54283333333333, 26.1905], [92.548, 26.1905], [92.548, 26.19575], [92.54283333333333, 26.19575]]]}, "properties": {"class_value": 2, "class_name": "Degrading"}}, {"type": "Feature", "geometry": {"type": "Polygon", "coordinates": [[[92.672, 26.19575], [92.672, 26.1905], [92.67716666666666, 26.1905], [92.67716666666666, 26.19575], [92.672, 26.19575]]]}, "properties": {"class_value": 2, "class_name": "Degrading"}}, {"type": "Feature", "geometry": {"type": "Polygon", "coordinates": [[[92.7495, 26.19575], [92.7495, 26.1905], [92.75466666666667, 26.1905], [92.75466666666667, 26.19575], [92.7495, 26.19575]]]}, "properties": {"class_value": 2, "class_name": "Degrading"}}, {"type": "Feature", "geometry": {"type": "Polygon", "coordinates": [[[92.87866666666666, 26.19575], [92.87866666666666, 26.1905], [92.88383333333333, 26.1905], [92.88383333333333, 26.19575], [92.87866666666666, 26.19575]]]}, "properties": {"class_value": 1, "class_name": "Stable"}}, {"type": "Feature", "geometry": {"type": "Polygon", "coordinates": [[[93.03366666666666, 26.19575], [93.03366666666666, 26.1905], [93.03883333333333, 26.1905], [93.03883333333333, 26.19575], [93.03366666666666, 26.19575]]]}, "properties": {"class_value": 1, "class_name": "Stable"}}, {"type": "Feature", "geometry": {"type": "Polygon", "coordinates": [[[93.044, 26.19575], [93.044, 26.1905], [93.04916666666666, 26.1905], [93.04916666666666, 26.19575], [93.044, 26.19575]]]}, "properties": {"class_value": 1, "class_name": "Stable"}}, {"type": "Feature", "geometry": {"type": "Polygon", "coordinates": [[[93.292, 26.19575], [93.292, 26.1905], [93.29716666666667, 26.1905], [93.29716666666667, 26.19575], [93.292, 26.19575]]]}, "properties": {"class_value": 1, "class_name": "Stable"}}, {"type": "Feature", "geometry": {"type": "Polygon", "coordinates": [[[93.323, 26.19575], [93.323, 26.1905], [93.32816666666666, 26.1905], [93.32816666666666, 26.19575], [93.323, 26.19575]]]}, "properties": {"class_value": 1, "class_name": "Stable"}}, {"type": "Feature", "geometry": {"type": "Polygon", "coordinates": [[[93.478, 26.19575], [93.478, 26.1905], [93.48316666666666, 26.1905], [93.48316666666666, 26.19575], [93.478, 26.19575]]]}, "properties": {"class_value": 1, "class_name": "Stable"}}, {"type": "Feature", "geometry": {"type": "Polygon", "coordinates": [[[93.633, 26.19575], [93.633, 26.1905], [93.63816666666666, 26.1905], [93.63816666666666, 26.19575], [93.633, 26.19575]]]}, "properties": {"class_value": 1, "class_name": "Stable"}}, {"type": "Feature", "geometry": {"type": "Polygon", "coordinates": [[[92.35166666666666, 26.19575], [92.35166666666666, 26.18525], [92.35683333333333, 26.18525], [92.35683333333333, 26.19575], [92.35166666666666, 26.19575]]]}, "properties": {"class_value": 1, "class_name": "Stable"}}, {"type": "Feature", "geometry": {"type": "Polygon", "coordinates": [[[92.38783333333333, 26.1905], [92.38783333333333, 26.18525], [92.393, 26.18525], [92.393, 26.1905], [92.38783333333333, 26.1905]]]}, "properties": {"class_value": 1, "class_name": "Stable"}}, {"type": "Feature", "geometry": {"type": "Polygon", "coordinates": [[[92.548, 26.1905], [92.548, 26.18525], [92.55316666666667, 26.18525], [92.55316666666667, 26.1905], [92.548, 26.1905]]]}, "properties": {"class_value": 1, "class_name": "Stable"}}, {"type": "Feature", "geometry": {"type": "Polygon", "coordinates": [[[92.672, 26.1905], [92.672, 26.18525], [92.67716666666666, 26.18525], [92.67716666666666, 26.1905], [92.672, 26.1905]]]}, "properties": {"class_value": 1, "class_name": "Stable"}}, {"type": "Feature", "geometry": {"type": "Polygon", "coordinates": [[[93.00266666666667, 26.1905], [93.00266666666667, 26.18525], [93.00783333333334, 26.18525], [93.00783333333334, 26.1905], [93.00266666666667, 26.1905]]]}, "properties": {"class_value": 2, "class_name": "Degrading"}}, {"type": "Feature", "geometry": {"type": "Polygon", "coordinates": [[[93.55033333333333, 26.1905], [93.55033333333333, 26.18525], [93.5555, 26.18525], [93.5555, 26.1905], [93.55033333333333, 26.1905]]]}, "properties": {"class_value": 1, "class_name": "Stable"}}, {"type": "Feature", "geometry": {"type": "Polygon", "coordinates": [[[93.65883333333333, 26.1905], [93.65883333333333, 26.18525], [93.664, 26.18525], [93.664, 26.1905], [93.65883333333333, 26.1905]]]}, "properties": {"class_value": 1, "class_name": "Stable"}}, {"type": "Feature", "geometry": {"type": "Polygon", "coordinates": [[[93.74666666666667, 26.1905], [93.74666666666667, 26.18525], [93.75183333333334, 26.18525], [93.75183333333334, 26.1905], [93.74666666666667, 26.1905]]]}, "properties": {"class_value": 1, "class_name": "Stable"}}, {"type": "Feature", "geometry": {"type": "Polygon", "coordinates": [[[92.3, 26.1905], [92.3, 26.18], [92.30516666666666, 26.18], [92.30516666666666, 26.1905], [92.3, 26.1905]]]}, "properties": {"class_value": 1, "class_name": "Stable"}}, {"type": "Feature", "geometry": {"type": "Polygon", "coordinates": [[[93.1215, 26.1905], [93.1215, 26.18], [93.12666666666667, 26.18], [93.12666666666667, 26.1905], [93.1215, 26.1905]]]}, "properties": {"class_value": 1, "class_name": "Stable"}}, {"type": "Feature", "geometry": {"type": "Polygon", "coordinates": [[[92.42916666666666, 26.18525], [92.42916666666666, 26.18], [92.43433333333333, 26.18], [92.43433333333333, 26.18525], [92.42916666666666, 26.18525]]]}, "properties": {"class_value": 1, "class_name": "Stable"}}, {"type": "Feature", "geometry": {"type": "Polygon", "coordinates": [[[92.52216666666666, 26.18525], [92.52216666666666, 26.18], [92.52733333333333, 26.18], [92.52733333333333, 26.18525], [92.52216666666666, 26.18525]]]}, "properties": {"class_value": 1, "class_name": "Stable"}}, {"type": "Feature", "geometry": {"type": "Polygon", "coordinates": [[[92.57383333333333, 26.18525], [92.57383333333333, 26.18], [92.579, 26.18], [92.579, 26.18525], [92.57383333333333, 26.18525]]]}, "properties": {"class_value": 1, "class_name": "Stable"}}, {"type": "Feature", "geometry": {"type": "Polygon", "coordinates": [[[92.75983333333333, 26.18525], [92.75983333333333, 26.18], [92.765, 26.18], [92.765, 26.18525], [92.75983333333333, 26.18525]]]}, "properties": {"class_value": 1, "class_name": "Stable"}}, {"type": "Feature", "geometry": {"type": "Polygon", "coordinates": [[[92.95616666666666, 26.18525], [92.95616666666666, 26.18], [92.96133333333333, 26.18], [92.96133333333333, 26.18525], [92.95616666666666, 26.18525]]]}, "properties": {"class_value": 1, "class_name": "Stable"}}, {"type": "Feature", "geometry": {"type": "Polygon", "coordinates": [[[93.10083333333333, 26.18525], [93.10083333333333, 26.18], [93.106, 26.18], [93.106, 26.18525], [93.10083333333333, 26.18525]]]}, "properties": {"class_value": 1, "class_name": "Stable"}}, {"type": "Feature", "geometry": {"type": "Polygon", "coordinates": [[[93.13183333333333, 26.18525], [93.13183333333333, 26.18], [93.137, 26.18], [93.137, 26.18525], [93.13183333333333, 26.18525]]]}, "properties": {"class_value": 5, "class_name": "Uncertain / Other"}}, {"type": "Feature", "geometry": {"type": "Polygon", "coordinates": [[[93.48833333333333, 26.18525], [93.48833333333333, 26.18], [93.4935, 26.18], [93.4935, 26.18525], [93.48833333333333, 26.18525]]]}, "properties": {"class_value": 1, "class_name": "Stable"}}, {"type": "Feature", "geometry": {"type": "Polygon", "coordinates": [[[93.58133333333333, 26.18525], [93.58133333333333, 26.18], [93.5865, 26.18], [93.5865, 26.18525], [93.58133333333333, 26.18525]]]}, "properties": {"class_value": 2, "class_name": "Degrading"}}, {"type": "Feature", "geometry": {"type": "Polygon", "coordinates": [[[93.82416666666667, 26.18525], [93.82416666666667, 26.18], [93.82933333333332, 26.18], [93.82933333333332, 26.18525], [93.82416666666667, 26.18525]]]}, "properties": {"class_value": 1, "class_name": "Stable"}}, {"type": "Feature", "geometry": {"type": "Polygon", "coordinates": [[[92.30516666666666, 26.18], [92.30516666666666, 26.174750000000003], [92.31033333333333, 26.174750000000003], [92.31033333333333, 26.18], [92.30516666666666, 26.18]]]}, "properties": {"class_value": 1, "class_name": "Stable"}}, {"type": "Feature", "geometry": {"type": "Polygon", "coordinates": [[[92.34649999999999, 26.18], [92.34649999999999, 26.174750000000003], [92.35166666666666, 26.174750000000003], [92.35166666666666, 26.18], [92.34649999999999, 26.18]]]}, "properties": {"class_value": 1, "class_name": "Stable"}}, {"type": "Feature", "geometry": {"type": "Polygon", "coordinates": [[[92.4705, 26.18], [92.4705, 26.174750000000003], [92.47566666666667, 26.174750000000003], [92.47566666666667, 26.18], [92.4705, 26.18]]]}, "properties": {"class_value": 1, "class_name": "Stable"}}, {"type": "Feature", "geometry": {"type": "Polygon", "coordinates": [[[92.53766666666667, 26.18], [92.53766666666667, 26.174750000000003], [92.54283333333333, 26.174750000000003], [92.54283333333333, 26.18], [92.53766666666667, 26.18]]]}, "properties": {"class_value": 1, "class_name": "Stable"}}, {"type": "Feature", "geometry": {"type": "Polygon", "coordinates": [[[92.66166666666666, 26.18], [92.66166666666666, 26.174750000000003], [92.66683333333333, 26.174750000000003], [92.66683333333333, 26.18], [92.66166666666666, 26.18]]]}, "properties": {"class_value": 1, "class_name": "Stable"}}, {"type": "Feature", "geometry": {"type": "Polygon", "coordinates": [[[92.69783333333334, 26.18], [92.69783333333334, 26.174750000000003], [92.703, 26.174750000000003], [92.703, 26.18], [92.69783333333334, 26.18]]]}, "properties": {"class_value": 1, "class_name": "Stable"}}, {"type": "Feature", "geometry": {"type": "Polygon", "coordinates": [[[92.84766666666667, 26.18], [92.84766666666667, 26.174750000000003], [92.85283333333334, 26.174750000000003], [92.85283333333334, 26.18], [92.84766666666667, 26.18]]]}, "properties": {"class_value": 1, "class_name": "Stable"}}, {"type": "Feature", "geometry": {"type": "Polygon", "coordinates": [[[92.94066666666666, 26.18], [92.94066666666666, 26.174750000000003], [92.94583333333333, 26.174750000000003], [92.94583333333333, 26.18], [92.94066666666666, 26.18]]]}, "properties": {"class_value": 1, "class_name": "Stable"}}, {"type": "Feature", "geometry": {"type": "Polygon", "coordinates": [[[92.99233333333333, 26.18], [92.99233333333333, 26.174750000000003], [92.9975, 26.174750000000003], [92.9975, 26.18], [92.99233333333333, 26.18]]]}, "properties": {"class_value": 2, "class_name": "Degrading"}}, {"type": "Feature", "geometry": {"type": "Polygon", "coordinates": [[[93.044, 26.18], [93.044, 26.174750000000003], [93.04916666666666, 26.174750000000003], [93.04916666666666, 26.18], [93.044, 26.18]]]}, "properties": {"class_value": 1, "class_name": "Stable"}}, {"type": "Feature", "geometry": {"type": "Polygon", "coordinates": [[[93.261, 26.18], [93.261, 26.174750000000003], [93.26616666666666, 26.174750000000003], [93.26616666666666, 26.18], [93.261, 26.18]]]}, "properties": {"class_value": 1, "class_name": "Stable"}}, {"type": "Feature", "geometry": {"type": "Polygon", "coordinates": [[[93.45733333333332, 26.18], [93.45733333333332, 26.174750000000003], [93.46249999999999, 26.174750000000003], [93.46249999999999, 26.18], [93.45733333333332, 26.18]]]}, "properties": {"class_value": 1, "class_name": "Stable"}}, {"type": "Feature", "geometry": {"type": "Polygon", "coordinates": [[[93.70016666666666, 26.18], [93.70016666666666, 26.174750000000003], [93.70533333333333, 26.174750000000003], [93.70533333333333, 26.18], [93.70016666666666, 26.18]]]}, "properties": {"class_value": 1, "class_name": "Stable"}}, {"type": "Feature", "geometry": {"type": "Polygon", "coordinates": [[[93.79833333333333, 26.18], [93.79833333333333, 26.174750000000003], [93.8035, 26.174750000000003], [93.8035, 26.18], [93.79833333333333, 26.18]]]}, "properties": {"class_value": 1, "class_name": "Stable"}}, {"type": "Feature", "geometry": {"type": "Polygon", "coordinates": [[[92.5945, 26.18], [92.5945, 26.169500000000003], [92.59966666666666, 26.169500000000003], [92.59966666666666, 26.18], [92.5945, 26.18]]]}, "properties": {"class_value": 1, "class_name": "Stable"}}, {"type": "Feature", "geometry": {"type": "Polygon", "coordinates": [[[93.22483333333334, 26.18], [93.22483333333334, 26.169500000000003], [93.23, 26.169500000000003], [93.23, 26.18], [93.22483333333334, 26.18]]]}, "properties": {"class_value": 1, "class_name": "Stable"}}, {"type": "Feature", "geometry": {"type": "Polygon", "coordinates": [[[92.36716666666666, 26.174750000000003], [92.36716666666666, 26.169500000000003], [92.37233333333333, 26.169500000000003], [92.37233333333333, 26.174750000000003], [92.36716666666666, 26.174750000000003]]]}, "properties": {"class_value": 1, "class_name": "Stable"}}, {"type": "Feature", "geometry": {"type": "Polygon", "coordinates": [[[92.38266666666667, 26.174750000000003], [92.38266666666667, 26.169500000000003], [92.393, 26.169500000000003], [92.393, 26.174750000000003], [92.38266666666667, 26.174750000000003]]]}, "properties": {"class_value": 1, "class_name": "Stable"}}, {"type": "Feature", "geometry": {"type": "Polygon", "coordinates": [[[92.40333333333334, 26.174750000000003], [92.40333333333334, 26.169500000000003], [92.4085, 26.169500000000003], [92.4085, 26.174750000000003], [92.40333333333334, 26.174750000000003]]]}, "properties": {"class_value": 1, "class_name": "Stable"}}, {"type": "Feature", "geometry": {"type": "Polygon", "coordinates": [[[92.579, 26.174750000000003], [92.579, 26.169500000000003], [92.58416666666666, 26.169500000000003], [92.58416666666666, 26.174750000000003], [92.579, 26.174750000000003]]]}, "properties": {"class_value": 2, "class_name": "Degrading"}}, {"type": "Feature", "geometry": {"type": "Polygon", "coordinates": [[[92.71333333333332, 26.174750000000003], [92.71333333333332, 26.169500000000003], [92.71849999999999, 26.169500000000003], [92.71849999999999, 26.174750000000003], [92.71333333333332, 26.174750000000003]]]}, "properties": {"class_value": 1, "class_name": "Stable"}}, {"type": "Feature", "geometry": {"type": "Polygon", "coordinates": [[[92.86833333333333, 26.174750000000003], [92.86833333333333, 26.169500000000003], [92.87349999999999, 26.169500000000003], [92.87349999999999, 26.174750000000003], [92.86833333333333, 26.174750000000003]]]}, "properties": {"class_value": 1, "class_name": "Stable"}}, {"type": "Feature", "geometry": {"type": "Polygon", "coordinates": [[[92.87866666666666, 26.174750000000003], [92.87866666666666, 26.169500000000003], [92.88383333333333, 26.169500000000003], [92.88383333333333, 26.174750000000003], [92.87866666666666, 26.174750000000003]]]}, "properties": {"class_value": 1, "class_name": "Stable"}}, {"type": "Feature", "geometry": {"type": "Polygon", "coordinates": [[[92.96133333333333, 26.174750000000003], [92.96133333333333, 26.169500000000003], [92.9665, 26.169500000000003], [92.9665, 26.174750000000003], [92.96133333333333, 26.174750000000003]]]}, "properties": {"class_value": 1, "class_name": "Stable"}}, {"type": "Feature", "geometry": {"type": "Polygon", "coordinates": [[[93.00266666666667, 26.174750000000003], [93.00266666666667, 26.169500000000003], [93.00783333333334, 26.169500000000003], [93.00783333333334, 26.174750000000003], [93.00266666666667, 26.174750000000003]]]}, "properties": {"class_value": 1, "class_name": "Stable"}}, {"type": "Feature", "geometry": {"type": "Polygon", "coordinates": [[[93.11116666666666, 26.174750000000003], [93.11116666666666, 26.169500000000003], [93.11633333333333, 26.169500000000003], [93.11633333333333, 26.174750000000003], [93.11116666666666, 26.174750000000003]]]}, "properties": {"class_value": 1, "class_name": "Stable"}}, {"type": "Feature", "geometry": {"type": "Polygon", "coordinates": [[[93.12666666666667, 26.174750000000003], [93.12666666666667, 26.169500000000003], [93.13183333333333, 26.169500000000003], [93.13183333333333, 26.174750000000003], [93.12666666666667, 26.174750000000003]]]}, "properties": {"class_value": 1, "class_name": "Stable"}}, {"type": "Feature", "geometry": {"type": "Polygon", "coordinates": [[[93.33333333333333, 26.174750000000003], [93.33333333333333, 26.169500000000003], [93.3385, 26.169500000000003], [93.3385, 26.174750000000003], [93.33333333333333, 26.174750000000003]]]}, "properties": {"class_value": 1, "class_name": "Stable"}}, {"type": "Feature", "geometry": {"type": "Polygon", "coordinates": [[[93.43666666666667, 26.174750000000003], [93.43666666666667, 26.169500000000003], [93.44183333333334, 26.169500000000003], [93.44183333333334, 26.174750000000003], [93.43666666666667, 26.174750000000003]]]}, "properties": {"class_value": 1, "class_name": "Stable"}}, {"type": "Feature", "geometry": {"type": "Polygon", "coordinates": [[[93.59166666666667, 26.174750000000003], [93.59166666666667, 26.169500000000003], [93.59683333333334, 26.169500000000003], [93.59683333333334, 26.174750000000003], [93.59166666666667, 26.174750000000003]]]}, "properties": {"class_value": 1, "class_name": "Stable"}}, {"type": "Feature", "geometry": {"type": "Polygon", "coordinates": [[[93.62783333333333, 26.174750000000003], [93.62783333333333, 26.169500000000003], [93.633, 26.169500000000003], [93.633, 26.174750000000003], [93.62783333333333, 26.174750000000003]]]}, "properties": {"class_value": 1, "class_name": "Stable"}}, {"type": "Feature", "geometry": {"type": "Polygon", "coordinates": [[[93.09049999999999, 26.174750000000003], [93.09049999999999, 26.164250000000003], [93.09566666666666, 26.164250000000003], [93.09566666666666, 26.174750000000003], [93.09049999999999, 26.174750000000003]]]}, "properties": {"class_value": 1, "class_name": "Stable"}}, {"type": "Feature", "geometry": {"type": "Polygon", "coordinates": [[[93.25066666666666, 26.174750000000003], [93.25066666666666, 26.164250000000003], [93.25583333333333, 26.164250000000003], [93.25583333333333, 26.174750000000003], [93.25066666666666, 26.174750000000003]]]}, "properties": {"class_value": 1, "class_name": "Stable"}}, {"type": "Feature", "geometry": {"type": "Polygon", "coordinates": [[[92.37233333333333, 26.169500000000003], [92.37233333333333, 26.164250000000003], [92.3775, 26.164250000000003], [92.3775, 26.169500000000003], [92.37233333333333, 26.169500000000003]]]}, "properties": {"class_value": 1, "class_name": "Stable"}}, {"type": "Feature", "geometry": {"type": "Polygon", "coordinates": [[[92.42399999999999, 26.169500000000003], [92.42399999999999, 26.164250000000003], [92.42916666666666, 26.164250000000003], [92.42916666666666, 26.169500000000003], [92.42399999999999, 26.169500000000003]]]}, "properties": {"class_value": 1, "class_name": "Stable"}}, {"type": "Feature", "geometry": {"type": "Polygon", "coordinates": [[[92.5325, 26.169500000000003], [92.5325, 26.164250000000003], [92.53766666666667, 26.164250000000003], [92.53766666666667, 26.169500000000003], [92.5325, 26.169500000000003]]]}, "properties": {"class_value": 1, "class_name": "Stable"}}, {"type": "Feature", "geometry": {"type": "Polygon", "coordinates": [[[92.80116666666666, 26.169500000000003], [92.80116666666666, 26.164250000000003], [92.80633333333333, 26.164250000000003], [92.80633333333333, 26.169500000000003], [92.80116666666666, 26.169500000000003]]]}, "properties": {"class_value": 5, "class_name": "Uncertain / Other"}}, {"type": "Feature", "geometry": {"type": "Polygon", "coordinates": [[[92.88383333333333, 26.169500000000003], [92.88383333333333, 26.164250000000003], [92.889, 26.164250000000003], [92.889, 26.169500000000003], [92.88383333333333, 26.169500000000003]]]}, "properties": {"class_value": 1, "class_name": "Stable"}}, {"type": "Feature", "geometry": {"type": "Polygon", "coordinates": [[[92.90966666666667, 26.169500000000003], [92.90966666666667, 26.164250000000003], [92.91483333333333, 26.164250000000003], [92.91483333333333, 26.169500000000003], [92.90966666666667, 26.169500000000003]]]}, "properties": {"class_value": 2, "class_name": "Degrading"}}, {"type": "Feature", "geometry": {"type": "Polygon", "coordinates": [[[92.95616666666666, 26.169500000000003], [92.95616666666666, 26.164250000000003], [92.96133333333333, 26.164250000000003], [92.96133333333333, 26.169500000000003], [92.95616666666666, 26.169500000000003]]]}, "properties": {"class_value": 1, "class_name": "Stable"}}, {"type": "Feature", "geometry": {"type": "Polygon", "coordinates": [[[93.01299999999999, 26.169500000000003], [93.01299999999999, 26.164250000000003], [93.01816666666666, 26.164250000000003], [93.01816666666666, 26.169500000000003], [93.01299999999999, 26.169500000000003]]]}, "properties": {"class_value": 1, "class_name": "Stable"}}, {"type": "Feature", "geometry": {"type": "Polygon", "coordinates": [[[93.30233333333334, 26.169500000000003], [93.30233333333334, 26.164250000000003], [93.30749999999999, 26.164250000000003], [93.30749999999999, 26.169500000000003], [93.30233333333334, 26.169500000000003]]]}, "properties": {"class_value": 1, "class_name": "Stable"}}, {"type": "Feature", "geometry": {"type": "Polygon", "coordinates": [[[93.38499999999999, 26.169500000000003], [93.38499999999999, 26.164250000000003], [93.39016666666666, 26.164250000000003], [93.39016666666666, 26.169500000000003], [93.38499999999999, 26.169500000000003]]]}, "properties": {"class_value": 1, "class_name": "Stable"}}, {"type": "Feature", "geometry": {"type": "Polygon", "coordinates": [[[93.53483333333332, 26.169500000000003], [93.53483333333332, 26.164250000000003], [93.53999999999999, 26.164250000000003], [93.53999999999999, 26.169500000000003], [93.53483333333332, 26.169500000000003]]]}, "properties": {"class_value": 1, "class_name": "Stable"}}, {"type": "Feature", "geometry": {"type": "Polygon", "coordinates": [[[93.56583333333333, 26.169500000000003], [93.56583333333333, 26.164250000000003], [93.571, 26.164250000000003], [93.571, 26.169500000000003], [93.56583333333333, 26.169500000000003]]]}, "properties": {"class_value": 1, "class_name": "Stable"}}, {"type": "Feature", "geometry": {"type": "Polygon", "coordinates": [[[92.68233333333333, 26.169500000000003], [92.68233333333333, 26.159000000000002], [92.6875, 26.159000000000002], [92.6875, 26.169500000000003], [92.68233333333333, 26.169500000000003]]]}, "properties": {"class_value": 1, "class_name": "Stable"}}, {"type": "Feature", "geometry": {"type": "Polygon", "coordinates": [[[92.35166666666666, 26.164250000000003], [92.35166666666666, 26.159000000000002], [92.35683333333333, 26.159000000000002], [92.35683333333333, 26.164250000000003], [92.35166666666666, 26.164250000000003]]]}, "properties": {"class_value": 1, "class_name": "Stable"}}, {"type": "Feature", "geometry": {"type": "Polygon", "coordinates": [[[92.4395, 26.164250000000003], [92.4395, 26.159000000000002], [92.44466666666666, 26.159000000000002], [92.44466666666666, 26.164250000000003], [92.4395, 26.164250000000003]]]}, "properties": {"class_value": 1, "class_name": "Stable"}}, {"type": "Feature", "geometry": {"type": "Polygon", "coordinates": [[[92.56866666666666, 26.164250000000003], [92.56866666666666, 26.159000000000002], [92.57383333333333, 26.159000000000002], [92.57383333333333, 26.164250000000003], [92.56866666666666, 26.164250000000003]]]}, "properties": {"class_value": 5, "class_name": "Uncertain / Other"}}, {"type": "Feature", "geometry": {"type": "Polygon", "coordinates": [[[92.59966666666666, 26.164250000000003], [92.59966666666666, 26.159000000000002], [92.60483333333333, 26.159000000000002], [92.60483333333333, 26.164250000000003], [92.59966666666666, 26.164250000000003]]]}, "properties": {"class_value": 1, "class_name": "Stable"}}, {"type": "Feature", "geometry": {"type": "Polygon", "coordinates": [[[92.78566666666666, 26.164250000000003], [92.78566666666666, 26.159000000000002], [92.79083333333332, 26.159000000000002], [92.79083333333332, 26.164250000000003], [92.78566666666666, 26.164250000000003]]]}, "properties": {"class_value": 1, "class_name": "Stable"}}, {"type": "Feature", "geometry": {"type": "Polygon", "coordinates": [[[92.858, 26.164250000000003], [92.858, 26.159000000000002], [92.86316666666666, 26.159000000000002], [92.86316666666666, 26.164250000000003], [92.858, 26.164250000000003]]]}, "properties": {"class_value": 1, "class_name": "Stable"}}, {"type": "Feature", "geometry": {"type": "Polygon", "coordinates": [[[92.89416666666666, 26.164250000000003], [92.89416666666666, 26.159000000000002], [92.89933333333333, 26.159000000000002], [92.89933333333333, 26.164250000000003], [92.89416666666666, 26.164250000000003]]]}, "properties": {"class_value": 2, "class_name": "Degrading"}}, {"type": "Feature", "geometry": {"type": "Polygon", "coordinates": [[[92.91483333333333, 26.164250000000003], [92.91483333333333, 26.159000000000002], [92.92, 26.159000000000002], [92.92, 26.164250000000003], [92.91483333333333, 26.164250000000003]]]}, "properties": {"class_value": 2, "class_name": "Degrading"}}, {"type": "Feature", "geometry": {"type": "Polygon", "coordinates": [[[92.982, 26.164250000000003], [92.982, 26.159000000000002], [92.98716666666667, 26.159000000000002], [92.98716666666667, 26.164250000000003], [92.982, 26.164250000000003]]]}, "properties": {"class_value": 1, "class_name": "Stable"}}, {"type": "Feature", "geometry": {"type": "Polygon", "coordinates": [[[93.32816666666666, 26.164250000000003], [93.32816666666666, 26.159000000000002], [93.33333333333333, 26.159000000000002], [93.33333333333333, 26.164250000000003], [93.32816666666666, 26.164250000000003]]]}, "properties": {"class_value": 1, "class_name": "Stable"}}, {"type": "Feature", "geometry": {"type": "Polygon", "coordinates": [[[93.39016666666666, 26.164250000000003], [93.39016666666666, 26.159000000000002], [93.39533333333333, 26.159000000000002], [93.39533333333333, 26.164250000000003], [93.39016666666666, 26.164250000000003]]]}, "properties": {"class_value": 1, "class_name": "Stable"}}, {"type": "Feature", "geometry": {"type": "Polygon", "coordinates": [[[93.68466666666666, 26.164250000000003], [93.68466666666666, 26.159000000000002], [93.68983333333333, 26.159000000000002], [93.68983333333333, 26.164250000000003], [93.68466666666666, 26.164250000000003]]]}, "properties": {"class_value": 1, "class_name": "Stable"}}, {"type": "Feature", "geometry": {"type": "Polygon", "coordinates": [[[93.70533333333333, 26.164250000000003], [93.70533333333333, 26.159000000000002], [93.7105, 26.159000000000002], [93.7105, 26.164250000000003], [93.70533333333333, 26.164250000000003]]]}, "properties": {"class_value": 1, "class_name": "Stable"}}, {"type": "Feature", "geometry": {"type": "Polygon", "coordinates": [[[92.47566666666667, 26.159000000000002], [92.47566666666667, 26.153750000000002], [92.48083333333334, 26.153750000000002], [92.48083333333334, 26.159000000000002], [92.47566666666667, 26.159000000000002]]]}, "properties": {"class_value": 1, "class_name": "Stable"}}, {"type": "Feature", "geometry": {"type": "Polygon", "coordinates": [[[92.49633333333333, 26.159000000000002], [92.49633333333333, 26.153750000000002], [92.5015, 26.153750000000002], [92.5015, 26.159000000000002], [92.49633333333333, 26.159000000000002]]]}, "properties": {"class_value": 1, "class_name": "Stable"}}, {"type": "Feature", "geometry": {"type": "Polygon", "coordinates": [[[92.579, 26.159000000000002], [92.579, 26.153750000000002], [92.58416666666666, 26.153750000000002], [92.58416666666666, 26.159000000000002], [92.579, 26.159000000000002]]]}, "properties": {"class_value": 1, "class_name": "Stable"}}, {"type": "Feature", "geometry": {"type": "Polygon", "coordinates": [[[92.64099999999999, 26.159000000000002], [92.64099999999999, 26.153750000000002], [92.64616666666666, 26.153750000000002], [92.64616666666666, 26.159000000000002], [92.64099999999999, 26.159000000000002]]]}, "properties": {"class_value": 1, "class_name": "Stable"}}, {"type": "Feature", "geometry": {"type": "Polygon", "coordinates": [[[93.02333333333333, 26.159000000000002], [93.02333333333333, 26.153750000000002], [93.0285, 26.153750000000002], [93.0285, 26.159000000000002], [93.02333333333333, 26.159000000000002]]]}, "properties": {"class_value": 1, "class_name": "Stable"}}, {"type": "Feature", "geometry": {"type": "Polygon", "coordinates": [[[93.09049999999999, 26.159000000000002], [93.09049999999999, 26.153750000000002], [93.09566666666666, 26.153750000000002], [93.09566666666666, 26.159000000000002], [93.09049999999999, 26.159000000000002]]]}, "properties": {"class_value": 1, "class_name": "Stable"}}, {"type": "Feature", "geometry": {"type": "Polygon", "coordinates": [[[93.10083333333333, 26.159000000000002], [93.10083333333333, 26.153750000000002], [93.106, 26.153750000000002], [93.106, 26.159000000000002], [93.10083333333333, 26.159000000000002]]]}, "properties": {"class_value": 1, "class_name": "Stable"}}, {"type": "Feature", "geometry": {"type": "Polygon", "coordinates": [[[93.3695, 26.159000000000002], [93.3695, 26.153750000000002], [93.37466666666667, 26.153750000000002], [93.37466666666667, 26.159000000000002], [93.3695, 26.159000000000002]]]}, "properties": {"class_value": 1, "class_name": "Stable"}}, {"type": "Feature", "geometry": {"type": "Polygon", "coordinates": [[[93.54516666666666, 26.159000000000002], [93.54516666666666, 26.153750000000002], [93.55033333333333, 26.153750000000002], [93.55033333333333, 26.159000000000002], [93.54516666666666, 26.159000000000002]]]}, "properties": {"class_value": 1, "class_name": "Stable"}}, {"type": "Feature", "geometry": {"type": "Polygon", "coordinates": [[[93.61233333333332, 26.159000000000002], [93.61233333333332, 26.153750000000002], [93.61749999999999, 26.153750000000002], [93.61749999999999, 26.159000000000002], [93.61233333333332, 26.159000000000002]]]}, "properties": {"class_value": 1, "class_name": "Stable"}}, {"type": "Feature", "geometry": {"type": "Polygon", "coordinates": [[[93.62266666666666, 26.159000000000002], [93.62266666666666, 26.153750000000002], [93.62783333333333, 26.153750000000002], [93.62783333333333, 26.159000000000002], [93.62266666666666, 26.159000000000002]]]}, "properties": {"class_value": 1, "class_name": "Stable"}}, {"type": "Feature", "geometry": {"type": "Polygon", "coordinates": [[[93.75699999999999, 26.159000000000002], [93.75699999999999, 26.153750000000002], [93.76216666666666, 26.153750000000002], [93.76216666666666, 26.159000000000002], [93.75699999999999, 26.159000000000002]]]}, "properties": {"class_value": 1, "class_name": "Stable"}}, {"type": "Feature", "geometry": {"type": "Polygon", "coordinates": [[[93.79316666666666, 26.159000000000002], [93.79316666666666, 26.153750000000002], [93.79833333333333, 26.153750000000002], [93.79833333333333, 26.159000000000002], [93.79316666666666, 26.159000000000002]]]}, "properties": {"class_value": 1, "class_name": "Stable"}}, {"type": "Feature", "geometry": {"type": "Polygon", "coordinates": [[[92.4085, 26.153750000000002], [92.4085, 26.148500000000002], [92.41366666666666, 26.148500000000002], [92.41366666666666, 26.153750000000002], [92.4085, 26.153750000000002]]]}, "properties": {"class_value": 1, "class_name": "Stable"}}, {"type": "Feature", "geometry": {"type": "Polygon", "coordinates": [[[92.48083333333334, 26.153750000000002], [92.48083333333334, 26.148500000000002], [92.486, 26.148500000000002], [92.486, 26.153750000000002], [92.48083333333334, 26.153750000000002]]]}, "properties": {"class_value": 1, "class_name": "Stable"}}, {"type": "Feature", "geometry": {"type": "Polygon", "coordinates": [[[92.55833333333334, 26.153750000000002], [92.55833333333334, 26.148500000000002], [92.56349999999999, 26.148500000000002], [92.56349999999999, 26.153750000000002], [92.55833333333334, 26.153750000000002]]]}, "properties": {"class_value": 1, "class_name": "Stable"}}, {"type": "Feature", "geometry": {"type": "Polygon", "coordinates": [[[92.87349999999999, 26.153750000000002], [92.87349999999999, 26.148500000000002], [92.87866666666666, 26.148500000000002], [92.87866666666666, 26.153750000000002], [92.87349999999999, 26.153750000000002]]]}, "properties": {"class_value": 1, "class_name": "Stable"}}, {"type": "Feature", "geometry": {"type": "Polygon", "coordinates": [[[92.9045, 26.153750000000002], [92.9045, 26.148500000000002], [92.90966666666667, 26.148500000000002], [92.90966666666667, 26.153750000000002], [92.9045, 26.153750000000002]]]}, "properties": {"class_value": 2, "class_name": "Degrading"}}, {"type": "Feature", "geometry": {"type": "Polygon", "coordinates": [[[93.23516666666666, 26.153750000000002], [93.23516666666666, 26.148500000000002], [93.24033333333333, 26.148500000000002], [93.24033333333333, 26.153750000000002], [93.23516666666666, 26.153750000000002]]]}, "properties": {"class_value": 1, "class_name": "Stable"}}, {"type": "Feature", "geometry": {"type": "Polygon", "coordinates": [[[93.25066666666666, 26.153750000000002], [93.25066666666666, 26.148500000000002], [93.25583333333333, 26.148500000000002], [93.25583333333333, 26.153750000000002], [93.25066666666666, 26.153750000000002]]]}, "properties": {"class_value": 1, "class_name": "Stable"}}, {"type": "Feature", "geometry": {"type": "Polygon", "coordinates": [[[93.43666666666667, 26.153750000000002], [93.43666666666667, 26.148500000000002], [93.44183333333334, 26.148500000000002], [93.44183333333334, 26.153750000000002], [93.43666666666667, 26.153750000000002]]]}, "properties": {"class_value": 1, "class_name": "Stable"}}, {"type": "Feature", "geometry": {"type": "Polygon", "coordinates": [[[93.57616666666667, 26.153750000000002], [93.57616666666667, 26.148500000000002], [93.5865, 26.148500000000002], [93.5865, 26.153750000000002], [93.57616666666667, 26.153750000000002]]]}, "properties": {"class_value": 1, "class_name": "Stable"}}, {"type": "Feature", "geometry": {"type": "Polygon", "coordinates": [[[93.63816666666666, 26.153750000000002], [93.63816666666666, 26.148500000000002], [93.64333333333333, 26.148500000000002], [93.64333333333333, 26.153750000000002], [93.63816666666666, 26.153750000000002]]]}, "properties": {"class_value": 1, "class_name": "Stable"}}, {"type": "Feature", "geometry": {"type": "Polygon", "coordinates": [[[92.41883333333332, 26.148500000000002], [92.41883333333332, 26.143250000000002], [92.42399999999999, 26.143250000000002], [92.42399999999999, 26.148500000000002], [92.41883333333332, 26.148500000000002]]]}, "properties": {"class_value": 1, "class_name": "Stable"}}, {"type": "Feature", "geometry": {"type": "Polygon", "coordinates": [[[92.5325, 26.148500000000002], [92.5325, 26.143250000000002], [92.53766666666667, 26.143250000000002], [92.53766666666667, 26.148500000000002], [92.5325, 26.148500000000002]]]}, "properties": {"class_value": 1, "class_name": "Stable"}}, {"type": "Feature", "geometry": {"type": "Polygon", "coordinates": [[[92.58416666666666, 26.148500000000002], [92.58416666666666, 26.143250000000002], [92.58933333333333, 26.143250000000002], [92.58933333333333, 26.148500000000002], [92.58416666666666, 26.148500000000002]]]}, "properties": {"class_value": 1, "class_name": "Stable"}}, {"type": "Feature", "geometry": {"type": "Polygon", "coordinates": [[[92.65133333333333, 26.148500000000002], [92.65133333333333, 26.143250000000002], [92.6565, 26.143250000000002], [92.6565, 26.148500000000002], [92.65133333333333, 26.148500000000002]]]}, "properties": {"class_value": 2, "class_name": "Degrading"}}, {"type": "Feature", "geometry": {"type": "Polygon", "coordinates": [[[92.79083333333332, 26.148500000000002], [92.79083333333332, 26.143250000000002], [92.79599999999999, 26.143250000000002], [92.79599999999999, 26.148500000000002], [92.79083333333332, 26.148500000000002]]]}, "properties": {"class_value": 4, "class_name": "Cyclic"}}, {"type": "Feature", "geometry": {"type": "Polygon", "coordinates": [[[92.81666666666666, 26.148500000000002], [92.81666666666666, 26.143250000000002], [92.82183333333333, 26.143250000000002], [92.82183333333333, 26.148500000000002], [92.81666666666666, 26.148500000000002]]]}, "properties": {"class_value": 1, "class_name": "Stable"}}, {"type": "Feature", "geometry": {"type": "Polygon", "coordinates": [[[92.97683333333333, 26.148500000000002], [92.97683333333333, 26.143250000000002], [92.982, 26.143250000000002], [92.982, 26.148500000000002], [92.97683333333333, 26.148500000000002]]]}, "properties": {"class_value": 1, "class_name": "Stable"}}, {"type": "Feature", "geometry": {"type": "Polygon", "coordinates": [[[92.99233333333333, 26.148500000000002], [92.99233333333333, 26.143250000000002], [92.9975, 26.143250000000002], [92.9975, 26.148500000000002], [92.99233333333333, 26.148500000000002]]]}, "properties": {"class_value": 1, "class_name": "Stable"}}, {"type": "Feature", "geometry": {"type": "Polygon", "coordinates": [[[93.03883333333333, 26.148500000000002], [93.03883333333333, 26.143250000000002], [93.044, 26.143250000000002], [93.044, 26.148500000000002], [93.03883333333333, 26.148500000000002]]]}, "properties": {"class_value": 1, "class_name": "Stable"}}, {"type": "Feature", "geometry": {"type": "Polygon", "coordinates": [[[93.08533333333332, 26.148500000000002], [93.08533333333332, 26.143250000000002], [93.09049999999999, 26.143250000000002], [93.09049999999999, 26.148500000000002], [93.08533333333332, 26.148500000000002]]]}, "properties": {"class_value": 5, "class_name": "Uncertain / Other"}}, {"type": "Feature", "geometry": {"type": "Polygon", "coordinates": [[[93.22483333333334, 26.148500000000002], [93.22483333333334, 26.143250000000002], [93.23, 26.143250000000002], [93.23, 26.148500000000002], [93.22483333333334, 26.148500000000002]]]}, "properties": {"class_value": 1, "class_name": "Stable"}}, {"type": "Feature", "geometry": {"type": "Polygon", "coordinates": [[[93.292, 26.148500000000002], [93.292, 26.143250000000002], [93.29716666666667, 26.143250000000002], [93.29716666666667, 26.148500000000002], [93.292, 26.148500000000002]]]}, "properties": {"class_value": 1, "class_name": "Stable"}}, {"type": "Feature", "geometry": {"type": "Polygon", "coordinates": [[[93.32816666666666, 26.148500000000002], [93.32816666666666, 26.143250000000002], [93.33333333333333, 26.143250000000002], [93.33333333333333, 26.148500000000002], [93.32816666666666, 26.148500000000002]]]}, "properties": {"class_value": 1, "class_name": "Stable"}}, {"type": "Feature", "geometry": {"type": "Polygon", "coordinates": [[[93.5245, 26.148500000000002], [93.5245, 26.143250000000002], [93.52966666666666, 26.143250000000002], [93.52966666666666, 26.148500000000002], [93.5245, 26.148500000000002]]]}, "properties": {"class_value": 1, "class_name": "Stable"}}, {"type": "Feature", "geometry": {"type": "Polygon", "coordinates": [[[93.59683333333334, 26.148500000000002], [93.59683333333334, 26.143250000000002], [93.602, 26.143250000000002], [93.602, 26.148500000000002], [93.59683333333334, 26.148500000000002]]]}, "properties": {"class_value": 1, "class_name": "Stable"}}, {"type": "Feature", "geometry": {"type": "Polygon", "coordinates": [[[93.6485, 26.148500000000002], [93.6485, 26.143250000000002], [93.65366666666667, 26.143250000000002], [93.65366666666667, 26.148500000000002], [93.6485, 26.148500000000002]]]}, "properties": {"class_value": 1, "class_name": "Stable"}}, {"type": "Feature", "geometry": {"type": "Polygon", "coordinates": [[[93.7105, 26.148500000000002], [93.7105, 26.143250000000002], [93.71566666666666, 26.143250000000002], [93.71566666666666, 26.148500000000002], [93.7105, 26.148500000000002]]]}, "properties": {"class_value": 1, "class_name": "Stable"}}, {"type": "Feature", "geometry": {"type": "Polygon", "coordinates": [[[93.7725, 26.148500000000002], [93.7725, 26.143250000000002], [93.77766666666666, 26.143250000000002], [93.77766666666666, 26.148500000000002], [93.7725, 26.148500000000002]]]}, "properties": {"class_value": 1, "class_name": "Stable"}}, {"type": "Feature", "geometry": {"type": "Polygon", "coordinates": [[[93.82933333333332, 26.148500000000002], [93.82933333333332, 26.143250000000002], [93.83449999999999, 26.143250000000002], [93.83449999999999, 26.148500000000002], [93.82933333333332, 26.148500000000002]]]}, "properties": {"class_value": 1, "class_name": "Stable"}}, {"type": "Feature", "geometry": {"type": "Polygon", "coordinates": [[[92.3, 26.143250000000002], [92.3, 26.138], [92.30516666666666, 26.138], [92.30516666666666, 26.143250000000002], [92.3, 26.143250000000002]]]}, "properties": {"class_value": 1, "class_name": "Stable"}}, {"type": "Feature", "geometry": {"type": "Polygon", "coordinates": [[[92.33616666666667, 26.143250000000002], [92.33616666666667, 26.138], [92.34133333333332, 26.138], [92.34133333333332, 26.143250000000002], [92.33616666666667, 26.143250000000002]]]}, "properties": {"class_value": 2, "class_name": "Degrading"}}, {"type": "Feature", "geometry": {"type": "Polygon", "coordinates": [[[92.51183333333333, 26.148500000000002], [92.51183333333333, 26.143250000000002], [92.50666666666666, 26.143250000000002], [92.50666666666666, 26.138], [92.52216666666666, 26.138], [92.52216666666666, 26.143250000000002], [92.517, 26.143250000000002], [92.517, 26.148500000000002], [92.51183333333333, 26.148500000000002]]]}, "properties": {"class_value": 1, "class_name": "Stable"}}, {"type": "Feature", "geometry": {"type": "Polygon", "coordinates": [[[92.54283333333333, 26.143250000000002], [92.54283333333333, 26.138], [92.548, 26.138], [92.548, 26.143250000000002], [92.54283333333333, 26.143250000000002]]]}, "properties": {"class_value": 1, "class_name": "Stable"}}, {"type": "Feature", "geometry": {"type": "Polygon", "coordinates": [[[92.72883333333333, 26.143250000000002], [92.72883333333333, 26.138], [92.734, 26.138], [92.734, 26.143250000000002], [92.72883333333333, 26.143250000000002]]]}, "properties": {"class_value": 1, "class_name": "Stable"}}, {"type": "Feature", "geometry": {"type": "Polygon", "coordinates": [[[92.73916666666666, 26.143250000000002], [92.73916666666666, 26.138], [92.74433333333333, 26.138], [92.74433333333333, 26.143250000000002], [92.73916666666666, 26.143250000000002]]]}, "properties": {"class_value": 1, "class_name": "Stable"}}, {"type": "Feature", "geometry": {"type": "Polygon", "coordinates": [[[92.7805, 26.143250000000002], [92.7805, 26.138], [92.78566666666666, 26.138], [92.78566666666666, 26.143250000000002], [92.7805, 26.143250000000002]]]}, "properties": {"class_value": 2, "class_name": "Degrading"}}, {"type": "Feature", "geometry": {"type": "Polygon", "coordinates": [[[92.83733333333333, 26.143250000000002], [92.83733333333333, 26.138], [92.8425, 26.138], [92.8425, 26.143250000000002], [92.83733333333333, 26.143250000000002]]]}, "properties": {"class_value": 1, "class_name": "Stable"}}, {"type": "Feature", "geometry": {"type": "Polygon", "coordinates": [[[92.94583333333333, 26.143250000000002], [92.94583333333333, 26.138], [92.951, 26.138], [92.951, 26.143250000000002], [92.94583333333333, 26.143250000000002]]]}, "properties": {"class_value": 1, "class_name": "Stable"}}, {"type": "Feature", "geometry": {"type": "Polygon", "coordinates": [[[92.95616666666666, 26.143250000000002], [92.95616666666666, 26.138], [92.96133333333333, 26.138], [92.96133333333333, 26.143250000000002], [92.95616666666666, 26.143250000000002]]]}, "properties": {"class_value": 1, "class_name": "Stable"}}, {"type": "Feature", "geometry": {"type": "Polygon", "coordinates": [[[93.04916666666666, 26.143250000000002], [93.04916666666666, 26.138], [93.05433333333333, 26.138], [93.05433333333333, 26.143250000000002], [93.04916666666666, 26.143250000000002]]]}, "properties": {"class_value": 1, "class_name": "Stable"}}, {"type": "Feature", "geometry": {"type": "Polygon", "coordinates": [[[93.15766666666666, 26.143250000000002], [93.15766666666666, 26.138], [93.16283333333332, 26.138], [93.16283333333332, 26.143250000000002], [93.15766666666666, 26.143250000000002]]]}, "properties": {"class_value": 1, "class_name": "Stable"}}, {"type": "Feature", "geometry": {"type": "Polygon", "coordinates": [[[93.30749999999999, 26.143250000000002], [93.30749999999999, 26.138], [93.31266666666666, 26.138], [93.31266666666666, 26.143250000000002], [93.30749999999999, 26.143250000000002]]]}, "properties": {"class_value": 1, "class_name": "Stable"}}, {"type": "Feature", "geometry": {"type": "Polygon", "coordinates": [[[93.4935, 26.143250000000002], [93.4935, 26.138], [93.49866666666667, 26.138], [93.49866666666667, 26.143250000000002], [93.4935, 26.143250000000002]]]}, "properties": {"class_value": 1, "class_name": "Stable"}}, {"type": "Feature", "geometry": {"type": "Polygon", "coordinates": [[[93.56066666666666, 26.143250000000002], [93.56066666666666, 26.138], [93.56583333333333, 26.138], [93.56583333333333, 26.143250000000002], [93.56066666666666, 26.143250000000002]]]}, "properties": {"class_value": 1, "class_name": "Stable"}}, {"type": "Feature", "geometry": {"type": "Polygon", "coordinates": [[[93.571, 26.143250000000002], [93.571, 26.138], [93.57616666666667, 26.138], [93.57616666666667, 26.143250000000002], [93.571, 26.143250000000002]]]}, "properties": {"class_value": 1, "class_name": "Stable"}}, {"type": "Feature", "geometry": {"type": "Polygon", "coordinates": [[[93.65366666666667, 26.143250000000002], [93.65366666666667, 26.138], [93.65883333333333, 26.138], [93.65883333333333, 26.143250000000002], [93.65366666666667, 26.143250000000002]]]}, "properties": {"class_value": 1, "class_name": "Stable"}}, {"type": "Feature", "geometry": {"type": "Polygon", "coordinates": [[[93.66916666666667, 26.143250000000002], [93.66916666666667, 26.138], [93.67433333333334, 26.138], [93.67433333333334, 26.143250000000002], [93.66916666666667, 26.143250000000002]]]}, "properties": {"class_value": 1, "class_name": "Stable"}}, {"type": "Feature", "geometry": {"type": "Polygon", "coordinates": [[[93.74666666666667, 26.143250000000002], [93.74666666666667, 26.138], [93.75183333333334, 26.138], [93.75183333333334, 26.143250000000002], [93.74666666666667, 26.143250000000002]]]}, "properties": {"class_value": 1, "class_name": "Stable"}}, {"type": "Feature", "geometry": {"type": "Polygon", "coordinates": [[[93.80866666666667, 26.143250000000002], [93.80866666666667, 26.138], [93.81383333333333, 26.138], [93.81383333333333, 26.143250000000002], [93.80866666666667, 26.143250000000002]]]}, "properties": {"class_value": 1, "class_name": "Stable"}}, {"type": "Feature", "geometry": {"type": "Polygon", "coordinates": [[[93.45733333333332, 26.143250000000002], [93.45733333333332, 26.13275], [93.46249999999999, 26.13275], [93.46249999999999, 26.143250000000002], [93.45733333333332, 26.143250000000002]]]}, "properties": {"class_value": 1, "class_name": "Stable"}}, {"type": "Feature", "geometry": {"type": "Polygon", "coordinates": [[[92.32066666666667, 26.138], [92.32066666666667, 26.13275], [92.331, 26.13275], [92.331, 26.138], [92.32066666666667, 26.138]]]}, "properties": {"class_value": 1, "class_name": "Stable"}}, {"type": "Feature", "geometry": {"type": "Polygon", "coordinates": [[[92.393, 26.138], [92.393, 26.13275], [92.39816666666667, 26.13275], [92.39816666666667, 26.138], [92.393, 26.138]]]}, "properties": {"class_value": 1, "class_name": "Stable"}}, {"type": "Feature", "geometry": {"type": "Polygon", "coordinates": [[[92.49116666666666, 26.138], [92.49116666666666, 26.13275], [92.49633333333333, 26.13275], [92.49633333333333, 26.138], [92.49116666666666, 26.138]]]}, "properties": {"class_value": 1, "class_name": "Stable"}}, {"type": "Feature", "geometry": {"type": "Polygon", "coordinates": [[[92.52216666666666, 26.138], [92.52216666666666, 26.13275], [92.52733333333333, 26.13275], [92.52733333333333, 26.138], [92.52216666666666, 26.138]]]}, "properties": {"class_value": 1, "class_name": "Stable"}}, {"type": "Feature", "geometry": {"type": "Polygon", "coordinates": [[[92.62033333333333, 26.138], [92.62033333333333, 26.13275], [92.6255, 26.13275], [92.6255, 26.138], [92.62033333333333, 26.138]]]}, "properties": {"class_value": 1, "class_name": "Stable"}}, {"type": "Feature", "geometry": {"type": "Polygon", "coordinates": [[[92.8115, 26.138], [92.8115, 26.13275], [92.81666666666666, 26.13275], [92.81666666666666, 26.138], [92.8115, 26.138]]]}, "properties": {"class_value": 1, "class_name": "Stable"}}, {"type": "Feature", "geometry": {"type": "Polygon", "coordinates": [[[92.9045, 26.138], [92.9045, 26.13275], [92.90966666666667, 26.13275], [92.90966666666667, 26.138], [92.9045, 26.138]]]}, "properties": {"class_value": 2, "class_name": "Degrading"}}, {"type": "Feature", "geometry": {"type": "Polygon", "coordinates": [[[92.97683333333333, 26.138], [92.97683333333333, 26.13275], [92.982, 26.13275], [92.982, 26.138], [92.97683333333333, 26.138]]]}, "properties": {"class_value": 1, "class_name": "Stable"}}, {"type": "Feature", "geometry": {"type": "Polygon", "coordinates": [[[93.09566666666666, 26.138], [93.09566666666666, 26.13275], [93.10083333333333, 26.13275], [93.10083333333333, 26.138], [93.09566666666666, 26.138]]]}, "properties": {"class_value": 1, "class_name": "Stable"}}, {"type": "Feature", "geometry": {"type": "Polygon", "coordinates": [[[93.106, 26.138], [93.106, 26.13275], [93.11116666666666, 26.13275], [93.11116666666666, 26.138], [93.106, 26.138]]]}, "properties": {"class_value": 1, "class_name": "Stable"}}, {"type": "Feature", "geometry": {"type": "Polygon", "coordinates": [[[93.13183333333333, 26.138], [93.13183333333333, 26.13275], [93.137, 26.13275], [93.137, 26.138], [93.13183333333333, 26.138]]]}, "properties": {"class_value": 1, "class_name": "Stable"}}, {"type": "Feature", "geometry": {"type": "Polygon", "coordinates": [[[93.2145, 26.138], [93.2145, 26.13275], [93.21966666666667, 26.13275], [93.21966666666667, 26.138], [93.2145, 26.138]]]}, "properties": {"class_value": 1, "class_name": "Stable"}}, {"type": "Feature", "geometry": {"type": "Polygon", "coordinates": [[[93.28683333333333, 26.138], [93.28683333333333, 26.13275], [93.292, 26.13275], [93.292, 26.138], [93.28683333333333, 26.138]]]}, "properties": {"class_value": 1, "class_name": "Stable"}}, {"type": "Feature", "geometry": {"type": "Polygon", "coordinates": [[[93.5555, 26.138], [93.5555, 26.13275], [93.56066666666666, 26.13275], [93.56066666666666, 26.138], [93.5555, 26.138]]]}, "properties": {"class_value": 1, "class_name": "Stable"}}, {"type": "Feature", "geometry": {"type": "Polygon", "coordinates": [[[93.77766666666666, 26.138], [93.77766666666666, 26.13275], [93.78283333333333, 26.13275], [93.78283333333333, 26.138], [93.77766666666666, 26.138]]]}, "properties": {"class_value": 1, "class_name": "Stable"}}, {"type": "Feature", "geometry": {"type": "Polygon", "coordinates": [[[93.79833333333333, 26.138], [93.79833333333333, 26.13275], [93.8035, 26.13275], [93.8035, 26.138], [93.79833333333333, 26.138]]]}, "properties": {"class_value": 1, "class_name": "Stable"}}, {"type": "Feature", "geometry": {"type": "Polygon", "coordinates": [[[93.82933333333332, 26.138], [93.82933333333332, 26.13275], [93.83449999999999, 26.13275], [93.83449999999999, 26.138], [93.82933333333332, 26.138]]]}, "properties": {"class_value": 1, "class_name": "Stable"}}, {"type": "Feature", "geometry": {"type": "Polygon", "coordinates": [[[92.3155, 26.13275], [92.3155, 26.1275], [92.32066666666667, 26.1275], [92.32066666666667, 26.13275], [92.3155, 26.13275]]]}, "properties": {"class_value": 1, "class_name": "Stable"}}, {"type": "Feature", "geometry": {"type": "Polygon", "coordinates": [[[92.40333333333334, 26.13275], [92.40333333333334, 26.1275], [92.4085, 26.1275], [92.4085, 26.13275], [92.40333333333334, 26.13275]]]}, "properties": {"class_value": 1, "class_name": "Stable"}}, {"type": "Feature", "geometry": {"type": "Polygon", "coordinates": [[[92.41883333333332, 26.13275], [92.41883333333332, 26.1275], [92.42399999999999, 26.1275], [92.42399999999999, 26.13275], [92.41883333333332, 26.13275]]]}, "properties": {"class_value": 1, "class_name": "Stable"}}, {"type": "Feature", "geometry": {"type": "Polygon", "coordinates": [[[92.455, 26.13275], [92.455, 26.1275], [92.46016666666667, 26.1275], [92.46016666666667, 26.13275], [92.455, 26.13275]]]}, "properties": {"class_value": 1, "class_name": "Stable"}}, {"type": "Feature", "geometry": {"type": "Polygon", "coordinates": [[[92.48083333333334, 26.13275], [92.48083333333334, 26.1275], [92.486, 26.1275], [92.486, 26.13275], [92.48083333333334, 26.13275]]]}, "properties": {"class_value": 1, "class_name": "Stable"}}, {"type": "Feature", "geometry": {"type": "Polygon", "coordinates": [[[92.5325, 26.13275], [92.5325, 26.1275], [92.53766666666667, 26.1275], [92.53766666666667, 26.13275], [92.5325, 26.13275]]]}, "properties": {"class_value": 1, "class_name": "Stable"}}, {"type": "Feature", "geometry": {"type": "Polygon", "coordinates": [[[92.5945, 26.13275], [92.5945, 26.1275], [92.59966666666666, 26.1275], [92.59966666666666, 26.13275], [92.5945, 26.13275]]]}, "properties": {"class_value": 1, "class_name": "Stable"}}, {"type": "Feature", "geometry": {"type": "Polygon", "coordinates": [[[92.7495, 26.13275], [92.7495, 26.1275], [92.75466666666667, 26.1275], [92.75466666666667, 26.13275], [92.7495, 26.13275]]]}, "properties": {"class_value": 1, "class_name": "Stable"}}, {"type": "Feature", "geometry": {"type": "Polygon", "coordinates": [[[92.92, 26.13275], [92.92, 26.1275], [92.92516666666667, 26.1275], [92.92516666666667, 26.13275], [92.92, 26.13275]]]}, "properties": {"class_value": 2, "class_name": "Degrading"}}, {"type": "Feature", "geometry": {"type": "Polygon", "coordinates": [[[93.1525, 26.13275], [93.1525, 26.1275], [93.15766666666666, 26.1275], [93.15766666666666, 26.13275], [93.1525, 26.13275]]]}, "properties": {"class_value": 1, "class_name": "Stable"}}, {"type": "Feature", "geometry": {"type": "Polygon", "coordinates": [[[93.323, 26.13275], [93.323, 26.1275], [93.33333333333333, 26.1275], [93.33333333333333, 26.13275], [93.323, 26.13275]]]}, "properties": {"class_value": 1, "class_name": "Stable"}}, {"type": "Feature", "geometry": {"type": "Polygon", "coordinates": [[[93.44183333333334, 26.13275], [93.44183333333334, 26.1275], [93.447, 26.1275], [93.447, 26.13275], [93.44183333333334, 26.13275]]]}, "properties": {"class_value": 1, "class_name": "Stable"}}, {"type": "Feature", "geometry": {"type": "Polygon", "coordinates": [[[93.55033333333333, 26.13275], [93.55033333333333, 26.1275], [93.5555, 26.1275], [93.5555, 26.13275], [93.55033333333333, 26.13275]]]}, "properties": {"class_value": 1, "class_name": "Stable"}}, {"type": "Feature", "geometry": {"type": "Polygon", "coordinates": [[[93.571, 26.13275], [93.571, 26.1275], [93.57616666666667, 26.1275], [93.57616666666667, 26.13275], [93.571, 26.13275]]]}, "properties": {"class_value": 1, "class_name": "Stable"}}, {"type": "Feature", "geometry": {"type": "Polygon", "coordinates": [[[93.71566666666666, 26.13275], [93.71566666666666, 26.1275], [93.72083333333333, 26.1275], [93.72083333333333, 26.13275], [93.71566666666666, 26.13275]]]}, "properties": {"class_value": 2, "class_name": "Degrading"}}, {"type": "Feature", "geometry": {"type": "Polygon", "coordinates": [[[93.80866666666667, 26.13275], [93.80866666666667, 26.1275], [93.81383333333333, 26.1275], [93.81383333333333, 26.13275], [93.80866666666667, 26.13275]]]}, "properties": {"class_value": 1, "class_name": "Stable"}}, {"type": "Feature", "geometry": {"type": "Polygon", "coordinates": [[[92.37233333333333, 26.13275], [92.37233333333333, 26.12225], [92.3775, 26.12225], [92.3775, 26.13275], [92.37233333333333, 26.13275]]]}, "properties": {"class_value": 1, "class_name": "Stable"}}, {"type": "Feature", "geometry": {"type": "Polygon", "coordinates": [[[92.32066666666667, 26.1275], [92.32066666666667, 26.12225], [92.32583333333334, 26.12225], [92.32583333333334, 26.1275], [92.32066666666667, 26.1275]]]}, "properties": {"class_value": 1, "class_name": "Stable"}}, {"type": "Feature", "geometry": {"type": "Polygon", "coordinates": [[[92.362, 26.1275], [92.362, 26.12225], [92.36716666666666, 26.12225], [92.36716666666666, 26.1275], [92.362, 26.1275]]]}, "properties": {"class_value": 1, "class_name": "Stable"}}, {"type": "Feature", "geometry": {"type": "Polygon", "coordinates": [[[92.52733333333333, 26.1275], [92.52733333333333, 26.12225], [92.5325, 26.12225], [92.5325, 26.1275], [92.52733333333333, 26.1275]]]}, "properties": {"class_value": 1, "class_name": "Stable"}}, {"type": "Feature", "geometry": {"type": "Polygon", "coordinates": [[[92.73916666666666, 26.1275], [92.73916666666666, 26.12225], [92.74433333333333, 26.12225], [92.74433333333333, 26.1275], [92.73916666666666, 26.1275]]]}, "properties": {"class_value": 1, "class_name": "Stable"}}, {"type": "Feature", "geometry": {"type": "Polygon", "coordinates": [[[92.78566666666666, 26.1275], [92.78566666666666, 26.12225], [92.79083333333332, 26.12225], [92.79083333333332, 26.1275], [92.78566666666666, 26.1275]]]}, "properties": {"class_value": 1, "class_name": "Stable"}}, {"type": "Feature", "geometry": {"type": "Polygon", "coordinates": [[[92.79083333333332, 26.1275], [92.79083333333332, 26.12225], [92.79599999999999, 26.12225], [92.79599999999999, 26.1275], [92.79083333333332, 26.1275]]]}, "properties": {"class_value": 4, "class_name": "Cyclic"}}, {"type": "Feature", "geometry": {"type": "Polygon", "coordinates": [[[92.89933333333333, 26.1275], [92.89933333333333, 26.12225], [92.9045, 26.12225], [92.9045, 26.1275], [92.89933333333333, 26.1275]]]}, "properties": {"class_value": 1, "class_name": "Stable"}}, {"type": "Feature", "geometry": {"type": "Polygon", "coordinates": [[[92.92, 26.1275], [92.92, 26.12225], [92.92516666666667, 26.12225], [92.92516666666667, 26.1275], [92.92, 26.1275]]]}, "properties": {"class_value": 1, "class_name": "Stable"}}, {"type": "Feature", "geometry": {"type": "Polygon", "coordinates": [[[93.0595, 26.1275], [93.0595, 26.12225], [93.06466666666667, 26.12225], [93.06466666666667, 26.1275], [93.0595, 26.1275]]]}, "properties": {"class_value": 1, "class_name": "Stable"}}, {"type": "Feature", "geometry": {"type": "Polygon", "coordinates": [[[93.34883333333333, 26.1275], [93.34883333333333, 26.12225], [93.354, 26.12225], [93.354, 26.1275], [93.34883333333333, 26.1275]]]}, "properties": {"class_value": 1, "class_name": "Stable"}}, {"type": "Feature", "geometry": {"type": "Polygon", "coordinates": [[[93.49866666666667, 26.1275], [93.49866666666667, 26.12225], [93.50383333333333, 26.12225], [93.50383333333333, 26.1275], [93.49866666666667, 26.1275]]]}, "properties": {"class_value": 1, "class_name": "Stable"}}, {"type": "Feature", "geometry": {"type": "Polygon", "coordinates": [[[93.56583333333333, 26.1275], [93.56583333333333, 26.12225], [93.571, 26.12225], [93.571, 26.1275], [93.56583333333333, 26.1275]]]}, "properties": {"class_value": 1, "class_name": "Stable"}}, {"type": "Feature", "geometry": {"type": "Polygon", "coordinates": [[[93.6485, 26.1275], [93.6485, 26.12225], [93.65883333333333, 26.12225], [93.65883333333333, 26.1275], [93.6485, 26.1275]]]}, "properties": {"class_value": 1, "class_name": "Stable"}}, {"type": "Feature", "geometry": {"type": "Polygon", "coordinates": [[[93.67433333333334, 26.1275], [93.67433333333334, 26.12225], [93.67949999999999, 26.12225], [93.67949999999999, 26.1275], [93.67433333333334, 26.1275]]]}, "properties": {"class_value": 1, "class_name": "Stable"}}, {"type": "Feature", "geometry": {"type": "Polygon", "coordinates": [[[93.7415, 26.1275], [93.7415, 26.12225], [93.74666666666667, 26.12225], [93.74666666666667, 26.1275], [93.7415, 26.1275]]]}, "properties": {"class_value": 1, "class_name": "Stable"}}, {"type": "Feature", "geometry": {"type": "Polygon", "coordinates": [[[93.62266666666666, 26.1275], [93.62266666666666, 26.117], [93.62783333333333, 26.117], [93.62783333333333, 26.1275], [93.62266666666666, 26.1275]]]}, "properties": {"class_value": 1, "class_name": "Stable"}}, {"type": "Feature", "geometry": {"type": "Polygon", "coordinates": [[[92.36716666666666, 26.12225], [92.36716666666666, 26.117], [92.37233333333333, 26.117], [92.37233333333333, 26.12225], [92.36716666666666, 26.12225]]]}, "properties": {"class_value": 1, "class_name": "Stable"}}, {"type": "Feature", "geometry": {"type": "Polygon", "coordinates": [[[92.393, 26.12225], [92.393, 26.117], [92.39816666666667, 26.117], [92.39816666666667, 26.12225], [92.393, 26.12225]]]}, "properties": {"class_value": 1, "class_name": "Stable"}}, {"type": "Feature", "geometry": {"type": "Polygon", "coordinates": [[[92.46533333333333, 26.12225], [92.46533333333333, 26.117], [92.47566666666667, 26.117], [92.47566666666667, 26.12225], [92.46533333333333, 26.12225]]]}, "properties": {"class_value": 1, "class_name": "Stable"}}, {"type": "Feature", "geometry": {"type": "Polygon", "coordinates": [[[92.56349999999999, 26.12225], [92.56349999999999, 26.117], [92.56866666666666, 26.117], [92.56866666666666, 26.12225], [92.56349999999999, 26.12225]]]}, "properties": {"class_value": 1, "class_name": "Stable"}}, {"type": "Feature", "geometry": {"type": "Polygon", "coordinates": [[[92.734, 26.12225], [92.734, 26.117], [92.73916666666666, 26.117], [92.73916666666666, 26.12225], [92.734, 26.12225]]]}, "properties": {"class_value": 1, "class_name": "Stable"}}, {"type": "Feature", "geometry": {"type": "Polygon", "coordinates": [[[92.7495, 26.12225], [92.7495, 26.117], [92.75466666666667, 26.117], [92.75466666666667, 26.12225], [92.7495, 26.12225]]]}, "properties": {"class_value": 2, "class_name": "Degrading"}}, {"type": "Feature", "geometry": {"type": "Polygon", "coordinates": [[[92.79599999999999, 26.12225], [92.79599999999999, 26.117], [92.80116666666666, 26.117], [92.80116666666666, 26.12225], [92.79599999999999, 26.12225]]]}, "properties": {"class_value": 1, "class_name": "Stable"}}, {"type": "Feature", "geometry": {"type": "Polygon", "coordinates": [[[92.86316666666666, 26.12225], [92.86316666666666, 26.117], [92.86833333333333, 26.117], [92.86833333333333, 26.12225], [92.86316666666666, 26.12225]]]}, "properties": {"class_value": 1, "class_name": "Stable"}}, {"type": "Feature", "geometry": {"type": "Polygon", "coordinates": [[[93.06466666666667, 26.12225], [93.06466666666667, 26.117], [93.06983333333334, 26.117], [93.06983333333334, 26.12225], [93.06466666666667, 26.12225]]]}, "properties": {"class_value": 1, "class_name": "Stable"}}, {"type": "Feature", "geometry": {"type": "Polygon", "coordinates": [[[93.24549999999999, 26.12225], [93.24549999999999, 26.117], [93.25066666666666, 26.117], [93.25066666666666, 26.12225], [93.24549999999999, 26.12225]]]}, "properties": {"class_value": 1, "class_name": "Stable"}}, {"type": "Feature", "geometry": {"type": "Polygon", "coordinates": [[[93.25583333333333, 26.12225], [93.25583333333333, 26.117], [93.261, 26.117], [93.261, 26.12225], [93.25583333333333, 26.12225]]]}, "properties": {"class_value": 1, "class_name": "Stable"}}, {"type": "Feature", "geometry": {"type": "Polygon", "coordinates": [[[93.34366666666666, 26.12225], [93.34366666666666, 26.117], [93.34883333333333, 26.117], [93.34883333333333, 26.12225], [93.34366666666666, 26.12225]]]}, "properties": {"class_value": 1, "class_name": "Stable"}}, {"type": "Feature", "geometry": {"type": "Polygon", "coordinates": [[[93.354, 26.12225], [93.354, 26.117], [93.35916666666667, 26.117], [93.35916666666667, 26.12225], [93.354, 26.12225]]]}, "properties": {"class_value": 1, "class_name": "Stable"}}, {"type": "Feature", "geometry": {"type": "Polygon", "coordinates": [[[93.47283333333333, 26.12225], [93.47283333333333, 26.117], [93.478, 26.117], [93.478, 26.12225], [93.47283333333333, 26.12225]]]}, "properties": {"class_value": 1, "class_name": "Stable"}}, {"type": "Feature", "geometry": {"type": "Polygon", "coordinates": [[[93.56066666666666, 26.12225], [93.56066666666666, 26.117], [93.56583333333333, 26.117], [93.56583333333333, 26.12225], [93.56066666666666, 26.12225]]]}, "properties": {"class_value": 1, "class_name": "Stable"}}, {"type": "Feature", "geometry": {"type": "Polygon", "coordinates": [[[92.3155, 26.117], [92.3155, 26.11175], [92.32066666666667, 26.11175], [92.32066666666667, 26.117], [92.3155, 26.117]]]}, "properties": {"class_value": 1, "class_name": "Stable"}}, {"type": "Feature", "geometry": {"type": "Polygon", "coordinates": [[[92.362, 26.117], [92.362, 26.11175], [92.36716666666666, 26.11175], [92.36716666666666, 26.117], [92.362, 26.117]]]}, "properties": {"class_value": 1, "class_name": "Stable"}}, {"type": "Feature", "geometry": {"type": "Polygon", "coordinates": [[[92.44466666666666, 26.117], [92.44466666666666, 26.11175], [92.44983333333333, 26.11175], [92.44983333333333, 26.117], [92.44466666666666, 26.117]]]}, "properties": {"class_value": 1, "class_name": "Stable"}}, {"type": "Feature", "geometry": {"type": "Polygon", "coordinates": [[[92.46016666666667, 26.117], [92.46016666666667, 26.11175], [92.46533333333333, 26.11175], [92.46533333333333, 26.117], [92.46016666666667, 26.117]]]}, "properties": {"class_value": 1, "class_name": "Stable"}}, {"type": "Feature", "geometry": {"type": "Polygon", "coordinates": [[[92.517, 26.117], [92.517, 26.11175], [92.52216666666666, 26.11175], [92.52216666666666, 26.117], [92.517, 26.117]]]}, "properties": {"class_value": 1, "class_name": "Stable"}}, {"type": "Feature", "geometry": {"type": "Polygon", "coordinates": [[[92.73916666666666, 26.117], [92.73916666666666, 26.11175], [92.74433333333333, 26.11175], [92.74433333333333, 26.117], [92.73916666666666, 26.117]]]}, "properties": {"class_value": 1, "class_name": "Stable"}}, {"type": "Feature", "geometry": {"type": "Polygon", "coordinates": [[[93.01299999999999, 26.117], [93.01299999999999, 26.11175], [93.01816666666666, 26.11175], [93.01816666666666, 26.117], [93.01299999999999, 26.117]]]}, "properties": {"class_value": 1, "class_name": "Stable"}}, {"type": "Feature", "geometry": {"type": "Polygon", "coordinates": [[[93.03883333333333, 26.117], [93.03883333333333, 26.11175], [93.044, 26.11175], [93.044, 26.117], [93.03883333333333, 26.117]]]}, "properties": {"class_value": 1, "class_name": "Stable"}}, {"type": "Feature", "geometry": {"type": "Polygon", "coordinates": [[[93.28166666666667, 26.117], [93.28166666666667, 26.11175], [93.28683333333333, 26.11175], [93.28683333333333, 26.117], [93.28166666666667, 26.117]]]}, "properties": {"class_value": 1, "class_name": "Stable"}}, {"type": "Feature", "geometry": {"type": "Polygon", "coordinates": [[[93.31783333333333, 26.117], [93.31783333333333, 26.11175], [93.323, 26.11175], [93.323, 26.117], [93.31783333333333, 26.117]]]}, "properties": {"class_value": 1, "class_name": "Stable"}}, {"type": "Feature", "geometry": {"type": "Polygon", "coordinates": [[[93.44183333333334, 26.117], [93.44183333333334, 26.11175], [93.447, 26.11175], [93.447, 26.117], [93.44183333333334, 26.117]]]}, "properties": {"class_value": 1, "class_name": "Stable"}}, {"type": "Feature", "geometry": {"type": "Polygon", "coordinates": [[[93.46249999999999, 26.117], [93.46249999999999, 26.11175], [93.46766666666666, 26.11175], [93.46766666666666, 26.117], [93.46249999999999, 26.117]]]}, "properties": {"class_value": 1, "class_name": "Stable"}}, {"type": "Feature", "geometry": {"type": "Polygon", "coordinates": [[[93.695, 26.117], [93.695, 26.11175], [93.70016666666666, 26.11175], [93.70016666666666, 26.117], [93.695, 26.117]]]}, "properties": {"class_value": 1, "class_name": "Stable"}}, {"type": "Feature", "geometry": {"type": "Polygon", "coordinates": [[[93.83449999999999, 26.117], [93.83449999999999, 26.11175], [93.83966666666666, 26.11175], [93.83966666666666, 26.117], [93.83449999999999, 26.117]]]}, "properties": {"class_value": 1, "class_name": "Stable"}}, {"type": "Feature", "geometry": {"type": "Polygon", "coordinates": [[[93.84483333333333, 26.117], [93.84483333333333, 26.11175], [93.85, 26.11175], [93.85, 26.117], [93.84483333333333, 26.117]]]}, "properties": {"class_value": 1, "class_name": "Stable"}}, {"type": "Feature", "geometry": {"type": "Polygon", "coordinates": [[[92.74433333333333, 26.11175], [92.74433333333333, 26.1065], [92.7495, 26.1065], [92.7495, 26.11175], [92.74433333333333, 26.11175]]]}, "properties": {"class_value": 2, "class_name": "Degrading"}}, {"type": "Feature", "geometry": {"type": "Polygon", "coordinates": [[[92.77016666666667, 26.11175], [92.77016666666667, 26.1065], [92.77533333333334, 26.1065], [92.77533333333334, 26.11175], [92.77016666666667, 26.11175]]]}, "properties": {"class_value": 1, "class_name": "Stable"}}, {"type": "Feature", "geometry": {"type": "Polygon", "coordinates": [[[92.80116666666666, 26.11175], [92.80116666666666, 26.1065], [92.80633333333333, 26.1065], [92.80633333333333, 26.11175], [92.80116666666666, 26.11175]]]}, "properties": {"class_value": 1, "class_name": "Stable"}}, {"type": "Feature", "geometry": {"type": "Polygon", "coordinates": [[[92.81666666666666, 26.11175], [92.81666666666666, 26.1065], [92.82183333333333, 26.1065], [92.82183333333333, 26.11175], [92.81666666666666, 26.11175]]]}, "properties": {"class_value": 1, "class_name": "Stable"}}, {"type": "Feature", "geometry": {"type": "Polygon", "coordinates": [[[92.827, 26.11175], [92.827, 26.1065], [92.83216666666667, 26.1065], [92.83216666666667, 26.11175], [92.827, 26.11175]]]}, "properties": {"class_value": 1, "class_name": "Stable"}}, {"type": "Feature", "geometry": {"type": "Polygon", "coordinates": [[[92.91483333333333, 26.11175], [92.91483333333333, 26.1065], [92.92, 26.1065], [92.92, 26.11175], [92.91483333333333, 26.11175]]]}, "properties": {"class_value": 2, "class_name": "Degrading"}}, {"type": "Feature", "geometry": {"type": "Polygon", "coordinates": [[[93.16799999999999, 26.11175], [93.16799999999999, 26.1065], [93.17316666666666, 26.1065], [93.17316666666666, 26.11175], [93.16799999999999, 26.11175]]]}, "properties": {"class_value": 1, "class_name": "Stable"}}, {"type": "Feature", "geometry": {"type": "Polygon", "coordinates": [[[93.20933333333333, 26.11175], [93.20933333333333, 26.1065], [93.2145, 26.1065], [93.2145, 26.11175], [93.20933333333333, 26.11175]]]}, "properties": {"class_value": 1, "class_name": "Stable"}}, {"type": "Feature", "geometry": {"type": "Polygon", "coordinates": [[[93.53999999999999, 26.11175], [93.53999999999999, 26.1065], [93.54516666666666, 26.1065], [93.54516666666666, 26.11175], [93.53999999999999, 26.11175]]]}, "properties": {"class_value": 1, "class_name": "Stable"}}, {"type": "Feature", "geometry": {"type": "Polygon", "coordinates": [[[93.70533333333333, 26.11175], [93.70533333333333, 26.1065], [93.7105, 26.1065], [93.7105, 26.11175], [93.70533333333333, 26.11175]]]}, "properties": {"class_value": 1, "class_name": "Stable"}}, {"type": "Feature", "geometry": {"type": "Polygon", "coordinates": [[[93.78283333333333, 26.11175], [93.78283333333333, 26.1065], [93.788, 26.1065], [93.788, 26.11175], [93.78283333333333, 26.11175]]]}, "properties": {"class_value": 2, "class_name": "Degrading"}}, {"type": "Feature", "geometry": {"type": "Polygon", "coordinates": [[[93.8035, 26.11175], [93.8035, 26.1065], [93.80866666666667, 26.1065], [93.80866666666667, 26.11175], [93.8035, 26.11175]]]}, "properties": {"class_value": 1, "class_name": "Stable"}}, {"type": "Feature", "geometry": {"type": "Polygon", "coordinates": [[[92.703, 26.11175], [92.703, 26.10125], [92.70816666666667, 26.10125], [92.70816666666667, 26.11175], [92.703, 26.11175]]]}, "properties": {"class_value": 1, "class_name": "Stable"}}, {"type": "Feature", "geometry": {"type": "Polygon", "coordinates": [[[92.33616666666667, 26.1065], [92.33616666666667, 26.10125], [92.34133333333332, 26.10125], [92.34133333333332, 26.1065], [92.33616666666667, 26.1065]]]}, "properties": {"class_value": 1, "class_name": "Stable"}}, {"type": "Feature", "geometry": {"type": "Polygon", "coordinates": [[[92.393, 26.1065], [92.393, 26.10125], [92.39816666666667, 26.10125], [92.39816666666667, 26.1065], [92.393, 26.1065]]]}, "properties": {"class_value": 1, "class_name": "Stable"}}, {"type": "Feature", "geometry": {"type": "Polygon", "coordinates": [[[92.43433333333333, 26.1065], [92.43433333333333, 26.10125], [92.4395, 26.10125], [92.4395, 26.1065], [92.43433333333333, 26.1065]]]}, "properties": {"class_value": 1, "class_name": "Stable"}}, {"type": "Feature", "geometry": {"type": "Polygon", "coordinates": [[[92.52216666666666, 26.1065], [92.52216666666666, 26.10125], [92.52733333333333, 26.10125], [92.52733333333333, 26.1065], [92.52216666666666, 26.1065]]]}, "properties": {"class_value": 1, "class_name": "Stable"}}, {"type": "Feature", "geometry": {"type": "Polygon", "coordinates": [[[92.58416666666666, 26.1065], [92.58416666666666, 26.10125], [92.58933333333333, 26.10125], [92.58933333333333, 26.1065], [92.58416666666666, 26.1065]]]}, "properties": {"class_value": 1, "class_name": "Stable"}}, {"type": "Feature", "geometry": {"type": "Polygon", "coordinates": [[[92.672, 26.1065], [92.672, 26.10125], [92.67716666666666, 26.10125], [92.67716666666666, 26.1065], [92.672, 26.1065]]]}, "properties": {"class_value": 1, "class_name": "Stable"}}, {"type": "Feature", "geometry": {"type": "Polygon", "coordinates": [[[92.89416666666666, 26.1065], [92.89416666666666, 26.10125], [92.89933333333333, 26.10125], [92.89933333333333, 26.1065], [92.89416666666666, 26.1065]]]}, "properties": {"class_value": 1, "class_name": "Stable"}}, {"type": "Feature", "geometry": {"type": "Polygon", "coordinates": [[[92.98716666666667, 26.1065], [92.98716666666667, 26.10125], [92.99233333333333, 26.10125], [92.99233333333333, 26.1065], [92.98716666666667, 26.1065]]]}, "properties": {"class_value": 1, "class_name": "Stable"}}, {"type": "Feature", "geometry": {"type": "Polygon", "coordinates": [[[93.0595, 26.1065], [93.0595, 26.10125], [93.06466666666667, 26.10125], [93.06466666666667, 26.1065], [93.0595, 26.1065]]]}, "properties": {"class_value": 1, "class_name": "Stable"}}, {"type": "Feature", "geometry": {"type": "Polygon", "coordinates": [[[93.15766666666666, 26.1065], [93.15766666666666, 26.10125], [93.16283333333332, 26.10125], [93.16283333333332, 26.1065], [93.15766666666666, 26.1065]]]}, "properties": {"class_value": 1, "class_name": "Stable"}}, {"type": "Feature", "geometry": {"type": "Polygon", "coordinates": [[[93.20416666666667, 26.1065], [93.20416666666667, 26.10125], [93.20933333333333, 26.10125], [93.20933333333333, 26.1065], [93.20416666666667, 26.1065]]]}, "properties": {"class_value": 1, "class_name": "Stable"}}, {"type": "Feature", "geometry": {"type": "Polygon", "coordinates": [[[93.292, 26.1065], [93.292, 26.10125], [93.29716666666667, 26.10125], [93.29716666666667, 26.1065], [93.292, 26.1065]]]}, "properties": {"class_value": 1, "class_name": "Stable"}}, {"type": "Feature", "geometry": {"type": "Polygon", "coordinates": [[[93.30233333333334, 26.1065], [93.30233333333334, 26.10125], [93.30749999999999, 26.10125], [93.30749999999999, 26.1065], [93.30233333333334, 26.1065]]]}, "properties": {"class_value": 1, "class_name": "Stable"}}, {"type": "Feature", "geometry": {"type": "Polygon", "coordinates": [[[93.3385, 26.1065], [93.3385, 26.10125], [93.34366666666666, 26.10125], [93.34366666666666, 26.1065], [93.3385, 26.1065]]]}, "properties": {"class_value": 2, "class_name": "Degrading"}}, {"type": "Feature", "geometry": {"type": "Polygon", "coordinates": [[[93.82416666666667, 26.1065], [93.82416666666667, 26.10125], [93.82933333333332, 26.10125], [93.82933333333332, 26.1065], [93.82416666666667, 26.1065]]]}, "properties": {"class_value": 1, "class_name": "Stable"}}, {"type": "Feature", "geometry": {"type": "Polygon", "coordinates": [[[93.7105, 26.1065], [93.7105, 26.096], [93.71566666666666, 26.096], [93.71566666666666, 26.10125], [93.72083333333333, 26.10125], [93.72083333333333, 26.1065], [93.7105, 26.1065]]]}, "properties": {"class_value": 1, "class_name": "Stable"}}, {"type": "Feature", "geometry": {"type": "Polygon", "coordinates": [[[92.331, 26.10125], [92.331, 26.096], [92.33616666666667, 26.096], [92.33616666666667, 26.10125], [92.331, 26.10125]]]}, "properties": {"class_value": 1, "class_name": "Stable"}}, {"type": "Feature", "geometry": {"type": "Polygon", "coordinates": [[[92.5325, 26.10125], [92.5325, 26.096], [92.53766666666667, 26.096], [92.53766666666667, 26.10125], [92.5325, 26.10125]]]}, "properties": {"class_value": 1, "class_name": "Stable"}}, {"type": "Feature", "geometry": {"type": "Polygon", "coordinates": [[[93.02333333333333, 26.10125], [93.02333333333333, 26.096], [93.0285, 26.096], [93.0285, 26.10125], [93.02333333333333, 26.10125]]]}, "properties": {"class_value": 1, "class_name": "Stable"}}, {"type": "Feature", "geometry": {"type": "Polygon", "coordinates": [[[93.09049999999999, 26.10125], [93.09049999999999, 26.096], [93.09566666666666, 26.096], [93.09566666666666, 26.10125], [93.09049999999999, 26.10125]]]}, "properties": {"class_value": 1, "class_name": "Stable"}}, {"type": "Feature", "geometry": {"type": "Polygon", "coordinates": [[[93.36433333333333, 26.10125], [93.36433333333333, 26.096], [93.3695, 26.096], [93.3695, 26.10125], [93.36433333333333, 26.10125]]]}, "properties": {"class_value": 1, "class_name": "Stable"}}, {"type": "Feature", "geometry": {"type": "Polygon", "coordinates": [[[93.53483333333332, 26.10125], [93.53483333333332, 26.096], [93.53999999999999, 26.096], [93.53999999999999, 26.10125], [93.53483333333332, 26.10125]]]}, "properties": {"class_value": 1, "class_name": "Stable"}}, {"type": "Feature", "geometry": {"type": "Polygon", "coordinates": [[[93.59683333333334, 26.10125], [93.59683333333334, 26.096], [93.602, 26.096], [93.602, 26.10125], [93.59683333333334, 26.10125]]]}, "properties": {"class_value": 1, "class_name": "Stable"}}, {"type": "Feature", "geometry": {"type": "Polygon", "coordinates": [[[92.32583333333334, 26.096], [92.32583333333334, 26.09075], [92.331, 26.09075], [92.331, 26.096], [92.32583333333334, 26.096]]]}, "properties": {"class_value": 1, "class_name": "Stable"}}, {"type": "Feature", "geometry": {"type": "Polygon", "coordinates": [[[92.46533333333333, 26.096], [92.46533333333333, 26.09075], [92.4705, 26.09075], [92.4705, 26.096], [92.46533333333333, 26.096]]]}, "properties": {"class_value": 1, "class_name": "Stable"}}, {"type": "Feature", "geometry": {"type": "Polygon", "coordinates": [[[92.63583333333332, 26.096], [92.63583333333332, 26.09075], [92.64099999999999, 26.09075], [92.64099999999999, 26.096], [92.63583333333332, 26.096]]]}, "properties": {"class_value": 1, "class_name": "Stable"}}, {"type": "Feature", "geometry": {"type": "Polygon", "coordinates": [[[92.68233333333333, 26.096], [92.68233333333333, 26.09075], [92.6875, 26.09075], [92.6875, 26.096], [92.68233333333333, 26.096]]]}, "properties": {"class_value": 1, "class_name": "Stable"}}, {"type": "Feature", "geometry": {"type": "Polygon", "coordinates": [[[92.9045, 26.096], [92.9045, 26.09075], [92.90966666666667, 26.09075], [92.90966666666667, 26.096], [92.9045, 26.096]]]}, "properties": {"class_value": 2, "class_name": "Degrading"}}, {"type": "Feature", "geometry": {"type": "Polygon", "coordinates": [[[92.9975, 26.096], [92.9975, 26.09075], [93.00783333333334, 26.09075], [93.00783333333334, 26.096], [92.9975, 26.096]]]}, "properties": {"class_value": 1, "class_name": "Stable"}}, {"type": "Feature", "geometry": {"type": "Polygon", "coordinates": [[[93.14733333333334, 26.096], [93.14733333333334, 26.09075], [93.1525, 26.09075], [93.1525, 26.096], [93.14733333333334, 26.096]]]}, "properties": {"class_value": 1, "class_name": "Stable"}}, {"type": "Feature", "geometry": {"type": "Polygon", "coordinates": [[[93.20416666666667, 26.096], [93.20416666666667, 26.09075], [93.20933333333333, 26.09075], [93.20933333333333, 26.096], [93.20416666666667, 26.096]]]}, "properties": {"class_value": 1, "class_name": "Stable"}}, {"type": "Feature", "geometry": {"type": "Polygon", "coordinates": [[[93.28683333333333, 26.096], [93.28683333333333, 26.09075], [93.292, 26.09075], [93.292, 26.096], [93.28683333333333, 26.096]]]}, "properties": {"class_value": 1, "class_name": "Stable"}}, {"type": "Feature", "geometry": {"type": "Polygon", "coordinates": [[[93.4005, 26.096], [93.4005, 26.09075], [93.40566666666666, 26.09075], [93.40566666666666, 26.096], [93.4005, 26.096]]]}, "properties": {"class_value": 1, "class_name": "Stable"}}, {"type": "Feature", "geometry": {"type": "Polygon", "coordinates": [[[93.5245, 26.096], [93.5245, 26.09075], [93.52966666666666, 26.09075], [93.52966666666666, 26.096], [93.5245, 26.096]]]}, "properties": {"class_value": 1, "class_name": "Stable"}}, {"type": "Feature", "geometry": {"type": "Polygon", "coordinates": [[[93.56583333333333, 26.096], [93.56583333333333, 26.09075], [93.571, 26.09075], [93.571, 26.096], [93.56583333333333, 26.096]]]}, "properties": {"class_value": 1, "class_name": "Stable"}}, {"type": "Feature", "geometry": {"type": "Polygon", "coordinates": [[[93.65366666666667, 26.096], [93.65366666666667, 26.09075], [93.65883333333333, 26.09075], [93.65883333333333, 26.096], [93.65366666666667, 26.096]]]}, "properties": {"class_value": 1, "class_name": "Stable"}}, {"type": "Feature", "geometry": {"type": "Polygon", "coordinates": [[[93.67433333333334, 26.096], [93.67433333333334, 26.09075], [93.67949999999999, 26.09075], [93.67949999999999, 26.096], [93.67433333333334, 26.096]]]}, "properties": {"class_value": 2, "class_name": "Degrading"}}, {"type": "Feature", "geometry": {"type": "Polygon", "coordinates": [[[93.73116666666667, 26.096], [93.73116666666667, 26.09075], [93.73633333333333, 26.09075], [93.73633333333333, 26.096], [93.73116666666667, 26.096]]]}, "properties": {"class_value": 4, "class_name": "Cyclic"}}, {"type": "Feature", "geometry": {"type": "Polygon", "coordinates": [[[93.83966666666666, 26.096], [93.83966666666666, 26.09075], [93.84483333333333, 26.09075], [93.84483333333333, 26.096], [93.83966666666666, 26.096]]]}, "properties": {"class_value": 1, "class_name": "Stable"}}, {"type": "Feature", "geometry": {"type": "Polygon", "coordinates": [[[92.51183333333333, 26.09075], [92.51183333333333, 26.0855], [92.517, 26.0855], [92.517, 26.09075], [92.51183333333333, 26.09075]]]}, "properties": {"class_value": 1, "class_name": "Stable"}}, {"type": "Feature", "geometry": {"type": "Polygon", "coordinates": [[[92.5325, 26.09075], [92.5325, 26.0855], [92.53766666666667, 26.0855], [92.53766666666667, 26.09075], [92.5325, 26.09075]]]}, "properties": {"class_value": 1, "class_name": "Stable"}}, {"type": "Feature", "geometry": {"type": "Polygon", "coordinates": [[[92.69266666666667, 26.09075], [92.69266666666667, 26.0855], [92.69783333333334, 26.0855], [92.69783333333334, 26.09075], [92.69266666666667, 26.09075]]]}, "properties": {"class_value": 1, "class_name": "Stable"}}, {"type": "Feature", "geometry": {"type": "Polygon", "coordinates": [[[93.01816666666666, 26.09075], [93.01816666666666, 26.0855], [93.02333333333333, 26.0855], [93.02333333333333, 26.09075], [93.01816666666666, 26.09075]]]}, "properties": {"class_value": 1, "class_name": "Stable"}}, {"type": "Feature", "geometry": {"type": "Polygon", "coordinates": [[[93.04916666666666, 26.09075], [93.04916666666666, 26.0855], [93.05433333333333, 26.0855], [93.05433333333333, 26.09075], [93.04916666666666, 26.09075]]]}, "properties": {"class_value": 1, "class_name": "Stable"}}, {"type": "Feature", "geometry": {"type": "Polygon", "coordinates": [[[93.32816666666666, 26.09075], [93.32816666666666, 26.0855], [93.33333333333333, 26.0855], [93.33333333333333, 26.09075], [93.32816666666666, 26.09075]]]}, "properties": {"class_value": 1, "class_name": "Stable"}}, {"type": "Feature", "geometry": {"type": "Polygon", "coordinates": [[[93.3695, 26.09075], [93.3695, 26.0855], [93.37466666666667, 26.0855], [93.37466666666667, 26.09075], [93.3695, 26.09075]]]}, "properties": {"class_value": 2, "class_name": "Degrading"}}, {"type": "Feature", "geometry": {"type": "Polygon", "coordinates": [[[93.4315, 26.09075], [93.4315, 26.0855], [93.43666666666667, 26.0855], [93.43666666666667, 26.09075], [93.4315, 26.09075]]]}, "properties": {"class_value": 1, "class_name": "Stable"}}, {"type": "Feature", "geometry": {"type": "Polygon", "coordinates": [[[93.5865, 26.09075], [93.5865, 26.0855], [93.59166666666667, 26.0855], [93.59166666666667, 26.09075], [93.5865, 26.09075]]]}, "properties": {"class_value": 1, "class_name": "Stable"}}, {"type": "Feature", "geometry": {"type": "Polygon", "coordinates": [[[93.67433333333334, 26.09075], [93.67433333333334, 26.0855], [93.67949999999999, 26.0855], [93.67949999999999, 26.09075], [93.67433333333334, 26.09075]]]}, "properties": {"class_value": 1, "class_name": "Stable"}}, {"type": "Feature", "geometry": {"type": "Polygon", "coordinates": [[[93.68983333333333, 26.09075], [93.68983333333333, 26.0855], [93.695, 26.0855], [93.695, 26.09075], [93.68983333333333, 26.09075]]]}, "properties": {"class_value": 1, "class_name": "Stable"}}, {"type": "Feature", "geometry": {"type": "Polygon", "coordinates": [[[93.34883333333333, 26.09075], [93.34883333333333, 26.080250000000003], [93.354, 26.080250000000003], [93.354, 26.09075], [93.34883333333333, 26.09075]]]}, "properties": {"class_value": 1, "class_name": "Stable"}}, {"type": "Feature", "geometry": {"type": "Polygon", "coordinates": [[[92.41366666666666, 26.0855], [92.41366666666666, 26.080250000000003], [92.41883333333332, 26.080250000000003], [92.41883333333332, 26.0855], [92.41366666666666, 26.0855]]]}, "properties": {"class_value": 1, "class_name": "Stable"}}, {"type": "Feature", "geometry": {"type": "Polygon", "coordinates": [[[92.55833333333334, 26.0855], [92.55833333333334, 26.080250000000003], [92.56349999999999, 26.080250000000003], [92.56349999999999, 26.0855], [92.55833333333334, 26.0855]]]}, "properties": {"class_value": 1, "class_name": "Stable"}}, {"type": "Feature", "geometry": {"type": "Polygon", "coordinates": [[[92.62033333333333, 26.0855], [92.62033333333333, 26.080250000000003], [92.6255, 26.080250000000003], [92.6255, 26.0855], [92.62033333333333, 26.0855]]]}, "properties": {"class_value": 2, "class_name": "Degrading"}}, {"type": "Feature", "geometry": {"type": "Polygon", "coordinates": [[[92.73916666666666, 26.0855], [92.73916666666666, 26.080250000000003], [92.74433333333333, 26.080250000000003], [92.74433333333333, 26.0855], [92.73916666666666, 26.0855]]]}, "properties": {"class_value": 5, "class_name": "Uncertain / Other"}}, {"type": "Feature", "geometry": {"type": "Polygon", "coordinates": [[[92.7805, 26.0855], [92.7805, 26.080250000000003], [92.78566666666666, 26.080250000000003], [92.78566666666666, 26.0855], [92.7805, 26.0855]]]}, "properties": {"class_value": 1, "class_name": "Stable"}}, {"type": "Feature", "geometry": {"type": "Polygon", "coordinates": [[[93.20933333333333, 26.0855], [93.20933333333333, 26.080250000000003], [93.2145, 26.080250000000003], [93.2145, 26.0855], [93.20933333333333, 26.0855]]]}, "properties": {"class_value": 1, "class_name": "Stable"}}, {"type": "Feature", "geometry": {"type": "Polygon", "coordinates": [[[93.42116666666666, 26.0855], [93.42116666666666, 26.080250000000003], [93.42633333333333, 26.080250000000003], [93.42633333333333, 26.0855], [93.42116666666666, 26.0855]]]}, "properties": {"class_value": 1, "class_name": "Stable"}}, {"type": "Feature", "geometry": {"type": "Polygon", "coordinates": [[[93.46249999999999, 26.0855], [93.46249999999999, 26.080250000000003], [93.46766666666666, 26.080250000000003], [93.46766666666666, 26.0855], [93.46249999999999, 26.0855]]]}, "properties": {"class_value": 1, "class_name": "Stable"}}, {"type": "Feature", "geometry": {"type": "Polygon", "coordinates": [[[93.53999999999999, 26.0855], [93.53999999999999, 26.080250000000003], [93.54516666666666, 26.080250000000003], [93.54516666666666, 26.0855], [93.53999999999999, 26.0855]]]}, "properties": {"class_value": 1, "class_name": "Stable"}}, {"type": "Feature", "geometry": {"type": "Polygon", "coordinates": [[[93.571, 26.0855], [93.571, 26.080250000000003], [93.57616666666667, 26.080250000000003], [93.57616666666667, 26.0855], [93.571, 26.0855]]]}, "properties": {"class_value": 1, "class_name": "Stable"}}, {"type": "Feature", "geometry": {"type": "Polygon", "coordinates": [[[92.89416666666666, 26.0855], [92.89416666666666, 26.075000000000003], [92.89933333333333, 26.075000000000003], [92.89933333333333, 26.0855], [92.89416666666666, 26.0855]]]}, "properties": {"class_value": 2, "class_name": "Degrading"}}, {"type": "Feature", "geometry": {"type": "Polygon", "coordinates": [[[92.331, 26.080250000000003], [92.331, 26.075000000000003], [92.33616666666667, 26.075000000000003], [92.33616666666667, 26.080250000000003], [92.331, 26.080250000000003]]]}, "properties": {"class_value": 1, "class_name": "Stable"}}, {"type": "Feature", "geometry": {"type": "Polygon", "coordinates": [[[92.42399999999999, 26.080250000000003], [92.42399999999999, 26.075000000000003], [92.42916666666666, 26.075000000000003], [92.42916666666666, 26.080250000000003], [92.42399999999999, 26.080250000000003]]]}, "properties": {"class_value": 1, "class_name": "Stable"}}, {"type": "Feature", "geometry": {"type": "Polygon", "coordinates": [[[92.4705, 26.080250000000003], [92.4705, 26.075000000000003], [92.47566666666667, 26.075000000000003], [92.47566666666667, 26.080250000000003], [92.4705, 26.080250000000003]]]}, "properties": {"class_value": 1, "class_name": "Stable"}}, {"type": "Feature", "geometry": {"type": "Polygon", "coordinates": [[[92.55316666666667, 26.080250000000003], [92.55316666666667, 26.075000000000003], [92.55833333333334, 26.075000000000003], [92.55833333333334, 26.080250000000003], [92.55316666666667, 26.080250000000003]]]}, "properties": {"class_value": 1, "class_name": "Stable"}}, {"type": "Feature", "geometry": {"type": "Polygon", "coordinates": [[[92.58933333333333, 26.080250000000003], [92.58933333333333, 26.075000000000003], [92.5945, 26.075000000000003], [92.5945, 26.080250000000003], [92.58933333333333, 26.080250000000003]]]}, "properties": {"class_value": 1, "class_name": "Stable"}}, {"type": "Feature", "geometry": {"type": "Polygon", "coordinates": [[[92.86833333333333, 26.080250000000003], [92.86833333333333, 26.075000000000003], [92.87349999999999, 26.075000000000003], [92.87349999999999, 26.080250000000003], [92.86833333333333, 26.080250000000003]]]}, "properties": {"class_value": 2, "class_name": "Degrading"}}, {"type": "Feature", "geometry": {"type": "Polygon", "coordinates": [[[92.90966666666667, 26.080250000000003], [92.90966666666667, 26.075000000000003], [92.91483333333333, 26.075000000000003], [92.91483333333333, 26.080250000000003], [92.90966666666667, 26.080250000000003]]]}, "properties": {"class_value": 2, "class_name": "Degrading"}}, {"type": "Feature", "geometry": {"type": "Polygon", "coordinates": [[[92.97166666666666, 26.080250000000003], [92.97166666666666, 26.075000000000003], [92.97683333333333, 26.075000000000003], [92.97683333333333, 26.080250000000003], [92.97166666666666, 26.080250000000003]]]}, "properties": {"class_value": 2, "class_name": "Degrading"}}, {"type": "Feature", "geometry": {"type": "Polygon", "coordinates": [[[93.02333333333333, 26.080250000000003], [93.02333333333333, 26.075000000000003], [93.03366666666666, 26.075000000000003], [93.03366666666666, 26.080250000000003], [93.02333333333333, 26.080250000000003]]]}, "properties": {"class_value": 1, "class_name": "Stable"}}, {"type": "Feature", "geometry": {"type": "Polygon", "coordinates": [[[93.12666666666667, 26.080250000000003], [93.12666666666667, 26.075000000000003], [93.13183333333333, 26.075000000000003], [93.13183333333333, 26.080250000000003], [93.12666666666667, 26.080250000000003]]]}, "properties": {"class_value": 1, "class_name": "Stable"}}, {"type": "Feature", "geometry": {"type": "Polygon", "coordinates": [[[93.14216666666667, 26.080250000000003], [93.14216666666667, 26.075000000000003], [93.14733333333334, 26.075000000000003], [93.14733333333334, 26.080250000000003], [93.14216666666667, 26.080250000000003]]]}, "properties": {"class_value": 1, "class_name": "Stable"}}, {"type": "Feature", "geometry": {"type": "Polygon", "coordinates": [[[93.20416666666667, 26.080250000000003], [93.20416666666667, 26.075000000000003], [93.20933333333333, 26.075000000000003], [93.20933333333333, 26.080250000000003], [93.20416666666667, 26.080250000000003]]]}, "properties": {"class_value": 1, "class_name": "Stable"}}, {"type": "Feature", "geometry": {"type": "Polygon", "coordinates": [[[93.37466666666667, 26.080250000000003], [93.37466666666667, 26.075000000000003], [93.37983333333334, 26.075000000000003], [93.37983333333334, 26.080250000000003], [93.37466666666667, 26.080250000000003]]]}, "properties": {"class_value": 1, "class_name": "Stable"}}, {"type": "Feature", "geometry": {"type": "Polygon", "coordinates": [[[93.664, 26.080250000000003], [93.664, 26.075000000000003], [93.66916666666667, 26.075000000000003], [93.66916666666667, 26.080250000000003], [93.664, 26.080250000000003]]]}, "properties": {"class_value": 1, "class_name": "Stable"}}, {"type": "Feature", "geometry": {"type": "Polygon", "coordinates": [[[93.70533333333333, 26.080250000000003], [93.70533333333333, 26.075000000000003], [93.7105, 26.075000000000003], [93.7105, 26.080250000000003], [93.70533333333333, 26.080250000000003]]]}, "properties": {"class_value": 1, "class_name": "Stable"}}, {"type": "Feature", "geometry": {"type": "Polygon", "coordinates": [[[93.77766666666666, 26.080250000000003], [93.77766666666666, 26.075000000000003], [93.78283333333333, 26.075000000000003], [93.78283333333333, 26.080250000000003], [93.77766666666666, 26.080250000000003]]]}, "properties": {"class_value": 2, "class_name": "Degrading"}}, {"type": "Feature", "geometry": {"type": "Polygon", "coordinates": [[[93.8035, 26.080250000000003], [93.8035, 26.075000000000003], [93.80866666666667, 26.075000000000003], [93.80866666666667, 26.080250000000003], [93.8035, 26.080250000000003]]]}, "properties": {"class_value": 1, "class_name": "Stable"}}, {"type": "Feature", "geometry": {"type": "Polygon", "coordinates": [[[93.82416666666667, 26.080250000000003], [93.82416666666667, 26.075000000000003], [93.82933333333332, 26.075000000000003], [93.82933333333332, 26.080250000000003], [93.82416666666667, 26.080250000000003]]]}, "properties": {"class_value": 1, "class_name": "Stable"}}, {"type": "Feature", "geometry": {"type": "Polygon", "coordinates": [[[92.35166666666666, 26.080250000000003], [92.35166666666666, 26.069750000000003], [92.362, 26.069750000000003], [92.362, 26.075000000000003], [92.35683333333333, 26.075000000000003], [92.35683333333333, 26.080250000000003], [92.35166666666666, 26.080250000000003]]]}, "properties": {"class_value": 1, "class_name": "Stable"}}, {"type": "Feature", "geometry": {"type": "Polygon", "coordinates": [[[92.41883333333332, 26.075000000000003], [92.41883333333332, 26.069750000000003], [92.42399999999999, 26.069750000000003], [92.42399999999999, 26.075000000000003], [92.41883333333332, 26.075000000000003]]]}, "properties": {"class_value": 1, "class_name": "Stable"}}, {"type": "Feature", "geometry": {"type": "Polygon", "coordinates": [[[92.42916666666666, 26.075000000000003], [92.42916666666666, 26.069750000000003], [92.43433333333333, 26.069750000000003], [92.43433333333333, 26.075000000000003], [92.42916666666666, 26.075000000000003]]]}, "properties": {"class_value": 1, "class_name": "Stable"}}, {"type": "Feature", "geometry": {"type": "Polygon", "coordinates": [[[92.53766666666667, 26.075000000000003], [92.53766666666667, 26.069750000000003], [92.54283333333333, 26.069750000000003], [92.54283333333333, 26.075000000000003], [92.53766666666667, 26.075000000000003]]]}, "properties": {"class_value": 1, "class_name": "Stable"}}, {"type": "Feature", "geometry": {"type": "Polygon", "coordinates": [[[92.62033333333333, 26.075000000000003], [92.62033333333333, 26.069750000000003], [92.6255, 26.069750000000003], [92.6255, 26.075000000000003], [92.62033333333333, 26.075000000000003]]]}, "properties": {"class_value": 1, "class_name": "Stable"}}, {"type": "Feature", "geometry": {"type": "Polygon", "coordinates": [[[92.65133333333333, 26.075000000000003], [92.65133333333333, 26.069750000000003], [92.6565, 26.069750000000003], [92.6565, 26.075000000000003], [92.65133333333333, 26.075000000000003]]]}, "properties": {"class_value": 1, "class_name": "Stable"}}, {"type": "Feature", "geometry": {"type": "Polygon", "coordinates": [[[92.827, 26.075000000000003], [92.827, 26.069750000000003], [92.83216666666667, 26.069750000000003], [92.83216666666667, 26.075000000000003], [92.827, 26.075000000000003]]]}, "properties": {"class_value": 1, "class_name": "Stable"}}, {"type": "Feature", "geometry": {"type": "Polygon", "coordinates": [[[92.858, 26.075000000000003], [92.858, 26.069750000000003], [92.86316666666666, 26.069750000000003], [92.86316666666666, 26.075000000000003], [92.858, 26.075000000000003]]]}, "properties": {"class_value": 1, "class_name": "Stable"}}, {"type": "Feature", "geometry": {"type": "Polygon", "coordinates": [[[92.982, 26.075000000000003], [92.982, 26.069750000000003], [92.98716666666667, 26.069750000000003], [92.98716666666667, 26.075000000000003], [92.982, 26.075000000000003]]]}, "properties": {"class_value": 1, "class_name": "Stable"}}, {"type": "Feature", "geometry": {"type": "Polygon", "coordinates": [[[93.323, 26.075000000000003], [93.323, 26.069750000000003], [93.32816666666666, 26.069750000000003], [93.32816666666666, 26.075000000000003], [93.323, 26.075000000000003]]]}, "properties": {"class_value": 1, "class_name": "Stable"}}, {"type": "Feature", "geometry": {"type": "Polygon", "coordinates": [[[93.34366666666666, 26.075000000000003], [93.34366666666666, 26.069750000000003], [93.34883333333333, 26.069750000000003], [93.34883333333333, 26.075000000000003], [93.34366666666666, 26.075000000000003]]]}, "properties": {"class_value": 3, "class_name": "Recovering"}}, {"type": "Feature", "geometry": {"type": "Polygon", "coordinates": [[[93.39016666666666, 26.075000000000003], [93.39016666666666, 26.069750000000003], [93.4005, 26.069750000000003], [93.4005, 26.075000000000003], [93.39016666666666, 26.075000000000003]]]}, "properties": {"class_value": 1, "class_name": "Stable"}}, {"type": "Feature", "geometry": {"type": "Polygon", "coordinates": [[[93.44183333333334, 26.075000000000003], [93.44183333333334, 26.069750000000003], [93.447, 26.069750000000003], [93.447, 26.075000000000003], [93.44183333333334, 26.075000000000003]]]}, "properties": {"class_value": 1, "class_name": "Stable"}}, {"type": "Feature", "geometry": {"type": "Polygon", "coordinates": [[[93.53483333333332, 26.075000000000003], [93.53483333333332, 26.069750000000003], [93.53999999999999, 26.069750000000003], [93.53999999999999, 26.075000000000003], [93.53483333333332, 26.075000000000003]]]}, "properties": {"class_value": 1, "class_name": "Stable"}}, {"type": "Feature", "geometry": {"type": "Polygon", "coordinates": [[[93.726, 26.075000000000003], [93.726, 26.069750000000003], [93.73116666666667, 26.069750000000003], [93.73116666666667, 26.075000000000003], [93.726, 26.075000000000003]]]}, "properties": {"class_value": 1, "class_name": "Stable"}}, {"type": "Feature", "geometry": {"type": "Polygon", "coordinates": [[[93.73633333333333, 26.075000000000003], [93.73633333333333, 26.069750000000003], [93.7415, 26.069750000000003], [93.7415, 26.075000000000003], [93.73633333333333, 26.075000000000003]]]}, "properties": {"class_value": 1, "class_name": "Stable"}}, {"type": "Feature", "geometry": {"type": "Polygon", "coordinates": [[[93.76216666666666, 26.075000000000003], [93.76216666666666, 26.069750000000003], [93.76733333333333, 26.069750000000003], [93.76733333333333, 26.075000000000003], [93.76216666666666, 26.075000000000003]]]}, "properties": {"class_value": 2, "class_name": "Degrading"}}, {"type": "Feature", "geometry": {"type": "Polygon", "coordinates": [[[93.82933333333332, 26.075000000000003], [93.82933333333332, 26.069750000000003], [93.83449999999999, 26.069750000000003], [93.83449999999999, 26.075000000000003], [93.82933333333332, 26.075000000000003]]]}, "properties": {"class_value": 1, "class_name": "Stable"}}, {"type": "Feature", "geometry": {"type": "Polygon", "coordinates": [[[93.602, 26.075000000000003], [93.602, 26.064500000000002], [93.60716666666666, 26.064500000000002], [93.60716666666666, 26.075000000000003], [93.602, 26.075000000000003]]]}, "properties": {"class_value": 1, "class_name": "Stable"}}, {"type": "Feature", "geometry": {"type": "Polygon", "coordinates": [[[93.84483333333333, 26.075000000000003], [93.84483333333333, 26.064500000000002], [93.85, 26.064500000000002], [93.85, 26.075000000000003], [93.84483333333333, 26.075000000000003]]]}, "properties": {"class_value": 1, "class_name": "Stable"}}, {"type": "Feature", "geometry": {"type": "Polygon", "coordinates": [[[92.49116666666666, 26.069750000000003], [92.49116666666666, 26.064500000000002], [92.49633333333333, 26.064500000000002], [92.49633333333333, 26.069750000000003], [92.49116666666666, 26.069750000000003]]]}, "properties": {"class_value": 1, "class_name": "Stable"}}, {"type": "Feature", "geometry": {"type": "Polygon", "coordinates": [[[92.71849999999999, 26.069750000000003], [92.71849999999999, 26.064500000000002], [92.72366666666666, 26.064500000000002], [92.72366666666666, 26.069750000000003], [92.71849999999999, 26.069750000000003]]]}, "properties": {"class_value": 1, "class_name": "Stable"}}, {"type": "Feature", "geometry": {"type": "Polygon", "coordinates": [[[92.9045, 26.069750000000003], [92.9045, 26.064500000000002], [92.90966666666667, 26.064500000000002], [92.90966666666667, 26.069750000000003], [92.9045, 26.069750000000003]]]}, "properties": {"class_value": 2, "class_name": "Degrading"}}, {"type": "Feature", "geometry": {"type": "Polygon", "coordinates": [[[93.34883333333333, 26.069750000000003], [93.34883333333333, 26.064500000000002], [93.354, 26.064500000000002], [93.354, 26.069750000000003], [93.34883333333333, 26.069750000000003]]]}, "properties": {"class_value": 1, "class_name": "Stable"}}, {"type": "Feature", "geometry": {"type": "Polygon", "coordinates": [[[93.4315, 26.069750000000003], [93.4315, 26.064500000000002], [93.43666666666667, 26.064500000000002], [93.43666666666667, 26.069750000000003], [93.4315, 26.069750000000003]]]}, "properties": {"class_value": 1, "class_name": "Stable"}}, {"type": "Feature", "geometry": {"type": "Polygon", "coordinates": [[[93.5865, 26.069750000000003], [93.5865, 26.064500000000002], [93.59166666666667, 26.064500000000002], [93.59166666666667, 26.069750000000003], [93.5865, 26.069750000000003]]]}, "properties": {"class_value": 1, "class_name": "Stable"}}, {"type": "Feature", "geometry": {"type": "Polygon", "coordinates": [[[93.633, 26.069750000000003], [93.633, 26.064500000000002], [93.63816666666666, 26.064500000000002], [93.63816666666666, 26.069750000000003], [93.633, 26.069750000000003]]]}, "properties": {"class_value": 2, "class_name": "Degrading"}}, {"type": "Feature", "geometry": {"type": "Polygon", "coordinates": [[[93.83449999999999, 26.069750000000003], [93.83449999999999, 26.064500000000002], [93.83966666666666, 26.064500000000002], [93.83966666666666, 26.069750000000003], [93.83449999999999, 26.069750000000003]]]}, "properties": {"class_value": 2, "class_name": "Degrading"}}, {"type": "Feature", "geometry": {"type": "Polygon", "coordinates": [[[93.54516666666666, 26.069750000000003], [93.54516666666666, 26.059250000000002], [93.55033333333333, 26.059250000000002], [93.55033333333333, 26.069750000000003], [93.54516666666666, 26.069750000000003]]]}, "properties": {"class_value": 1, "class_name": "Stable"}}, {"type": "Feature", "geometry": {"type": "Polygon", "coordinates": [[[92.455, 26.064500000000002], [92.455, 26.059250000000002], [92.46016666666667, 26.059250000000002], [92.46016666666667, 26.064500000000002], [92.455, 26.064500000000002]]]}, "properties": {"class_value": 1, "class_name": "Stable"}}, {"type": "Feature", "geometry": {"type": "Polygon", "coordinates": [[[92.51183333333333, 26.064500000000002], [92.51183333333333, 26.059250000000002], [92.517, 26.059250000000002], [92.517, 26.064500000000002], [92.51183333333333, 26.064500000000002]]]}, "properties": {"class_value": 5, "class_name": "Uncertain / Other"}}, {"type": "Feature", "geometry": {"type": "Polygon", "coordinates": [[[92.69266666666667, 26.064500000000002], [92.69266666666667, 26.059250000000002], [92.703, 26.059250000000002], [92.703, 26.064500000000002], [92.69266666666667, 26.064500000000002]]]}, "properties": {"class_value": 1, "class_name": "Stable"}}, {"type": "Feature", "geometry": {"type": "Polygon", "coordinates": [[[92.72883333333333, 26.064500000000002], [92.72883333333333, 26.059250000000002], [92.734, 26.059250000000002], [92.734, 26.064500000000002], [92.72883333333333, 26.064500000000002]]]}, "properties": {"class_value": 5, "class_name": "Uncertain / Other"}}, {"type": "Feature", "geometry": {"type": "Polygon", "coordinates": [[[92.77016666666667, 26.064500000000002], [92.77016666666667, 26.059250000000002], [92.77533333333334, 26.059250000000002], [92.77533333333334, 26.064500000000002], [92.77016666666667, 26.064500000000002]]]}, "properties": {"class_value": 3, "class_name": "Recovering"}}, {"type": "Feature", "geometry": {"type": "Polygon", "coordinates": [[[92.951, 26.064500000000002], [92.951, 26.059250000000002], [92.95616666666666, 26.059250000000002], [92.95616666666666, 26.064500000000002], [92.951, 26.064500000000002]]]}, "properties": {"class_value": 2, "class_name": "Degrading"}}, {"type": "Feature", "geometry": {"type": "Polygon", "coordinates": [[[93.1215, 26.064500000000002], [93.1215, 26.059250000000002], [93.12666666666667, 26.059250000000002], [93.12666666666667, 26.064500000000002], [93.1215, 26.064500000000002]]]}, "properties": {"class_value": 1, "class_name": "Stable"}}, {"type": "Feature", "geometry": {"type": "Polygon", "coordinates": [[[93.14733333333334, 26.064500000000002], [93.14733333333334, 26.059250000000002], [93.1525, 26.059250000000002], [93.1525, 26.064500000000002], [93.14733333333334, 26.064500000000002]]]}, "properties": {"class_value": 1, "class_name": "Stable"}}, {"type": "Feature", "geometry": {"type": "Polygon", "coordinates": [[[93.25583333333333, 26.064500000000002], [93.25583333333333, 26.059250000000002], [93.261, 26.059250000000002], [93.261, 26.064500000000002], [93.25583333333333, 26.064500000000002]]]}, "properties": {"class_value": 1, "class_name": "Stable"}}, {"type": "Feature", "geometry": {"type": "Polygon", "coordinates": [[[93.31783333333333, 26.064500000000002], [93.31783333333333, 26.059250000000002], [93.323, 26.059250000000002], [93.323, 26.064500000000002], [93.31783333333333, 26.064500000000002]]]}, "properties": {"class_value": 1, "class_name": "Stable"}}, {"type": "Feature", "geometry": {"type": "Polygon", "coordinates": [[[93.354, 26.064500000000002], [93.354, 26.059250000000002], [93.35916666666667, 26.059250000000002], [93.35916666666667, 26.064500000000002], [93.354, 26.064500000000002]]]}, "properties": {"class_value": 2, "class_name": "Degrading"}}, {"type": "Feature", "geometry": {"type": "Polygon", "coordinates": [[[93.58133333333333, 26.064500000000002], [93.58133333333333, 26.059250000000002], [93.5865, 26.059250000000002], [93.5865, 26.064500000000002], [93.58133333333333, 26.064500000000002]]]}, "properties": {"class_value": 1, "class_name": "Stable"}}, {"type": "Feature", "geometry": {"type": "Polygon", "coordinates": [[[93.68466666666666, 26.064500000000002], [93.68466666666666, 26.059250000000002], [93.68983333333333, 26.059250000000002], [93.68983333333333, 26.064500000000002], [93.68466666666666, 26.064500000000002]]]}, "properties": {"class_value": 1, "class_name": "Stable"}}, {"type": "Feature", "geometry": {"type": "Polygon", "coordinates": [[[93.70533333333333, 26.064500000000002], [93.70533333333333, 26.059250000000002], [93.7105, 26.059250000000002], [93.7105, 26.064500000000002], [93.70533333333333, 26.064500000000002]]]}, "properties": {"class_value": 1, "class_name": "Stable"}}, {"type": "Feature", "geometry": {"type": "Polygon", "coordinates": [[[93.78283333333333, 26.064500000000002], [93.78283333333333, 26.059250000000002], [93.788, 26.059250000000002], [93.788, 26.064500000000002], [93.78283333333333, 26.064500000000002]]]}, "properties": {"class_value": 1, "class_name": "Stable"}}, {"type": "Feature", "geometry": {"type": "Polygon", "coordinates": [[[93.16283333333332, 26.075000000000003], [93.16283333333332, 26.064500000000002], [93.16799999999999, 26.064500000000002], [93.16799999999999, 26.054000000000002], [93.17316666666666, 26.054000000000002], [93.17316666666666, 26.069750000000003], [93.16799999999999, 26.069750000000003], [93.16799999999999, 26.075000000000003], [93.16283333333332, 26.075000000000003]]]}, "properties": {"class_value": 1, "class_name": "Stable"}}, {"type": "Feature", "geometry": {"type": "Polygon", "coordinates": [[[92.4085, 26.059250000000002], [92.4085, 26.054000000000002], [92.41883333333332, 26.054000000000002], [92.41883333333332, 26.059250000000002], [92.4085, 26.059250000000002]]]}, "properties": {"class_value": 1, "class_name": "Stable"}}, {"type": "Feature", "geometry": {"type": "Polygon", "coordinates": [[[92.51183333333333, 26.059250000000002], [92.51183333333333, 26.054000000000002], [92.52216666666666, 26.054000000000002], [92.52216666666666, 26.059250000000002], [92.51183333333333, 26.059250000000002]]]}, "properties": {"class_value": 1, "class_name": "Stable"}}, {"type": "Feature", "geometry": {"type": "Polygon", "coordinates": [[[92.74433333333333, 26.059250000000002], [92.74433333333333, 26.054000000000002], [92.7495, 26.054000000000002], [92.7495, 26.059250000000002], [92.74433333333333, 26.059250000000002]]]}, "properties": {"class_value": 5, "class_name": "Uncertain / Other"}}, {"type": "Feature", "geometry": {"type": "Polygon", "coordinates": [[[92.75983333333333, 26.059250000000002], [92.75983333333333, 26.054000000000002], [92.765, 26.054000000000002], [92.765, 26.059250000000002], [92.75983333333333, 26.059250000000002]]]}, "properties": {"class_value": 5, "class_name": "Uncertain / Other"}}, {"type": "Feature", "geometry": {"type": "Polygon", "coordinates": [[[92.95616666666666, 26.059250000000002], [92.95616666666666, 26.054000000000002], [92.96133333333333, 26.054000000000002], [92.96133333333333, 26.059250000000002], [92.95616666666666, 26.059250000000002]]]}, "properties": {"class_value": 2, "class_name": "Degrading"}}, {"type": "Feature", "geometry": {"type": "Polygon", "coordinates": [[[92.9975, 26.059250000000002], [92.9975, 26.054000000000002], [93.00266666666667, 26.054000000000002], [93.00266666666667, 26.059250000000002], [92.9975, 26.059250000000002]]]}, "properties": {"class_value": 1, "class_name": "Stable"}}, {"type": "Feature", "geometry": {"type": "Polygon", "coordinates": [[[93.01299999999999, 26.059250000000002], [93.01299999999999, 26.054000000000002], [93.01816666666666, 26.054000000000002], [93.01816666666666, 26.059250000000002], [93.01299999999999, 26.059250000000002]]]}, "properties": {"class_value": 1, "class_name": "Stable"}}, {"type": "Feature", "geometry": {"type": "Polygon", "coordinates": [[[93.11633333333333, 26.059250000000002], [93.11633333333333, 26.054000000000002], [93.1215, 26.054000000000002], [93.1215, 26.059250000000002], [93.11633333333333, 26.059250000000002]]]}, "properties": {"class_value": 1, "class_name": "Stable"}}, {"type": "Feature", "geometry": {"type": "Polygon", "coordinates": [[[93.13183333333333, 26.059250000000002], [93.13183333333333, 26.054000000000002], [93.137, 26.054000000000002], [93.137, 26.059250000000002], [93.13183333333333, 26.059250000000002]]]}, "properties": {"class_value": 1, "class_name": "Stable"}}, {"type": "Feature", "geometry": {"type": "Polygon", "coordinates": [[[93.17833333333333, 26.059250000000002], [93.17833333333333, 26.054000000000002], [93.1835, 26.054000000000002], [93.1835, 26.059250000000002], [93.17833333333333, 26.059250000000002]]]}, "properties": {"class_value": 1, "class_name": "Stable"}}, {"type": "Feature", "geometry": {"type": "Polygon", "coordinates": [[[93.20416666666667, 26.059250000000002], [93.20416666666667, 26.054000000000002], [93.20933333333333, 26.054000000000002], [93.20933333333333, 26.059250000000002], [93.20416666666667, 26.059250000000002]]]}, "properties": {"class_value": 1, "class_name": "Stable"}}, {"type": "Feature", "geometry": {"type": "Polygon", "coordinates": [[[93.21966666666667, 26.059250000000002], [93.21966666666667, 26.054000000000002], [93.22483333333334, 26.054000000000002], [93.22483333333334, 26.059250000000002], [93.21966666666667, 26.059250000000002]]]}, "properties": {"class_value": 1, "class_name": "Stable"}}, {"type": "Feature", "geometry": {"type": "Polygon", "coordinates": [[[93.261, 26.059250000000002], [93.261, 26.054000000000002], [93.26616666666666, 26.054000000000002], [93.26616666666666, 26.059250000000002], [93.261, 26.059250000000002]]]}, "properties": {"class_value": 1, "class_name": "Stable"}}, {"type": "Feature", "geometry": {"type": "Polygon", "coordinates": [[[93.416, 26.059250000000002], [93.416, 26.054000000000002], [93.42116666666666, 26.054000000000002], [93.42116666666666, 26.059250000000002], [93.416, 26.059250000000002]]]}, "properties": {"class_value": 1, "class_name": "Stable"}}, {"type": "Feature", "geometry": {"type": "Polygon", "coordinates": [[[93.447, 26.059250000000002], [93.447, 26.054000000000002], [93.45216666666667, 26.054000000000002], [93.45216666666667, 26.059250000000002], [93.447, 26.059250000000002]]]}, "properties": {"class_value": 1, "class_name": "Stable"}}, {"type": "Feature", "geometry": {"type": "Polygon", "coordinates": [[[93.57616666666667, 26.059250000000002], [93.57616666666667, 26.054000000000002], [93.58133333333333, 26.054000000000002], [93.58133333333333, 26.059250000000002], [93.57616666666667, 26.059250000000002]]]}, "properties": {"class_value": 1, "class_name": "Stable"}}, {"type": "Feature", "geometry": {"type": "Polygon", "coordinates": [[[93.65883333333333, 26.059250000000002], [93.65883333333333, 26.054000000000002], [93.664, 26.054000000000002], [93.664, 26.059250000000002], [93.65883333333333, 26.059250000000002]]]}, "properties": {"class_value": 1, "class_name": "Stable"}}, {"type": "Feature", "geometry": {"type": "Polygon", "coordinates": [[[93.67949999999999, 26.059250000000002], [93.67949999999999, 26.054000000000002], [93.68466666666666, 26.054000000000002], [93.68466666666666, 26.059250000000002], [93.67949999999999, 26.059250000000002]]]}, "properties": {"class_value": 1, "class_name": "Stable"}}, {"type": "Feature", "geometry": {"type": "Polygon", "coordinates": [[[93.819, 26.059250000000002], [93.819, 26.054000000000002], [93.82416666666667, 26.054000000000002], [93.82416666666667, 26.059250000000002], [93.819, 26.059250000000002]]]}, "properties": {"class_value": 1, "class_name": "Stable"}}, {"type": "Feature", "geometry": {"type": "Polygon", "coordinates": [[[92.30516666666666, 26.054000000000002], [92.30516666666666, 26.048750000000002], [92.31033333333333, 26.048750000000002], [92.31033333333333, 26.054000000000002], [92.30516666666666, 26.054000000000002]]]}, "properties": {"class_value": 1, "class_name": "Stable"}}, {"type": "Feature", "geometry": {"type": "Polygon", "coordinates": [[[92.57383333333333, 26.054000000000002], [92.57383333333333, 26.048750000000002], [92.579, 26.048750000000002], [92.579, 26.054000000000002], [92.57383333333333, 26.054000000000002]]]}, "properties": {"class_value": 1, "class_name": "Stable"}}, {"type": "Feature", "geometry": {"type": "Polygon", "coordinates": [[[92.64099999999999, 26.054000000000002], [92.64099999999999, 26.048750000000002], [92.64616666666666, 26.048750000000002], [92.64616666666666, 26.054000000000002], [92.64099999999999, 26.054000000000002]]]}, "properties": {"class_value": 1, "class_name": "Stable"}}, {"type": "Feature", "geometry": {"type": "Polygon", "coordinates": [[[92.66683333333333, 26.054000000000002], [92.66683333333333, 26.048750000000002], [92.672, 26.048750000000002], [92.672, 26.054000000000002], [92.66683333333333, 26.054000000000002]]]}, "properties": {"class_value": 1, "class_name": "Stable"}}, {"type": "Feature", "geometry": {"type": "Polygon", "coordinates": [[[92.79083333333332, 26.054000000000002], [92.79083333333332, 26.048750000000002], [92.79599999999999, 26.048750000000002], [92.79599999999999, 26.054000000000002], [92.79083333333332, 26.054000000000002]]]}, "properties": {"class_value": 1, "class_name": "Stable"}}, {"type": "Feature", "geometry": {"type": "Polygon", "coordinates": [[[92.83216666666667, 26.054000000000002], [92.83216666666667, 26.048750000000002], [92.83733333333333, 26.048750000000002], [92.83733333333333, 26.054000000000002], [92.83216666666667, 26.054000000000002]]]}, "properties": {"class_value": 1, "class_name": "Stable"}}, {"type": "Feature", "geometry": {"type": "Polygon", "coordinates": [[[92.99233333333333, 26.054000000000002], [92.99233333333333, 26.048750000000002], [92.9975, 26.048750000000002], [92.9975, 26.054000000000002], [92.99233333333333, 26.054000000000002]]]}, "properties": {"class_value": 1, "class_name": "Stable"}}, {"type": "Feature", "geometry": {"type": "Polygon", "coordinates": [[[93.2145, 26.054000000000002], [93.2145, 26.048750000000002], [93.21966666666667, 26.048750000000002], [93.21966666666667, 26.054000000000002], [93.2145, 26.054000000000002]]]}, "properties": {"class_value": 1, "class_name": "Stable"}}, {"type": "Feature", "geometry": {"type": "Polygon", "coordinates": [[[93.633, 26.054000000000002], [93.633, 26.048750000000002], [93.63816666666666, 26.048750000000002], [93.63816666666666, 26.054000000000002], [93.633, 26.054000000000002]]]}, "properties": {"class_value": 1, "class_name": "Stable"}}, {"type": "Feature", "geometry": {"type": "Polygon", "coordinates": [[[92.3, 26.048750000000002], [92.3, 26.0435], [92.30516666666666, 26.0435], [92.30516666666666, 26.048750000000002], [92.3, 26.048750000000002]]]}, "properties": {"class_value": 1, "class_name": "Stable"}}, {"type": "Feature", "geometry": {"type": "Polygon", "coordinates": [[[92.32583333333334, 26.048750000000002], [92.32583333333334, 26.0435], [92.331, 26.0435], [92.331, 26.048750000000002], [92.32583333333334, 26.048750000000002]]]}, "properties": {"class_value": 1, "class_name": "Stable"}}, {"type": "Feature", "geometry": {"type": "Polygon", "coordinates": [[[92.47566666666667, 26.048750000000002], [92.47566666666667, 26.0435], [92.48083333333334, 26.0435], [92.48083333333334, 26.048750000000002], [92.47566666666667, 26.048750000000002]]]}, "properties": {"class_value": 1, "class_name": "Stable"}}, {"type": "Feature", "geometry": {"type": "Polygon", "coordinates": [[[92.50666666666666, 26.048750000000002], [92.50666666666666, 26.0435], [92.51183333333333, 26.0435], [92.51183333333333, 26.048750000000002], [92.50666666666666, 26.048750000000002]]]}, "properties": {"class_value": 1, "class_name": "Stable"}}, {"type": "Feature", "geometry": {"type": "Polygon", "coordinates": [[[92.72883333333333, 26.048750000000002], [92.72883333333333, 26.0435], [92.734, 26.0435], [92.734, 26.048750000000002], [92.72883333333333, 26.048750000000002]]]}, "properties": {"class_value": 5, "class_name": "Uncertain / Other"}}, {"type": "Feature", "geometry": {"type": "Polygon", "coordinates": [[[92.7495, 26.048750000000002], [92.7495, 26.0435], [92.75466666666667, 26.0435], [92.75466666666667, 26.048750000000002], [92.7495, 26.048750000000002]]]}, "properties": {"class_value": 5, "class_name": "Uncertain / Other"}}, {"type": "Feature", "geometry": {"type": "Polygon", "coordinates": [[[92.77533333333334, 26.048750000000002], [92.77533333333334, 26.0435], [92.7805, 26.0435], [92.7805, 26.048750000000002], [92.77533333333334, 26.048750000000002]]]}, "properties": {"class_value": 5, "class_name": "Uncertain / Other"}}, {"type": "Feature", "geometry": {"type": "Polygon", "coordinates": [[[92.82183333333333, 26.048750000000002], [92.82183333333333, 26.0435], [92.827, 26.0435], [92.827, 26.048750000000002], [92.82183333333333, 26.048750000000002]]]}, "properties": {"class_value": 1, "class_name": "Stable"}}, {"type": "Feature", "geometry": {"type": "Polygon", "coordinates": [[[92.889, 26.048750000000002], [92.889, 26.0435], [92.89416666666666, 26.0435], [92.89416666666666, 26.048750000000002], [92.889, 26.048750000000002]]]}, "properties": {"class_value": 1, "class_name": "Stable"}}, {"type": "Feature", "geometry": {"type": "Polygon", "coordinates": [[[93.35916666666667, 26.048750000000002], [93.35916666666667, 26.0435], [93.36433333333333, 26.0435], [93.36433333333333, 26.048750000000002], [93.35916666666667, 26.048750000000002]]]}, "properties": {"class_value": 1, "class_name": "Stable"}}, {"type": "Feature", "geometry": {"type": "Polygon", "coordinates": [[[93.48833333333333, 26.048750000000002], [93.48833333333333, 26.0435], [93.4935, 26.0435], [93.4935, 26.048750000000002], [93.48833333333333, 26.048750000000002]]]}, "properties": {"class_value": 1, "class_name": "Stable"}}, {"type": "Feature", "geometry": {"type": "Polygon", "coordinates": [[[93.56066666666666, 26.048750000000002], [93.56066666666666, 26.0435], [93.56583333333333, 26.0435], [93.56583333333333, 26.048750000000002], [93.56066666666666, 26.048750000000002]]]}, "properties": {"class_value": 1, "class_name": "Stable"}}, {"type": "Feature", "geometry": {"type": "Polygon", "coordinates": [[[93.602, 26.048750000000002], [93.602, 26.0435], [93.60716666666666, 26.0435], [93.60716666666666, 26.048750000000002], [93.602, 26.048750000000002]]]}, "properties": {"class_value": 1, "class_name": "Stable"}}, {"type": "Feature", "geometry": {"type": "Polygon", "coordinates": [[[93.62783333333333, 26.048750000000002], [93.62783333333333, 26.0435], [93.633, 26.0435], [93.633, 26.048750000000002], [93.62783333333333, 26.048750000000002]]]}, "properties": {"class_value": 1, "class_name": "Stable"}}, {"type": "Feature", "geometry": {"type": "Polygon", "coordinates": [[[93.7415, 26.048750000000002], [93.7415, 26.0435], [93.74666666666667, 26.0435], [93.74666666666667, 26.048750000000002], [93.7415, 26.048750000000002]]]}, "properties": {"class_value": 1, "class_name": "Stable"}}, {"type": "Feature", "geometry": {"type": "Polygon", "coordinates": [[[92.31033333333333, 26.0435], [92.31033333333333, 26.03825], [92.3155, 26.03825], [92.3155, 26.0435], [92.31033333333333, 26.0435]]]}, "properties": {"class_value": 1, "class_name": "Stable"}}, {"type": "Feature", "geometry": {"type": "Polygon", "coordinates": [[[92.455, 26.0435], [92.455, 26.03825], [92.46016666666667, 26.03825], [92.46016666666667, 26.0435], [92.455, 26.0435]]]}, "properties": {"class_value": 1, "class_name": "Stable"}}, {"type": "Feature", "geometry": {"type": "Polygon", "coordinates": [[[92.5015, 26.0435], [92.5015, 26.03825], [92.50666666666666, 26.03825], [92.50666666666666, 26.0435], [92.5015, 26.0435]]]}, "properties": {"class_value": 2, "class_name": "Degrading"}}, {"type": "Feature", "geometry": {"type": "Polygon", "coordinates": [[[92.75466666666667, 26.0435], [92.75466666666667, 26.03825], [92.75983333333333, 26.03825], [92.75983333333333, 26.0435], [92.75466666666667, 26.0435]]]}, "properties": {"class_value": 5, "class_name": "Uncertain / Other"}}, {"type": "Feature", "geometry": {"type": "Polygon", "coordinates": [[[92.765, 26.0435], [92.765, 26.03825], [92.77016666666667, 26.03825], [92.77016666666667, 26.0435], [92.765, 26.0435]]]}, "properties": {"class_value": 5, "class_name": "Uncertain / Other"}}, {"type": "Feature", "geometry": {"type": "Polygon", "coordinates": [[[92.80633333333333, 26.0435], [92.80633333333333, 26.03825], [92.8115, 26.03825], [92.8115, 26.0435], [92.80633333333333, 26.0435]]]}, "properties": {"class_value": 1, "class_name": "Stable"}}, {"type": "Feature", "geometry": {"type": "Polygon", "coordinates": [[[92.9045, 26.0435], [92.9045, 26.03825], [92.90966666666667, 26.03825], [92.90966666666667, 26.0435], [92.9045, 26.0435]]]}, "properties": {"class_value": 2, "class_name": "Degrading"}}, {"type": "Feature", "geometry": {"type": "Polygon", "coordinates": [[[93.199, 26.0435], [93.199, 26.03825], [93.20416666666667, 26.03825], [93.20416666666667, 26.0435], [93.199, 26.0435]]]}, "properties": {"class_value": 1, "class_name": "Stable"}}, {"type": "Feature", "geometry": {"type": "Polygon", "coordinates": [[[93.46766666666666, 26.0435], [93.46766666666666, 26.03825], [93.47283333333333, 26.03825], [93.47283333333333, 26.0435], [93.46766666666666, 26.0435]]]}, "properties": {"class_value": 5, "class_name": "Uncertain / Other"}}, {"type": "Feature", "geometry": {"type": "Polygon", "coordinates": [[[93.61749999999999, 26.0435], [93.61749999999999, 26.03825], [93.62266666666666, 26.03825], [93.62266666666666, 26.0435], [93.61749999999999, 26.0435]]]}, "properties": {"class_value": 1, "class_name": "Stable"}}, {"type": "Feature", "geometry": {"type": "Polygon", "coordinates": [[[93.76216666666666, 26.0435], [93.76216666666666, 26.03825], [93.76733333333333, 26.03825], [93.76733333333333, 26.0435], [93.76216666666666, 26.0435]]]}, "properties": {"class_value": 1, "class_name": "Stable"}}, {"type": "Feature", "geometry": {"type": "Polygon", "coordinates": [[[92.43433333333333, 26.03825], [92.43433333333333, 26.033], [92.4395, 26.033], [92.4395, 26.03825], [92.43433333333333, 26.03825]]]}, "properties": {"class_value": 1, "class_name": "Stable"}}, {"type": "Feature", "geometry": {"type": "Polygon", "coordinates": [[[92.5945, 26.03825], [92.5945, 26.033], [92.59966666666666, 26.033], [92.59966666666666, 26.03825], [92.5945, 26.03825]]]}, "properties": {"class_value": 2, "class_name": "Degrading"}}, {"type": "Feature", "geometry": {"type": "Polygon", "coordinates": [[[92.77016666666667, 26.03825], [92.77016666666667, 26.033], [92.77533333333334, 26.033], [92.77533333333334, 26.03825], [92.77016666666667, 26.03825]]]}, "properties": {"class_value": 5, "class_name": "Uncertain / Other"}}, {"type": "Feature", "geometry": {"type": "Polygon", "coordinates": [[[92.91483333333333, 26.03825], [92.91483333333333, 26.033], [92.92, 26.033], [92.92, 26.03825], [92.91483333333333, 26.03825]]]}, "properties": {"class_value": 2, "class_name": "Degrading"}}, {"type": "Feature", "geometry": {"type": "Polygon", "coordinates": [[[93.0285, 26.03825], [93.0285, 26.033], [93.03366666666666, 26.033], [93.03366666666666, 26.03825], [93.0285, 26.03825]]]}, "properties": {"class_value": 2, "class_name": "Degrading"}}, {"type": "Feature", "geometry": {"type": "Polygon", "coordinates": [[[93.044, 26.03825], [93.044, 26.033], [93.04916666666666, 26.033], [93.04916666666666, 26.03825], [93.044, 26.03825]]]}, "properties": {"class_value": 1, "class_name": "Stable"}}, {"type": "Feature", "geometry": {"type": "Polygon", "coordinates": [[[93.09049999999999, 26.03825], [93.09049999999999, 26.033], [93.10083333333333, 26.033], [93.10083333333333, 26.03825], [93.09049999999999, 26.03825]]]}, "properties": {"class_value": 1, "class_name": "Stable"}}, {"type": "Feature", "geometry": {"type": "Polygon", "coordinates": [[[93.21966666666667, 26.03825], [93.21966666666667, 26.033], [93.22483333333334, 26.033], [93.22483333333334, 26.03825], [93.21966666666667, 26.03825]]]}, "properties": {"class_value": 1, "class_name": "Stable"}}, {"type": "Feature", "geometry": {"type": "Polygon", "coordinates": [[[93.25066666666666, 26.03825], [93.25066666666666, 26.033], [93.25583333333333, 26.033], [93.25583333333333, 26.03825], [93.25066666666666, 26.03825]]]}, "properties": {"class_value": 1, "class_name": "Stable"}}, {"type": "Feature", "geometry": {"type": "Polygon", "coordinates": [[[93.28683333333333, 26.03825], [93.28683333333333, 26.033], [93.292, 26.033], [93.292, 26.03825], [93.28683333333333, 26.03825]]]}, "properties": {"class_value": 1, "class_name": "Stable"}}, {"type": "Feature", "geometry": {"type": "Polygon", "coordinates": [[[93.30749999999999, 26.03825], [93.30749999999999, 26.033], [93.31266666666666, 26.033], [93.31266666666666, 26.03825], [93.30749999999999, 26.03825]]]}, "properties": {"class_value": 1, "class_name": "Stable"}}, {"type": "Feature", "geometry": {"type": "Polygon", "coordinates": [[[93.34366666666666, 26.03825], [93.34366666666666, 26.033], [93.34883333333333, 26.033], [93.34883333333333, 26.03825], [93.34366666666666, 26.03825]]]}, "properties": {"class_value": 1, "class_name": "Stable"}}, {"type": "Feature", "geometry": {"type": "Polygon", "coordinates": [[[93.39533333333333, 26.03825], [93.39533333333333, 26.033], [93.4005, 26.033], [93.4005, 26.03825], [93.39533333333333, 26.03825]]]}, "properties": {"class_value": 1, "class_name": "Stable"}}, {"type": "Feature", "geometry": {"type": "Polygon", "coordinates": [[[93.57616666666667, 26.03825], [93.57616666666667, 26.033], [93.58133333333333, 26.033], [93.58133333333333, 26.03825], [93.57616666666667, 26.03825]]]}, "properties": {"class_value": 1, "class_name": "Stable"}}, {"type": "Feature", "geometry": {"type": "Polygon", "coordinates": [[[93.73633333333333, 26.03825], [93.73633333333333, 26.033], [93.7415, 26.033], [93.7415, 26.03825], [93.73633333333333, 26.03825]]]}, "properties": {"class_value": 1, "class_name": "Stable"}}, {"type": "Feature", "geometry": {"type": "Polygon", "coordinates": [[[92.32066666666667, 26.033], [92.32066666666667, 26.02775], [92.32583333333334, 26.02775], [92.32583333333334, 26.033], [92.32066666666667, 26.033]]]}, "properties": {"class_value": 1, "class_name": "Stable"}}, {"type": "Feature", "geometry": {"type": "Polygon", "coordinates": [[[92.37233333333333, 26.033], [92.37233333333333, 26.02775], [92.3775, 26.02775], [92.3775, 26.033], [92.37233333333333, 26.033]]]}, "properties": {"class_value": 1, "class_name": "Stable"}}, {"type": "Feature", "geometry": {"type": "Polygon", "coordinates": [[[92.5325, 26.033], [92.5325, 26.02775], [92.53766666666667, 26.02775], [92.53766666666667, 26.033], [92.5325, 26.033]]]}, "properties": {"class_value": 1, "class_name": "Stable"}}, {"type": "Feature", "geometry": {"type": "Polygon", "coordinates": [[[92.60483333333333, 26.033], [92.60483333333333, 26.02775], [92.61, 26.02775], [92.61, 26.033], [92.60483333333333, 26.033]]]}, "properties": {"class_value": 1, "class_name": "Stable"}}, {"type": "Feature", "geometry": {"type": "Polygon", "coordinates": [[[92.6565, 26.033], [92.6565, 26.02775], [92.66683333333333, 26.02775], [92.66683333333333, 26.033], [92.6565, 26.033]]]}, "properties": {"class_value": 1, "class_name": "Stable"}}, {"type": "Feature", "geometry": {"type": "Polygon", "coordinates": [[[92.672, 26.033], [92.672, 26.02775], [92.67716666666666, 26.02775], [92.67716666666666, 26.033], [92.672, 26.033]]]}, "properties": {"class_value": 1, "class_name": "Stable"}}, {"type": "Feature", "geometry": {"type": "Polygon", "coordinates": [[[92.86833333333333, 26.033], [92.86833333333333, 26.02775], [92.87349999999999, 26.02775], [92.87349999999999, 26.033], [92.86833333333333, 26.033]]]}, "properties": {"class_value": 1, "class_name": "Stable"}}, {"type": "Feature", "geometry": {"type": "Polygon", "coordinates": [[[92.97683333333333, 26.033], [92.97683333333333, 26.02775], [92.982, 26.02775], [92.982, 26.033], [92.97683333333333, 26.033]]]}, "properties": {"class_value": 1, "class_name": "Stable"}}, {"type": "Feature", "geometry": {"type": "Polygon", "coordinates": [[[93.02333333333333, 26.033], [93.02333333333333, 26.02775], [93.0285, 26.02775], [93.0285, 26.033], [93.02333333333333, 26.033]]]}, "properties": {"class_value": 1, "class_name": "Stable"}}, {"type": "Feature", "geometry": {"type": "Polygon", "coordinates": [[[93.04916666666666, 26.033], [93.04916666666666, 26.02775], [93.05433333333333, 26.02775], [93.05433333333333, 26.033], [93.04916666666666, 26.033]]]}, "properties": {"class_value": 1, "class_name": "Stable"}}, {"type": "Feature", "geometry": {"type": "Polygon", "coordinates": [[[93.15766666666666, 26.033], [93.15766666666666, 26.02775], [93.16283333333332, 26.02775], [93.16283333333332, 26.033], [93.15766666666666, 26.033]]]}, "properties": {"class_value": 1, "class_name": "Stable"}}, {"type": "Feature", "geometry": {"type": "Polygon", "coordinates": [[[93.39016666666666, 26.033], [93.39016666666666, 26.02775], [93.39533333333333, 26.02775], [93.39533333333333, 26.033], [93.39016666666666, 26.033]]]}, "properties": {"class_value": 1, "class_name": "Stable"}}, {"type": "Feature", "geometry": {"type": "Polygon", "coordinates": [[[93.46249999999999, 26.033], [93.46249999999999, 26.02775], [93.46766666666666, 26.02775], [93.46766666666666, 26.033], [93.46249999999999, 26.033]]]}, "properties": {"class_value": 1, "class_name": "Stable"}}, {"type": "Feature", "geometry": {"type": "Polygon", "coordinates": [[[93.47283333333333, 26.033], [93.47283333333333, 26.02775], [93.478, 26.02775], [93.478, 26.033], [93.47283333333333, 26.033]]]}, "properties": {"class_value": 1, "class_name": "Stable"}}, {"type": "Feature", "geometry": {"type": "Polygon", "coordinates": [[[93.48316666666666, 26.033], [93.48316666666666, 26.02775], [93.48833333333333, 26.02775], [93.48833333333333, 26.033], [93.48316666666666, 26.033]]]}, "properties": {"class_value": 1, "class_name": "Stable"}}, {"type": "Feature", "geometry": {"type": "Polygon", "coordinates": [[[93.79316666666666, 26.033], [93.79316666666666, 26.02775], [93.79833333333333, 26.02775], [93.79833333333333, 26.033], [93.79316666666666, 26.033]]]}, "properties": {"class_value": 1, "class_name": "Stable"}}, {"type": "Feature", "geometry": {"type": "Polygon", "coordinates": [[[93.08016666666667, 26.033], [93.08016666666667, 26.0225], [93.08533333333332, 26.0225], [93.08533333333332, 26.033], [93.08016666666667, 26.033]]]}, "properties": {"class_value": 1, "class_name": "Stable"}}, {"type": "Feature", "geometry": {"type": "Polygon", "coordinates": [[[92.35166666666666, 26.02775], [92.35166666666666, 26.0225], [92.35683333333333, 26.0225], [92.35683333333333, 26.02775], [92.35166666666666, 26.02775]]]}, "properties": {"class_value": 1, "class_name": "Stable"}}, {"type": "Feature", "geometry": {"type": "Polygon", "coordinates": [[[92.52216666666666, 26.02775], [92.52216666666666, 26.0225], [92.52733333333333, 26.0225], [92.52733333333333, 26.02775], [92.52216666666666, 26.02775]]]}, "properties": {"class_value": 1, "class_name": "Stable"}}, {"type": "Feature", "geometry": {"type": "Polygon", "coordinates": [[[92.58933333333333, 26.02775], [92.58933333333333, 26.0225], [92.5945, 26.0225], [92.5945, 26.02775], [92.58933333333333, 26.02775]]]}, "properties": {"class_value": 1, "class_name": "Stable"}}, {"type": "Feature", "geometry": {"type": "Polygon", "coordinates": [[[92.59966666666666, 26.02775], [92.59966666666666, 26.0225], [92.60483333333333, 26.0225], [92.60483333333333, 26.02775], [92.59966666666666, 26.02775]]]}, "properties": {"class_value": 1, "class_name": "Stable"}}, {"type": "Feature", "geometry": {"type": "Polygon", "coordinates": [[[92.6255, 26.02775], [92.6255, 26.0225], [92.63066666666667, 26.0225], [92.63066666666667, 26.02775], [92.6255, 26.02775]]]}, "properties": {"class_value": 1, "class_name": "Stable"}}, {"type": "Feature", "geometry": {"type": "Polygon", "coordinates": [[[92.92, 26.02775], [92.92, 26.0225], [92.92516666666667, 26.0225], [92.92516666666667, 26.02775], [92.92, 26.02775]]]}, "properties": {"class_value": 1, "class_name": "Stable"}}, {"type": "Feature", "geometry": {"type": "Polygon", "coordinates": [[[93.23, 26.02775], [93.23, 26.0225], [93.23516666666666, 26.0225], [93.23516666666666, 26.02775], [93.23, 26.02775]]]}, "properties": {"class_value": 1, "class_name": "Stable"}}, {"type": "Feature", "geometry": {"type": "Polygon", "coordinates": [[[93.24033333333333, 26.02775], [93.24033333333333, 26.0225], [93.24549999999999, 26.0225], [93.24549999999999, 26.02775], [93.24033333333333, 26.02775]]]}, "properties": {"class_value": 2, "class_name": "Degrading"}}, {"type": "Feature", "geometry": {"type": "Polygon", "coordinates": [[[93.31783333333333, 26.02775], [93.31783333333333, 26.0225], [93.323, 26.0225], [93.323, 26.02775], [93.31783333333333, 26.02775]]]}, "properties": {"class_value": 1, "class_name": "Stable"}}, {"type": "Feature", "geometry": {"type": "Polygon", "coordinates": [[[93.45733333333332, 26.02775], [93.45733333333332, 26.0225], [93.46249999999999, 26.0225], [93.46249999999999, 26.02775], [93.45733333333332, 26.02775]]]}, "properties": {"class_value": 1, "class_name": "Stable"}}, {"type": "Feature", "geometry": {"type": "Polygon", "coordinates": [[[93.53483333333332, 26.02775], [93.53483333333332, 26.0225], [93.53999999999999, 26.0225], [93.53999999999999, 26.02775], [93.53483333333332, 26.02775]]]}, "properties": {"class_value": 1, "class_name": "Stable"}}, {"type": "Feature", "geometry": {"type": "Polygon", "coordinates": [[[92.3155, 26.0225], [92.3155, 26.01725], [92.32066666666667, 26.01725], [92.32066666666667, 26.0225], [92.3155, 26.0225]]]}, "properties": {"class_value": 1, "class_name": "Stable"}}, {"type": "Feature", "geometry": {"type": "Polygon", "coordinates": [[[92.60483333333333, 26.0225], [92.60483333333333, 26.01725], [92.61, 26.01725], [92.61, 26.0225], [92.60483333333333, 26.0225]]]}, "properties": {"class_value": 1, "class_name": "Stable"}}, {"type": "Feature", "geometry": {"type": "Polygon", "coordinates": [[[92.65133333333333, 26.0225], [92.65133333333333, 26.01725], [92.6565, 26.01725], [92.6565, 26.0225], [92.65133333333333, 26.0225]]]}, "properties": {"class_value": 1, "class_name": "Stable"}}, {"type": "Feature", "geometry": {"type": "Polygon", "coordinates": [[[92.672, 26.0225], [92.672, 26.01725], [92.67716666666666, 26.01725], [92.67716666666666, 26.0225], [92.672, 26.0225]]]}, "properties": {"class_value": 1, "class_name": "Stable"}}, {"type": "Feature", "geometry": {"type": "Polygon", "coordinates": [[[92.858, 26.0225], [92.858, 26.01725], [92.86316666666666, 26.01725], [92.86316666666666, 26.0225], [92.858, 26.0225]]]}, "properties": {"class_value": 1, "class_name": "Stable"}}, {"type": "Feature", "geometry": {"type": "Polygon", "coordinates": [[[93.03366666666666, 26.0225], [93.03366666666666, 26.01725], [93.03883333333333, 26.01725], [93.03883333333333, 26.0225], [93.03366666666666, 26.0225]]]}, "properties": {"class_value": 1, "class_name": "Stable"}}, {"type": "Feature", "geometry": {"type": "Polygon", "coordinates": [[[93.08533333333332, 26.0225], [93.08533333333332, 26.01725], [93.09049999999999, 26.01725], [93.09049999999999, 26.0225], [93.08533333333332, 26.0225]]]}, "properties": {"class_value": 1, "class_name": "Stable"}}, {"type": "Feature", "geometry": {"type": "Polygon", "coordinates": [[[93.15766666666666, 26.0225], [93.15766666666666, 26.01725], [93.16283333333332, 26.01725], [93.16283333333332, 26.0225], [93.15766666666666, 26.0225]]]}, "properties": {"class_value": 1, "class_name": "Stable"}}, {"type": "Feature", "geometry": {"type": "Polygon", "coordinates": [[[93.37466666666667, 26.0225], [93.37466666666667, 26.01725], [93.37983333333334, 26.01725], [93.37983333333334, 26.0225], [93.37466666666667, 26.0225]]]}, "properties": {"class_value": 1, "class_name": "Stable"}}, {"type": "Feature", "geometry": {"type": "Polygon", "coordinates": [[[93.39016666666666, 26.0225], [93.39016666666666, 26.01725], [93.39533333333333, 26.01725], [93.39533333333333, 26.0225], [93.39016666666666, 26.0225]]]}, "properties": {"class_value": 1, "class_name": "Stable"}}, {"type": "Feature", "geometry": {"type": "Polygon", "coordinates": [[[93.42633333333333, 26.0225], [93.42633333333333, 26.01725], [93.4315, 26.01725], [93.4315, 26.0225], [93.42633333333333, 26.0225]]]}, "properties": {"class_value": 1, "class_name": "Stable"}}, {"type": "Feature", "geometry": {"type": "Polygon", "coordinates": [[[93.45733333333332, 26.0225], [93.45733333333332, 26.01725], [93.46249999999999, 26.01725], [93.46249999999999, 26.0225], [93.45733333333332, 26.0225]]]}, "properties": {"class_value": 2, "class_name": "Degrading"}}, {"type": "Feature", "geometry": {"type": "Polygon", "coordinates": [[[93.56583333333333, 26.0225], [93.56583333333333, 26.01725], [93.571, 26.01725], [93.571, 26.0225], [93.56583333333333, 26.0225]]]}, "properties": {"class_value": 1, "class_name": "Stable"}}, {"type": "Feature", "geometry": {"type": "Polygon", "coordinates": [[[93.62266666666666, 26.0225], [93.62266666666666, 26.01725], [93.62783333333333, 26.01725], [93.62783333333333, 26.0225], [93.62266666666666, 26.0225]]]}, "properties": {"class_value": 1, "class_name": "Stable"}}, {"type": "Feature", "geometry": {"type": "Polygon", "coordinates": [[[93.71566666666666, 26.0225], [93.71566666666666, 26.01725], [93.72083333333333, 26.01725], [93.72083333333333, 26.0225], [93.71566666666666, 26.0225]]]}, "properties": {"class_value": 2, "class_name": "Degrading"}}, {"type": "Feature", "geometry": {"type": "Polygon", "coordinates": [[[93.726, 26.0225], [93.726, 26.01725], [93.73116666666667, 26.01725], [93.73116666666667, 26.0225], [93.726, 26.0225]]]}, "properties": {"class_value": 1, "class_name": "Stable"}}, {"type": "Feature", "geometry": {"type": "Polygon", "coordinates": [[[93.7415, 26.0225], [93.7415, 26.01725], [93.74666666666667, 26.01725], [93.74666666666667, 26.0225], [93.7415, 26.0225]]]}, "properties": {"class_value": 1, "class_name": "Stable"}}, {"type": "Feature", "geometry": {"type": "Polygon", "coordinates": [[[93.78283333333333, 26.0225], [93.78283333333333, 26.01725], [93.788, 26.01725], [93.788, 26.0225], [93.78283333333333, 26.0225]]]}, "properties": {"class_value": 2, "class_name": "Degrading"}}, {"type": "Feature", "geometry": {"type": "Polygon", "coordinates": [[[92.393, 26.01725], [92.393, 26.012], [92.39816666666667, 26.012], [92.39816666666667, 26.01725], [92.393, 26.01725]]]}, "properties": {"class_value": 1, "class_name": "Stable"}}, {"type": "Feature", "geometry": {"type": "Polygon", "coordinates": [[[92.47566666666667, 26.01725], [92.47566666666667, 26.012], [92.48083333333334, 26.012], [92.48083333333334, 26.01725], [92.47566666666667, 26.01725]]]}, "properties": {"class_value": 5, "class_name": "Uncertain / Other"}}, {"type": "Feature", "geometry": {"type": "Polygon", "coordinates": [[[92.486, 26.01725], [92.486, 26.012], [92.49116666666666, 26.012], [92.49116666666666, 26.01725], [92.486, 26.01725]]]}, "properties": {"class_value": 1, "class_name": "Stable"}}, {"type": "Feature", "geometry": {"type": "Polygon", "coordinates": [[[92.548, 26.01725], [92.548, 26.012], [92.55316666666667, 26.012], [92.55316666666667, 26.01725], [92.548, 26.01725]]]}, "properties": {"class_value": 1, "class_name": "Stable"}}, {"type": "Feature", "geometry": {"type": "Polygon", "coordinates": [[[92.6565, 26.01725], [92.6565, 26.012], [92.66166666666666, 26.012], [92.66166666666666, 26.01725], [92.6565, 26.01725]]]}, "properties": {"class_value": 2, "class_name": "Degrading"}}, {"type": "Feature", "geometry": {"type": "Polygon", "coordinates": [[[92.77533333333334, 26.01725], [92.77533333333334, 26.012], [92.7805, 26.012], [92.7805, 26.01725], [92.77533333333334, 26.01725]]]}, "properties": {"class_value": 1, "class_name": "Stable"}}, {"type": "Feature", "geometry": {"type": "Polygon", "coordinates": [[[92.96133333333333, 26.01725], [92.96133333333333, 26.012], [92.9665, 26.012], [92.9665, 26.01725], [92.96133333333333, 26.01725]]]}, "properties": {"class_value": 1, "class_name": "Stable"}}, {"type": "Feature", "geometry": {"type": "Polygon", "coordinates": [[[93.21966666666667, 26.01725], [93.21966666666667, 26.012], [93.22483333333334, 26.012], [93.22483333333334, 26.01725], [93.21966666666667, 26.01725]]]}, "properties": {"class_value": 1, "class_name": "Stable"}}, {"type": "Feature", "geometry": {"type": "Polygon", "coordinates": [[[93.31266666666666, 26.01725], [93.31266666666666, 26.012], [93.31783333333333, 26.012], [93.31783333333333, 26.01725], [93.31266666666666, 26.01725]]]}, "properties": {"class_value": 1, "class_name": "Stable"}}, {"type": "Feature", "geometry": {"type": "Polygon", "coordinates": [[[93.323, 26.01725], [93.323, 26.012], [93.32816666666666, 26.012], [93.32816666666666, 26.01725], [93.323, 26.01725]]]}, "properties": {"class_value": 1, "class_name": "Stable"}}, {"type": "Feature", "geometry": {"type": "Polygon", "coordinates": [[[93.82416666666667, 26.01725], [93.82416666666667, 26.012], [93.82933333333332, 26.012], [93.82933333333332, 26.01725], [93.82416666666667, 26.01725]]]}, "properties": {"class_value": 1, "class_name": "Stable"}}, {"type": "Feature", "geometry": {"type": "Polygon", "coordinates": [[[93.4935, 26.01725], [93.4935, 26.00675], [93.49866666666667, 26.00675], [93.49866666666667, 26.01725], [93.4935, 26.01725]]]}, "properties": {"class_value": 1, "class_name": "Stable"}}, {"type": "Feature", "geometry": {"type": "Polygon", "coordinates": [[[92.83216666666667, 26.012], [92.83216666666667, 26.00675], [92.83733333333333, 26.00675], [92.83733333333333, 26.012], [92.83216666666667, 26.012]]]}, "properties": {"class_value": 2, "class_name": "Degrading"}}, {"type": "Feature", "geometry": {"type": "Polygon", "coordinates": [[[92.92, 26.012], [92.92, 26.00675], [92.92516666666667, 26.00675], [92.92516666666667, 26.012], [92.92, 26.012]]]}, "properties": {"class_value": 1, "class_name": "Stable"}}, {"type": "Feature", "geometry": {"type": "Polygon", "coordinates": [[[92.9665, 26.012], [92.9665, 26.00675], [92.97166666666666, 26.00675], [92.97166666666666, 26.012], [92.9665, 26.012]]]}, "properties": {"class_value": 1, "class_name": "Stable"}}, {"type": "Feature", "geometry": {"type": "Polygon", "coordinates": [[[93.27133333333333, 26.012], [93.27133333333333, 26.00675], [93.28166666666667, 26.00675], [93.28166666666667, 26.012], [93.27133333333333, 26.012]]]}, "properties": {"class_value": 1, "class_name": "Stable"}}, {"type": "Feature", "geometry": {"type": "Polygon", "coordinates": [[[93.42116666666666, 26.012], [93.42116666666666, 26.00675], [93.42633333333333, 26.00675], [93.42633333333333, 26.012], [93.42116666666666, 26.012]]]}, "properties": {"class_value": 1, "class_name": "Stable"}}, {"type": "Feature", "geometry": {"type": "Polygon", "coordinates": [[[93.4315, 26.012], [93.4315, 26.00675], [93.43666666666667, 26.00675], [93.43666666666667, 26.012], [93.4315, 26.012]]]}, "properties": {"class_value": 1, "class_name": "Stable"}}, {"type": "Feature", "geometry": {"type": "Polygon", "coordinates": [[[93.46249999999999, 26.012], [93.46249999999999, 26.00675], [93.46766666666666, 26.00675], [93.46766666666666, 26.012], [93.46249999999999, 26.012]]]}, "properties": {"class_value": 1, "class_name": "Stable"}}, {"type": "Feature", "geometry": {"type": "Polygon", "coordinates": [[[93.5245, 26.012], [93.5245, 26.00675], [93.52966666666666, 26.00675], [93.52966666666666, 26.012], [93.5245, 26.012]]]}, "properties": {"class_value": 1, "class_name": "Stable"}}, {"type": "Feature", "geometry": {"type": "Polygon", "coordinates": [[[93.5555, 26.012], [93.5555, 26.00675], [93.56066666666666, 26.00675], [93.56066666666666, 26.012], [93.5555, 26.012]]]}, "properties": {"class_value": 1, "class_name": "Stable"}}, {"type": "Feature", "geometry": {"type": "Polygon", "coordinates": [[[93.58133333333333, 26.012], [93.58133333333333, 26.00675], [93.5865, 26.00675], [93.5865, 26.012], [93.58133333333333, 26.012]]]}, "properties": {"class_value": 1, "class_name": "Stable"}}, {"type": "Feature", "geometry": {"type": "Polygon", "coordinates": [[[93.59683333333334, 26.012], [93.59683333333334, 26.00675], [93.602, 26.00675], [93.602, 26.012], [93.59683333333334, 26.012]]]}, "properties": {"class_value": 1, "class_name": "Stable"}}, {"type": "Feature", "geometry": {"type": "Polygon", "coordinates": [[[93.72083333333333, 26.012], [93.72083333333333, 26.00675], [93.726, 26.00675], [93.726, 26.012], [93.72083333333333, 26.012]]]}, "properties": {"class_value": 2, "class_name": "Degrading"}}, {"type": "Feature", "geometry": {"type": "Polygon", "coordinates": [[[92.84766666666667, 26.012], [92.84766666666667, 26.0015], [92.85283333333334, 26.0015], [92.85283333333334, 26.012], [92.84766666666667, 26.012]]]}, "properties": {"class_value": 1, "class_name": "Stable"}}, {"type": "Feature", "geometry": {"type": "Polygon", "coordinates": [[[92.51183333333333, 26.00675], [92.51183333333333, 26.0015], [92.517, 26.0015], [92.517, 26.00675], [92.51183333333333, 26.00675]]]}, "properties": {"class_value": 1, "class_name": "Stable"}}, {"type": "Feature", "geometry": {"type": "Polygon", "coordinates": [[[92.548, 26.00675], [92.548, 26.0015], [92.55316666666667, 26.0015], [92.55316666666667, 26.00675], [92.548, 26.00675]]]}, "properties": {"class_value": 1, "class_name": "Stable"}}, {"type": "Feature", "geometry": {"type": "Polygon", "coordinates": [[[92.65133333333333, 26.00675], [92.65133333333333, 26.0015], [92.6565, 26.0015], [92.6565, 26.00675], [92.65133333333333, 26.00675]]]}, "properties": {"class_value": 1, "class_name": "Stable"}}, {"type": "Feature", "geometry": {"type": "Polygon", "coordinates": [[[92.81666666666666, 26.00675], [92.81666666666666, 26.0015], [92.82183333333333, 26.0015], [92.82183333333333, 26.00675], [92.81666666666666, 26.00675]]]}, "properties": {"class_value": 1, "class_name": "Stable"}}, {"type": "Feature", "geometry": {"type": "Polygon", "coordinates": [[[93.1215, 26.00675], [93.1215, 26.0015], [93.12666666666667, 26.0015], [93.12666666666667, 26.00675], [93.1215, 26.00675]]]}, "properties": {"class_value": 1, "class_name": "Stable"}}, {"type": "Feature", "geometry": {"type": "Polygon", "coordinates": [[[93.15766666666666, 26.00675], [93.15766666666666, 26.0015], [93.16283333333332, 26.0015], [93.16283333333332, 26.00675], [93.15766666666666, 26.00675]]]}, "properties": {"class_value": 1, "class_name": "Stable"}}, {"type": "Feature", "geometry": {"type": "Polygon", "coordinates": [[[93.31266666666666, 26.00675], [93.31266666666666, 26.0015], [93.31783333333333, 26.0015], [93.31783333333333, 26.00675], [93.31266666666666, 26.00675]]]}, "properties": {"class_value": 1, "class_name": "Stable"}}, {"type": "Feature", "geometry": {"type": "Polygon", "coordinates": [[[93.47283333333333, 26.00675], [93.47283333333333, 26.0015], [93.478, 26.0015], [93.478, 26.00675], [93.47283333333333, 26.00675]]]}, "properties": {"class_value": 1, "class_name": "Stable"}}, {"type": "Feature", "geometry": {"type": "Polygon", "coordinates": [[[93.53483333333332, 26.00675], [93.53483333333332, 26.0015], [93.53999999999999, 26.0015], [93.53999999999999, 26.00675], [93.53483333333332, 26.00675]]]}, "properties": {"class_value": 1, "class_name": "Stable"}}, {"type": "Feature", "geometry": {"type": "Polygon", "coordinates": [[[93.56066666666666, 26.00675], [93.56066666666666, 26.0015], [93.56583333333333, 26.0015], [93.56583333333333, 26.00675], [93.56066666666666, 26.00675]]]}, "properties": {"class_value": 1, "class_name": "Stable"}}, {"type": "Feature", "geometry": {"type": "Polygon", "coordinates": [[[93.62783333333333, 26.00675], [93.62783333333333, 26.0015], [93.633, 26.0015], [93.633, 26.00675], [93.62783333333333, 26.00675]]]}, "properties": {"class_value": 1, "class_name": "Stable"}}, {"type": "Feature", "geometry": {"type": "Polygon", "coordinates": [[[92.49633333333333, 26.0015], [92.49633333333333, 25.99625], [92.5015, 25.99625], [92.5015, 26.0015], [92.49633333333333, 26.0015]]]}, "properties": {"class_value": 1, "class_name": "Stable"}}, {"type": "Feature", "geometry": {"type": "Polygon", "coordinates": [[[92.67716666666666, 26.0015], [92.67716666666666, 25.99625], [92.68233333333333, 25.99625], [92.68233333333333, 26.0015], [92.67716666666666, 26.0015]]]}, "properties": {"class_value": 1, "class_name": "Stable"}}, {"type": "Feature", "geometry": {"type": "Polygon", "coordinates": [[[92.72366666666666, 26.0015], [92.72366666666666, 25.99625], [92.72883333333333, 25.99625], [92.72883333333333, 26.0015], [92.72366666666666, 26.0015]]]}, "properties": {"class_value": 1, "class_name": "Stable"}}, {"type": "Feature", "geometry": {"type": "Polygon", "coordinates": [[[92.80633333333333, 26.0015], [92.80633333333333, 25.99625], [92.8115, 25.99625], [92.8115, 26.0015], [92.80633333333333, 26.0015]]]}, "properties": {"class_value": 1, "class_name": "Stable"}}, {"type": "Feature", "geometry": {"type": "Polygon", "coordinates": [[[93.00266666666667, 26.0015], [93.00266666666667, 25.99625], [93.00783333333334, 25.99625], [93.00783333333334, 26.0015], [93.00266666666667, 26.0015]]]}, "properties": {"class_value": 1, "class_name": "Stable"}}, {"type": "Feature", "geometry": {"type": "Polygon", "coordinates": [[[93.34366666666666, 26.0015], [93.34366666666666, 25.99625], [93.34883333333333, 25.99625], [93.34883333333333, 26.0015], [93.34366666666666, 26.0015]]]}, "properties": {"class_value": 1, "class_name": "Stable"}}, {"type": "Feature", "geometry": {"type": "Polygon", "coordinates": [[[93.416, 26.0015], [93.416, 25.99625], [93.42116666666666, 25.99625], [93.42116666666666, 26.0015], [93.416, 26.0015]]]}, "properties": {"class_value": 1, "class_name": "Stable"}}, {"type": "Feature", "geometry": {"type": "Polygon", "coordinates": [[[93.46766666666666, 26.0015], [93.46766666666666, 25.99625], [93.47283333333333, 25.99625], [93.47283333333333, 26.0015], [93.46766666666666, 26.0015]]]}, "properties": {"class_value": 1, "class_name": "Stable"}}, {"type": "Feature", "geometry": {"type": "Polygon", "coordinates": [[[93.61233333333332, 26.0015], [93.61233333333332, 25.99625], [93.61749999999999, 25.99625], [93.61749999999999, 26.0015], [93.61233333333332, 26.0015]]]}, "properties": {"class_value": 1, "class_name": "Stable"}}, {"type": "Feature", "geometry": {"type": "Polygon", "coordinates": [[[93.84483333333333, 26.0015], [93.84483333333333, 25.99625], [93.85, 25.99625], [93.85, 26.0015], [93.84483333333333, 26.0015]]]}, "properties": {"class_value": 1, "class_name": "Stable"}}, {"type": "Feature", "geometry": {"type": "Polygon", "coordinates": [[[92.3155, 25.99625], [92.3155, 25.991], [92.32066666666667, 25.991], [92.32066666666667, 25.99625], [92.3155, 25.99625]]]}, "properties": {"class_value": 1, "class_name": "Stable"}}, {"type": "Feature", "geometry": {"type": "Polygon", "coordinates": [[[92.46016666666667, 25.99625], [92.46016666666667, 25.991], [92.46533333333333, 25.991], [92.46533333333333, 25.99625], [92.46016666666667, 25.99625]]]}, "properties": {"class_value": 1, "class_name": "Stable"}}, {"type": "Feature", "geometry": {"type": "Polygon", "coordinates": [[[92.55316666666667, 25.99625], [92.55316666666667, 25.991], [92.55833333333334, 25.991], [92.55833333333334, 25.99625], [92.55316666666667, 25.99625]]]}, "properties": {"class_value": 1, "class_name": "Stable"}}, {"type": "Feature", "geometry": {"type": "Polygon", "coordinates": [[[92.92, 25.99625], [92.92, 25.991], [92.93033333333334, 25.991], [92.93033333333334, 25.99625], [92.92, 25.99625]]]}, "properties": {"class_value": 1, "class_name": "Stable"}}, {"type": "Feature", "geometry": {"type": "Polygon", "coordinates": [[[93.0285, 25.99625], [93.0285, 25.991], [93.03366666666666, 25.991], [93.03366666666666, 25.99625], [93.0285, 25.99625]]]}, "properties": {"class_value": 1, "class_name": "Stable"}}, {"type": "Feature", "geometry": {"type": "Polygon", "coordinates": [[[93.08016666666667, 25.99625], [93.08016666666667, 25.991], [93.08533333333332, 25.991], [93.08533333333332, 25.99625], [93.08016666666667, 25.99625]]]}, "properties": {"class_value": 2, "class_name": "Degrading"}}, {"type": "Feature", "geometry": {"type": "Polygon", "coordinates": [[[93.20416666666667, 25.99625], [93.20416666666667, 25.991], [93.20933333333333, 25.991], [93.20933333333333, 25.99625], [93.20416666666667, 25.99625]]]}, "properties": {"class_value": 1, "class_name": "Stable"}}, {"type": "Feature", "geometry": {"type": "Polygon", "coordinates": [[[93.31783333333333, 25.99625], [93.31783333333333, 25.991], [93.323, 25.991], [93.323, 25.99625], [93.31783333333333, 25.99625]]]}, "properties": {"class_value": 1, "class_name": "Stable"}}, {"type": "Feature", "geometry": {"type": "Polygon", "coordinates": [[[93.37983333333334, 25.99625], [93.37983333333334, 25.991], [93.38499999999999, 25.991], [93.38499999999999, 25.99625], [93.37983333333334, 25.99625]]]}, "properties": {"class_value": 1, "class_name": "Stable"}}, {"type": "Feature", "geometry": {"type": "Polygon", "coordinates": [[[93.48833333333333, 25.99625], [93.48833333333333, 25.991], [93.4935, 25.991], [93.4935, 25.99625], [93.48833333333333, 25.99625]]]}, "properties": {"class_value": 1, "class_name": "Stable"}}, {"type": "Feature", "geometry": {"type": "Polygon", "coordinates": [[[93.633, 25.99625], [93.633, 25.991], [93.63816666666666, 25.991], [93.63816666666666, 25.99625], [93.633, 25.99625]]]}, "properties": {"class_value": 2, "class_name": "Degrading"}}, {"type": "Feature", "geometry": {"type": "Polygon", "coordinates": [[[93.68466666666666, 25.99625], [93.68466666666666, 25.991], [93.68983333333333, 25.991], [93.68983333333333, 25.99625], [93.68466666666666, 25.99625]]]}, "properties": {"class_value": 1, "class_name": "Stable"}}, {"type": "Feature", "geometry": {"type": "Polygon", "coordinates": [[[93.83966666666666, 25.99625], [93.83966666666666, 25.991], [93.84483333333333, 25.991], [93.84483333333333, 25.99625], [93.83966666666666, 25.99625]]]}, "properties": {"class_value": 1, "class_name": "Stable"}}, {"type": "Feature", "geometry": {"type": "Polygon", "coordinates": [[[92.32066666666667, 25.991], [92.32066666666667, 25.985750000000003], [92.32583333333334, 25.985750000000003], [92.32583333333334, 25.991], [92.32066666666667, 25.991]]]}, "properties": {"class_value": 1, "class_name": "Stable"}}, {"type": "Feature", "geometry": {"type": "Polygon", "coordinates": [[[92.4705, 25.991], [92.4705, 25.985750000000003], [92.47566666666667, 25.985750000000003], [92.47566666666667, 25.991], [92.4705, 25.991]]]}, "properties": {"class_value": 1, "class_name": "Stable"}}, {"type": "Feature", "geometry": {"type": "Polygon", "coordinates": [[[92.58416666666666, 25.991], [92.58416666666666, 25.985750000000003], [92.58933333333333, 25.985750000000003], [92.58933333333333, 25.991], [92.58416666666666, 25.991]]]}, "properties": {"class_value": 1, "class_name": "Stable"}}, {"type": "Feature", "geometry": {"type": "Polygon", "coordinates": [[[92.8425, 25.991], [92.8425, 25.985750000000003], [92.84766666666667, 25.985750000000003], [92.84766666666667, 25.991], [92.8425, 25.991]]]}, "properties": {"class_value": 1, "class_name": "Stable"}}, {"type": "Feature", "geometry": {"type": "Polygon", "coordinates": [[[92.86316666666666, 25.991], [92.86316666666666, 25.985750000000003], [92.86833333333333, 25.985750000000003], [92.86833333333333, 25.991], [92.86316666666666, 25.991]]]}, "properties": {"class_value": 1, "class_name": "Stable"}}, {"type": "Feature", "geometry": {"type": "Polygon", "coordinates": [[[93.06983333333334, 25.991], [93.06983333333334, 25.985750000000003], [93.075, 25.985750000000003], [93.075, 25.991], [93.06983333333334, 25.991]]]}, "properties": {"class_value": 1, "class_name": "Stable"}}, {"type": "Feature", "geometry": {"type": "Polygon", "coordinates": [[[93.106, 25.991], [93.106, 25.985750000000003], [93.11116666666666, 25.985750000000003], [93.11116666666666, 25.991], [93.106, 25.991]]]}, "properties": {"class_value": 1, "class_name": "Stable"}}, {"type": "Feature", "geometry": {"type": "Polygon", "coordinates": [[[93.20933333333333, 25.991], [93.20933333333333, 25.985750000000003], [93.2145, 25.985750000000003], [93.2145, 25.991], [93.20933333333333, 25.991]]]}, "properties": {"class_value": 2, "class_name": "Degrading"}}, {"type": "Feature", "geometry": {"type": "Polygon", "coordinates": [[[93.23, 25.991], [93.23, 25.985750000000003], [93.23516666666666, 25.985750000000003], [93.23516666666666, 25.991], [93.23, 25.991]]]}, "properties": {"class_value": 1, "class_name": "Stable"}}, {"type": "Feature", "geometry": {"type": "Polygon", "coordinates": [[[93.29716666666667, 25.991], [93.29716666666667, 25.985750000000003], [93.30233333333334, 25.985750000000003], [93.30233333333334, 25.991], [93.29716666666667, 25.991]]]}, "properties": {"class_value": 1, "class_name": "Stable"}}, {"type": "Feature", "geometry": {"type": "Polygon", "coordinates": [[[93.56583333333333, 25.991], [93.56583333333333, 25.985750000000003], [93.571, 25.985750000000003], [93.571, 25.991], [93.56583333333333, 25.991]]]}, "properties": {"class_value": 1, "class_name": "Stable"}}, {"type": "Feature", "geometry": {"type": "Polygon", "coordinates": [[[93.59166666666667, 25.991], [93.59166666666667, 25.985750000000003], [93.59683333333334, 25.985750000000003], [93.59683333333334, 25.991], [93.59166666666667, 25.991]]]}, "properties": {"class_value": 1, "class_name": "Stable"}}, {"type": "Feature", "geometry": {"type": "Polygon", "coordinates": [[[93.70533333333333, 25.991], [93.70533333333333, 25.985750000000003], [93.7105, 25.985750000000003], [93.7105, 25.991], [93.70533333333333, 25.991]]]}, "properties": {"class_value": 1, "class_name": "Stable"}}, {"type": "Feature", "geometry": {"type": "Polygon", "coordinates": [[[93.82416666666667, 25.991], [93.82416666666667, 25.985750000000003], [93.82933333333332, 25.985750000000003], [93.82933333333332, 25.991], [93.82416666666667, 25.991]]]}, "properties": {"class_value": 1, "class_name": "Stable"}}, {"type": "Feature", "geometry": {"type": "Polygon", "coordinates": [[[92.331, 25.985750000000003], [92.331, 25.980500000000003], [92.34133333333332, 25.980500000000003], [92.34133333333332, 25.985750000000003], [92.331, 25.985750000000003]]]}, "properties": {"class_value": 1, "class_name": "Stable"}}, {"type": "Feature", "geometry": {"type": "Polygon", "coordinates": [[[92.5325, 25.985750000000003], [92.5325, 25.980500000000003], [92.53766666666667, 25.980500000000003], [92.53766666666667, 25.985750000000003], [92.5325, 25.985750000000003]]]}, "properties": {"class_value": 1, "class_name": "Stable"}}, {"type": "Feature", "geometry": {"type": "Polygon", "coordinates": [[[92.72883333333333, 25.985750000000003], [92.72883333333333, 25.980500000000003], [92.734, 25.980500000000003], [92.734, 25.985750000000003], [92.72883333333333, 25.985750000000003]]]}, "properties": {"class_value": 1, "class_name": "Stable"}}, {"type": "Feature", "geometry": {"type": "Polygon", "coordinates": [[[92.80633333333333, 25.985750000000003], [92.80633333333333, 25.980500000000003], [92.8115, 25.980500000000003], [92.8115, 25.985750000000003], [92.80633333333333, 25.985750000000003]]]}, "properties": {"class_value": 1, "class_name": "Stable"}}, {"type": "Feature", "geometry": {"type": "Polygon", "coordinates": [[[93.1215, 25.985750000000003], [93.1215, 25.980500000000003], [93.12666666666667, 25.980500000000003], [93.12666666666667, 25.985750000000003], [93.1215, 25.985750000000003]]]}, "properties": {"class_value": 1, "class_name": "Stable"}}, {"type": "Feature", "geometry": {"type": "Polygon", "coordinates": [[[93.19383333333333, 25.985750000000003], [93.19383333333333, 25.980500000000003], [93.199, 25.980500000000003], [93.199, 25.985750000000003], [93.19383333333333, 25.985750000000003]]]}, "properties": {"class_value": 1, "class_name": "Stable"}}, {"type": "Feature", "geometry": {"type": "Polygon", "coordinates": [[[93.30749999999999, 25.985750000000003], [93.30749999999999, 25.980500000000003], [93.31266666666666, 25.980500000000003], [93.31266666666666, 25.985750000000003], [93.30749999999999, 25.985750000000003]]]}, "properties": {"class_value": 1, "class_name": "Stable"}}, {"type": "Feature", "geometry": {"type": "Polygon", "coordinates": [[[93.3385, 25.985750000000003], [93.3385, 25.980500000000003], [93.34366666666666, 25.980500000000003], [93.34366666666666, 25.985750000000003], [93.3385, 25.985750000000003]]]}, "properties": {"class_value": 1, "class_name": "Stable"}}, {"type": "Feature", "geometry": {"type": "Polygon", "coordinates": [[[93.35916666666667, 25.985750000000003], [93.35916666666667, 25.980500000000003], [93.36433333333333, 25.980500000000003], [93.36433333333333, 25.985750000000003], [93.35916666666667, 25.985750000000003]]]}, "properties": {"class_value": 1, "class_name": "Stable"}}, {"type": "Feature", "geometry": {"type": "Polygon", "coordinates": [[[93.37466666666667, 25.985750000000003], [93.37466666666667, 25.980500000000003], [93.37983333333334, 25.980500000000003], [93.37983333333334, 25.985750000000003], [93.37466666666667, 25.985750000000003]]]}, "properties": {"class_value": 2, "class_name": "Degrading"}}, {"type": "Feature", "geometry": {"type": "Polygon", "coordinates": [[[93.62783333333333, 25.985750000000003], [93.62783333333333, 25.980500000000003], [93.633, 25.980500000000003], [93.633, 25.985750000000003], [93.62783333333333, 25.985750000000003]]]}, "properties": {"class_value": 1, "class_name": "Stable"}}, {"type": "Feature", "geometry": {"type": "Polygon", "coordinates": [[[93.83966666666666, 25.985750000000003], [93.83966666666666, 25.980500000000003], [93.84483333333333, 25.980500000000003], [93.84483333333333, 25.985750000000003], [93.83966666666666, 25.985750000000003]]]}, "properties": {"class_value": 1, "class_name": "Stable"}}, {"type": "Feature", "geometry": {"type": "Polygon", "coordinates": [[[92.88383333333333, 25.985750000000003], [92.88383333333333, 25.975250000000003], [92.889, 25.975250000000003], [92.889, 25.985750000000003], [92.88383333333333, 25.985750000000003]]]}, "properties": {"class_value": 1, "class_name": "Stable"}}, {"type": "Feature", "geometry": {"type": "Polygon", "coordinates": [[[93.726, 25.985750000000003], [93.726, 25.975250000000003], [93.73116666666667, 25.975250000000003], [93.73116666666667, 25.985750000000003], [93.726, 25.985750000000003]]]}, "properties": {"class_value": 1, "class_name": "Stable"}}, {"type": "Feature", "geometry": {"type": "Polygon", "coordinates": [[[92.4085, 25.980500000000003], [92.4085, 25.975250000000003], [92.41366666666666, 25.975250000000003], [92.41366666666666, 25.980500000000003], [92.4085, 25.980500000000003]]]}, "properties": {"class_value": 1, "class_name": "Stable"}}, {"type": "Feature", "geometry": {"type": "Polygon", "coordinates": [[[92.486, 25.980500000000003], [92.486, 25.975250000000003], [92.49116666666666, 25.975250000000003], [92.49116666666666, 25.980500000000003], [92.486, 25.980500000000003]]]}, "properties": {"class_value": 1, "class_name": "Stable"}}, {"type": "Feature", "geometry": {"type": "Polygon", "coordinates": [[[92.52733333333333, 25.980500000000003], [92.52733333333333, 25.975250000000003], [92.5325, 25.975250000000003], [92.5325, 25.980500000000003], [92.52733333333333, 25.980500000000003]]]}, "properties": {"class_value": 1, "class_name": "Stable"}}, {"type": "Feature", "geometry": {"type": "Polygon", "coordinates": [[[92.55316666666667, 25.980500000000003], [92.55316666666667, 25.975250000000003], [92.55833333333334, 25.975250000000003], [92.55833333333334, 25.980500000000003], [92.55316666666667, 25.980500000000003]]]}, "properties": {"class_value": 1, "class_name": "Stable"}}, {"type": "Feature", "geometry": {"type": "Polygon", "coordinates": [[[92.579, 25.980500000000003], [92.579, 25.975250000000003], [92.58416666666666, 25.975250000000003], [92.58416666666666, 25.980500000000003], [92.579, 25.980500000000003]]]}, "properties": {"class_value": 1, "class_name": "Stable"}}, {"type": "Feature", "geometry": {"type": "Polygon", "coordinates": [[[92.734, 25.980500000000003], [92.734, 25.975250000000003], [92.73916666666666, 25.975250000000003], [92.73916666666666, 25.980500000000003], [92.734, 25.980500000000003]]]}, "properties": {"class_value": 4, "class_name": "Cyclic"}}, {"type": "Feature", "geometry": {"type": "Polygon", "coordinates": [[[93.044, 25.980500000000003], [93.044, 25.975250000000003], [93.05433333333333, 25.975250000000003], [93.05433333333333, 25.980500000000003], [93.044, 25.980500000000003]]]}, "properties": {"class_value": 1, "class_name": "Stable"}}, {"type": "Feature", "geometry": {"type": "Polygon", "coordinates": [[[93.09049999999999, 25.980500000000003], [93.09049999999999, 25.975250000000003], [93.09566666666666, 25.975250000000003], [93.09566666666666, 25.980500000000003], [93.09049999999999, 25.980500000000003]]]}, "properties": {"class_value": 1, "class_name": "Stable"}}, {"type": "Feature", "geometry": {"type": "Polygon", "coordinates": [[[93.28683333333333, 25.980500000000003], [93.28683333333333, 25.975250000000003], [93.292, 25.975250000000003], [93.292, 25.980500000000003], [93.28683333333333, 25.980500000000003]]]}, "properties": {"class_value": 1, "class_name": "Stable"}}, {"type": "Feature", "geometry": {"type": "Polygon", "coordinates": [[[93.31266666666666, 25.980500000000003], [93.31266666666666, 25.975250000000003], [93.31783333333333, 25.975250000000003], [93.31783333333333, 25.980500000000003], [93.31266666666666, 25.980500000000003]]]}, "properties": {"class_value": 1, "class_name": "Stable"}}, {"type": "Feature", "geometry": {"type": "Polygon", "coordinates": [[[93.43666666666667, 25.980500000000003], [93.43666666666667, 25.975250000000003], [93.44183333333334, 25.975250000000003], [93.44183333333334, 25.980500000000003], [93.43666666666667, 25.980500000000003]]]}, "properties": {"class_value": 1, "class_name": "Stable"}}, {"type": "Feature", "geometry": {"type": "Polygon", "coordinates": [[[93.4935, 25.980500000000003], [93.4935, 25.975250000000003], [93.49866666666667, 25.975250000000003], [93.49866666666667, 25.980500000000003], [93.4935, 25.980500000000003]]]}, "properties": {"class_value": 1, "class_name": "Stable"}}, {"type": "Feature", "geometry": {"type": "Polygon", "coordinates": [[[93.61233333333332, 25.980500000000003], [93.61233333333332, 25.975250000000003], [93.61749999999999, 25.975250000000003], [93.61749999999999, 25.980500000000003], [93.61233333333332, 25.980500000000003]]]}, "properties": {"class_value": 2, "class_name": "Degrading"}}, {"type": "Feature", "geometry": {"type": "Polygon", "coordinates": [[[92.3775, 25.975250000000003], [92.3775, 25.970000000000002], [92.38266666666667, 25.970000000000002], [92.38266666666667, 25.975250000000003], [92.3775, 25.975250000000003]]]}, "properties": {"class_value": 1, "class_name": "Stable"}}, {"type": "Feature", "geometry": {"type": "Polygon", "coordinates": [[[92.4395, 25.975250000000003], [92.4395, 25.970000000000002], [92.44466666666666, 25.970000000000002], [92.44466666666666, 25.975250000000003], [92.4395, 25.975250000000003]]]}, "properties": {"class_value": 1, "class_name": "Stable"}}, {"type": "Feature", "geometry": {"type": "Polygon", "coordinates": [[[92.5325, 25.975250000000003], [92.5325, 25.970000000000002], [92.53766666666667, 25.970000000000002], [92.53766666666667, 25.975250000000003], [92.5325, 25.975250000000003]]]}, "properties": {"class_value": 5, "class_name": "Uncertain / Other"}}, {"type": "Feature", "geometry": {"type": "Polygon", "coordinates": [[[92.61, 25.975250000000003], [92.61, 25.970000000000002], [92.61516666666667, 25.970000000000002], [92.61516666666667, 25.975250000000003], [92.61, 25.975250000000003]]]}, "properties": {"class_value": 1, "class_name": "Stable"}}, {"type": "Feature", "geometry": {"type": "Polygon", "coordinates": [[[92.82183333333333, 25.975250000000003], [92.82183333333333, 25.970000000000002], [92.827, 25.970000000000002], [92.827, 25.975250000000003], [92.82183333333333, 25.975250000000003]]]}, "properties": {"class_value": 1, "class_name": "Stable"}}, {"type": "Feature", "geometry": {"type": "Polygon", "coordinates": [[[92.86833333333333, 25.975250000000003], [92.86833333333333, 25.970000000000002], [92.87349999999999, 25.970000000000002], [92.87349999999999, 25.975250000000003], [92.86833333333333, 25.975250000000003]]]}, "properties": {"class_value": 1, "class_name": "Stable"}}, {"type": "Feature", "geometry": {"type": "Polygon", "coordinates": [[[93.02333333333333, 25.975250000000003], [93.02333333333333, 25.970000000000002], [93.0285, 25.970000000000002], [93.0285, 25.975250000000003], [93.02333333333333, 25.975250000000003]]]}, "properties": {"class_value": 1, "class_name": "Stable"}}, {"type": "Feature", "geometry": {"type": "Polygon", "coordinates": [[[93.0285, 25.975250000000003], [93.0285, 25.970000000000002], [93.03366666666666, 25.970000000000002], [93.03366666666666, 25.975250000000003], [93.0285, 25.975250000000003]]]}, "properties": {"class_value": 2, "class_name": "Degrading"}}, {"type": "Feature", "geometry": {"type": "Polygon", "coordinates": [[[93.16283333333332, 25.975250000000003], [93.16283333333332, 25.970000000000002], [93.16799999999999, 25.970000000000002], [93.16799999999999, 25.975250000000003], [93.16283333333332, 25.975250000000003]]]}, "properties": {"class_value": 1, "class_name": "Stable"}}, {"type": "Feature", "geometry": {"type": "Polygon", "coordinates": [[[93.19383333333333, 25.975250000000003], [93.19383333333333, 25.970000000000002], [93.199, 25.970000000000002], [93.199, 25.975250000000003], [93.19383333333333, 25.975250000000003]]]}, "properties": {"class_value": 1, "class_name": "Stable"}}, {"type": "Feature", "geometry": {"type": "Polygon", "coordinates": [[[93.2765, 25.975250000000003], [93.2765, 25.970000000000002], [93.28166666666667, 25.970000000000002], [93.28166666666667, 25.975250000000003], [93.2765, 25.975250000000003]]]}, "properties": {"class_value": 1, "class_name": "Stable"}}, {"type": "Feature", "geometry": {"type": "Polygon", "coordinates": [[[93.29716666666667, 25.975250000000003], [93.29716666666667, 25.970000000000002], [93.30233333333334, 25.970000000000002], [93.30233333333334, 25.975250000000003], [93.29716666666667, 25.975250000000003]]]}, "properties": {"class_value": 1, "class_name": "Stable"}}, {"type": "Feature", "geometry": {"type": "Polygon", "coordinates": [[[93.7105, 25.975250000000003], [93.7105, 25.970000000000002], [93.71566666666666, 25.970000000000002], [93.71566666666666, 25.975250000000003], [93.7105, 25.975250000000003]]]}, "properties": {"class_value": 4, "class_name": "Cyclic"}}, {"type": "Feature", "geometry": {"type": "Polygon", "coordinates": [[[93.323, 25.975250000000003], [93.323, 25.964750000000002], [93.32816666666666, 25.964750000000002], [93.32816666666666, 25.975250000000003], [93.323, 25.975250000000003]]]}, "properties": {"class_value": 1, "class_name": "Stable"}}, {"type": "Feature", "geometry": {"type": "Polygon", "coordinates": [[[92.55316666666667, 25.970000000000002], [92.55316666666667, 25.964750000000002], [92.55833333333334, 25.964750000000002], [92.55833333333334, 25.970000000000002], [92.55316666666667, 25.970000000000002]]]}, "properties": {"class_value": 1, "class_name": "Stable"}}, {"type": "Feature", "geometry": {"type": "Polygon", "coordinates": [[[92.63066666666667, 25.970000000000002], [92.63066666666667, 25.964750000000002], [92.63583333333332, 25.964750000000002], [92.63583333333332, 25.970000000000002], [92.63066666666667, 25.970000000000002]]]}, "properties": {"class_value": 1, "class_name": "Stable"}}, {"type": "Feature", "geometry": {"type": "Polygon", "coordinates": [[[92.6875, 25.970000000000002], [92.6875, 25.964750000000002], [92.69266666666667, 25.964750000000002], [92.69266666666667, 25.970000000000002], [92.6875, 25.970000000000002]]]}, "properties": {"class_value": 1, "class_name": "Stable"}}, {"type": "Feature", "geometry": {"type": "Polygon", "coordinates": [[[92.75466666666667, 25.970000000000002], [92.75466666666667, 25.964750000000002], [92.75983333333333, 25.964750000000002], [92.75983333333333, 25.970000000000002], [92.75466666666667, 25.970000000000002]]]}, "properties": {"class_value": 1, "class_name": "Stable"}}, {"type": "Feature", "geometry": {"type": "Polygon", "coordinates": [[[92.96133333333333, 25.970000000000002], [92.96133333333333, 25.964750000000002], [92.9665, 25.964750000000002], [92.9665, 25.970000000000002], [92.96133333333333, 25.970000000000002]]]}, "properties": {"class_value": 1, "class_name": "Stable"}}, {"type": "Feature", "geometry": {"type": "Polygon", "coordinates": [[[92.98716666666667, 25.970000000000002], [92.98716666666667, 25.964750000000002], [92.99233333333333, 25.964750000000002], [92.99233333333333, 25.970000000000002], [92.98716666666667, 25.970000000000002]]]}, "properties": {"class_value": 1, "class_name": "Stable"}}, {"type": "Feature", "geometry": {"type": "Polygon", "coordinates": [[[93.04916666666666, 25.970000000000002], [93.04916666666666, 25.964750000000002], [93.05433333333333, 25.964750000000002], [93.05433333333333, 25.970000000000002], [93.04916666666666, 25.970000000000002]]]}, "properties": {"class_value": 1, "class_name": "Stable"}}, {"type": "Feature", "geometry": {"type": "Polygon", "coordinates": [[[93.08533333333332, 25.970000000000002], [93.08533333333332, 25.964750000000002], [93.09049999999999, 25.964750000000002], [93.09049999999999, 25.970000000000002], [93.08533333333332, 25.970000000000002]]]}, "properties": {"class_value": 1, "class_name": "Stable"}}, {"type": "Feature", "geometry": {"type": "Polygon", "coordinates": [[[93.25583333333333, 25.970000000000002], [93.25583333333333, 25.964750000000002], [93.261, 25.964750000000002], [93.261, 25.970000000000002], [93.25583333333333, 25.970000000000002]]]}, "properties": {"class_value": 1, "class_name": "Stable"}}, {"type": "Feature", "geometry": {"type": "Polygon", "coordinates": [[[93.37983333333334, 25.970000000000002], [93.37983333333334, 25.964750000000002], [93.38499999999999, 25.964750000000002], [93.38499999999999, 25.970000000000002], [93.37983333333334, 25.970000000000002]]]}, "properties": {"class_value": 1, "class_name": "Stable"}}, {"type": "Feature", "geometry": {"type": "Polygon", "coordinates": [[[93.61233333333332, 25.970000000000002], [93.61233333333332, 25.964750000000002], [93.61749999999999, 25.964750000000002], [93.61749999999999, 25.970000000000002], [93.61233333333332, 25.970000000000002]]]}, "properties": {"class_value": 1, "class_name": "Stable"}}, {"type": "Feature", "geometry": {"type": "Polygon", "coordinates": [[[93.79316666666666, 25.970000000000002], [93.79316666666666, 25.964750000000002], [93.79833333333333, 25.964750000000002], [93.79833333333333, 25.970000000000002], [93.79316666666666, 25.970000000000002]]]}, "properties": {"class_value": 1, "class_name": "Stable"}}, {"type": "Feature", "geometry": {"type": "Polygon", "coordinates": [[[93.8035, 25.970000000000002], [93.8035, 25.964750000000002], [93.80866666666667, 25.964750000000002], [93.80866666666667, 25.970000000000002], [93.8035, 25.970000000000002]]]}, "properties": {"class_value": 1, "class_name": "Stable"}}, {"type": "Feature", "geometry": {"type": "Polygon", "coordinates": [[[93.82933333333332, 25.970000000000002], [93.82933333333332, 25.964750000000002], [93.83449999999999, 25.964750000000002], [93.83449999999999, 25.970000000000002], [93.82933333333332, 25.970000000000002]]]}, "properties": {"class_value": 1, "class_name": "Stable"}}, {"type": "Feature", "geometry": {"type": "Polygon", "coordinates": [[[92.32583333333334, 25.964750000000002], [92.32583333333334, 25.959500000000002], [92.331, 25.959500000000002], [92.331, 25.964750000000002], [92.32583333333334, 25.964750000000002]]]}, "properties": {"class_value": 1, "class_name": "Stable"}}, {"type": "Feature", "geometry": {"type": "Polygon", "coordinates": [[[92.3775, 25.964750000000002], [92.3775, 25.959500000000002], [92.38266666666667, 25.959500000000002], [92.38266666666667, 25.964750000000002], [92.3775, 25.964750000000002]]]}, "properties": {"class_value": 1, "class_name": "Stable"}}, {"type": "Feature", "geometry": {"type": "Polygon", "coordinates": [[[92.44466666666666, 25.964750000000002], [92.44466666666666, 25.959500000000002], [92.44983333333333, 25.959500000000002], [92.44983333333333, 25.964750000000002], [92.44466666666666, 25.964750000000002]]]}, "properties": {"class_value": 1, "class_name": "Stable"}}, {"type": "Feature", "geometry": {"type": "Polygon", "coordinates": [[[92.6255, 25.964750000000002], [92.6255, 25.959500000000002], [92.63066666666667, 25.959500000000002], [92.63066666666667, 25.964750000000002], [92.6255, 25.964750000000002]]]}, "properties": {"class_value": 1, "class_name": "Stable"}}, {"type": "Feature", "geometry": {"type": "Polygon", "coordinates": [[[92.65133333333333, 25.964750000000002], [92.65133333333333, 25.959500000000002], [92.6565, 25.959500000000002], [92.6565, 25.964750000000002], [92.65133333333333, 25.964750000000002]]]}, "properties": {"class_value": 2, "class_name": "Degrading"}}, {"type": "Feature", "geometry": {"type": "Polygon", "coordinates": [[[92.765, 25.964750000000002], [92.765, 25.959500000000002], [92.77016666666667, 25.959500000000002], [92.77016666666667, 25.964750000000002], [92.765, 25.964750000000002]]]}, "properties": {"class_value": 1, "class_name": "Stable"}}, {"type": "Feature", "geometry": {"type": "Polygon", "coordinates": [[[92.94066666666666, 25.964750000000002], [92.94066666666666, 25.959500000000002], [92.94583333333333, 25.959500000000002], [92.94583333333333, 25.964750000000002], [92.94066666666666, 25.964750000000002]]]}, "properties": {"class_value": 1, "class_name": "Stable"}}, {"type": "Feature", "geometry": {"type": "Polygon", "coordinates": [[[93.075, 25.964750000000002], [93.075, 25.959500000000002], [93.08016666666667, 25.959500000000002], [93.08016666666667, 25.964750000000002], [93.075, 25.964750000000002]]]}, "properties": {"class_value": 1, "class_name": "Stable"}}, {"type": "Feature", "geometry": {"type": "Polygon", "coordinates": [[[93.2145, 25.964750000000002], [93.2145, 25.959500000000002], [93.21966666666667, 25.959500000000002], [93.21966666666667, 25.964750000000002], [93.2145, 25.964750000000002]]]}, "properties": {"class_value": 1, "class_name": "Stable"}}, {"type": "Feature", "geometry": {"type": "Polygon", "coordinates": [[[93.33333333333333, 25.964750000000002], [93.33333333333333, 25.959500000000002], [93.3385, 25.959500000000002], [93.3385, 25.964750000000002], [93.33333333333333, 25.964750000000002]]]}, "properties": {"class_value": 1, "class_name": "Stable"}}, {"type": "Feature", "geometry": {"type": "Polygon", "coordinates": [[[93.39533333333333, 25.964750000000002], [93.39533333333333, 25.959500000000002], [93.4005, 25.959500000000002], [93.4005, 25.964750000000002], [93.39533333333333, 25.964750000000002]]]}, "properties": {"class_value": 1, "class_name": "Stable"}}, {"type": "Feature", "geometry": {"type": "Polygon", "coordinates": [[[93.52966666666666, 25.964750000000002], [93.52966666666666, 25.959500000000002], [93.53483333333332, 25.959500000000002], [93.53483333333332, 25.964750000000002], [93.52966666666666, 25.964750000000002]]]}, "properties": {"class_value": 1, "class_name": "Stable"}}, {"type": "Feature", "geometry": {"type": "Polygon", "coordinates": [[[93.58133333333333, 25.964750000000002], [93.58133333333333, 25.959500000000002], [93.5865, 25.959500000000002], [93.5865, 25.964750000000002], [93.58133333333333, 25.964750000000002]]]}, "properties": {"class_value": 1, "class_name": "Stable"}}, {"type": "Feature", "geometry": {"type": "Polygon", "coordinates": [[[93.68466666666666, 25.964750000000002], [93.68466666666666, 25.959500000000002], [93.695, 25.959500000000002], [93.695, 25.964750000000002], [93.68466666666666, 25.964750000000002]]]}, "properties": {"class_value": 1, "class_name": "Stable"}}, {"type": "Feature", "geometry": {"type": "Polygon", "coordinates": [[[93.75699999999999, 25.964750000000002], [93.75699999999999, 25.959500000000002], [93.76216666666666, 25.959500000000002], [93.76216666666666, 25.964750000000002], [93.75699999999999, 25.964750000000002]]]}, "properties": {"class_value": 1, "class_name": "Stable"}}, {"type": "Feature", "geometry": {"type": "Polygon", "coordinates": [[[92.33616666666667, 25.959500000000002], [92.33616666666667, 25.954250000000002], [92.34133333333332, 25.954250000000002], [92.34133333333332, 25.959500000000002], [92.33616666666667, 25.959500000000002]]]}, "properties": {"class_value": 1, "class_name": "Stable"}}, {"type": "Feature", "geometry": {"type": "Polygon", "coordinates": [[[92.41366666666666, 25.959500000000002], [92.41366666666666, 25.954250000000002], [92.41883333333332, 25.954250000000002], [92.41883333333332, 25.959500000000002], [92.41366666666666, 25.959500000000002]]]}, "properties": {"class_value": 1, "class_name": "Stable"}}, {"type": "Feature", "geometry": {"type": "Polygon", "coordinates": [[[92.52216666666666, 25.959500000000002], [92.52216666666666, 25.954250000000002], [92.52733333333333, 25.954250000000002], [92.52733333333333, 25.959500000000002], [92.52216666666666, 25.959500000000002]]]}, "properties": {"class_value": 1, "class_name": "Stable"}}, {"type": "Feature", "geometry": {"type": "Polygon", "coordinates": [[[92.54283333333333, 25.959500000000002], [92.54283333333333, 25.954250000000002], [92.548, 25.954250000000002], [92.548, 25.959500000000002], [92.54283333333333, 25.959500000000002]]]}, "properties": {"class_value": 1, "class_name": "Stable"}}, {"type": "Feature", "geometry": {"type": "Polygon", "coordinates": [[[92.64099999999999, 25.959500000000002], [92.64099999999999, 25.954250000000002], [92.64616666666666, 25.954250000000002], [92.64616666666666, 25.959500000000002], [92.64099999999999, 25.959500000000002]]]}, "properties": {"class_value": 1, "class_name": "Stable"}}, {"type": "Feature", "geometry": {"type": "Polygon", "coordinates": [[[92.71333333333332, 25.959500000000002], [92.71333333333332, 25.954250000000002], [92.71849999999999, 25.954250000000002], [92.71849999999999, 25.959500000000002], [92.71333333333332, 25.959500000000002]]]}, "properties": {"class_value": 1, "class_name": "Stable"}}, {"type": "Feature", "geometry": {"type": "Polygon", "coordinates": [[[93.35916666666667, 25.959500000000002], [93.35916666666667, 25.954250000000002], [93.36433333333333, 25.954250000000002], [93.36433333333333, 25.959500000000002], [93.35916666666667, 25.959500000000002]]]}, "properties": {"class_value": 1, "class_name": "Stable"}}, {"type": "Feature", "geometry": {"type": "Polygon", "coordinates": [[[93.7725, 25.959500000000002], [93.7725, 25.954250000000002], [93.77766666666666, 25.954250000000002], [93.77766666666666, 25.959500000000002], [93.7725, 25.959500000000002]]]}, "properties": {"class_value": 2, "class_name": "Degrading"}}, {"type": "Feature", "geometry": {"type": "Polygon", "coordinates": [[[93.81383333333333, 25.959500000000002], [93.81383333333333, 25.954250000000002], [93.819, 25.954250000000002], [93.819, 25.959500000000002], [93.81383333333333, 25.959500000000002]]]}, "properties": {"class_value": 1, "class_name": "Stable"}}, {"type": "Feature", "geometry": {"type": "Polygon", "coordinates": [[[92.49116666666666, 25.954250000000002], [92.49116666666666, 25.949], [92.49633333333333, 25.949], [92.49633333333333, 25.954250000000002], [92.49116666666666, 25.954250000000002]]]}, "properties": {"class_value": 1, "class_name": "Stable"}}, {"type": "Feature", "geometry": {"type": "Polygon", "coordinates": [[[92.58933333333333, 25.954250000000002], [92.58933333333333, 25.949], [92.5945, 25.949], [92.5945, 25.954250000000002], [92.58933333333333, 25.954250000000002]]]}, "properties": {"class_value": 1, "class_name": "Stable"}}, {"type": "Feature", "geometry": {"type": "Polygon", "coordinates": [[[92.68233333333333, 25.954250000000002], [92.68233333333333, 25.949], [92.6875, 25.949], [92.6875, 25.954250000000002], [92.68233333333333, 25.954250000000002]]]}, "properties": {"class_value": 1, "class_name": "Stable"}}, {"type": "Feature", "geometry": {"type": "Polygon", "coordinates": [[[92.827, 25.954250000000002], [92.827, 25.949], [92.83216666666667, 25.949], [92.83216666666667, 25.954250000000002], [92.827, 25.954250000000002]]]}, "properties": {"class_value": 1, "class_name": "Stable"}}, {"type": "Feature", "geometry": {"type": "Polygon", "coordinates": [[[93.16283333333332, 25.954250000000002], [93.16283333333332, 25.949], [93.16799999999999, 25.949], [93.16799999999999, 25.954250000000002], [93.16283333333332, 25.954250000000002]]]}, "properties": {"class_value": 1, "class_name": "Stable"}}, {"type": "Feature", "geometry": {"type": "Polygon", "coordinates": [[[93.323, 25.954250000000002], [93.323, 25.949], [93.32816666666666, 25.949], [93.32816666666666, 25.954250000000002], [93.323, 25.954250000000002]]]}, "properties": {"class_value": 1, "class_name": "Stable"}}, {"type": "Feature", "geometry": {"type": "Polygon", "coordinates": [[[93.39016666666666, 25.954250000000002], [93.39016666666666, 25.949], [93.39533333333333, 25.949], [93.39533333333333, 25.954250000000002], [93.39016666666666, 25.954250000000002]]]}, "properties": {"class_value": 1, "class_name": "Stable"}}, {"type": "Feature", "geometry": {"type": "Polygon", "coordinates": [[[93.51416666666667, 25.954250000000002], [93.51416666666667, 25.949], [93.51933333333334, 25.949], [93.51933333333334, 25.954250000000002], [93.51416666666667, 25.954250000000002]]]}, "properties": {"class_value": 1, "class_name": "Stable"}}, {"type": "Feature", "geometry": {"type": "Polygon", "coordinates": [[[93.82416666666667, 25.954250000000002], [93.82416666666667, 25.949], [93.82933333333332, 25.949], [93.82933333333332, 25.954250000000002], [93.82416666666667, 25.954250000000002]]]}, "properties": {"class_value": 1, "class_name": "Stable"}}, {"type": "Feature", "geometry": {"type": "Polygon", "coordinates": [[[92.31033333333333, 25.949], [92.31033333333333, 25.94375], [92.32066666666667, 25.94375], [92.32066666666667, 25.949], [92.31033333333333, 25.949]]]}, "properties": {"class_value": 1, "class_name": "Stable"}}, {"type": "Feature", "geometry": {"type": "Polygon", "coordinates": [[[92.40333333333334, 25.949], [92.40333333333334, 25.94375], [92.4085, 25.94375], [92.4085, 25.949], [92.40333333333334, 25.949]]]}, "properties": {"class_value": 1, "class_name": "Stable"}}, {"type": "Feature", "geometry": {"type": "Polygon", "coordinates": [[[92.41883333333332, 25.949], [92.41883333333332, 25.94375], [92.42399999999999, 25.94375], [92.42399999999999, 25.949], [92.41883333333332, 25.949]]]}, "properties": {"class_value": 1, "class_name": "Stable"}}, {"type": "Feature", "geometry": {"type": "Polygon", "coordinates": [[[92.53766666666667, 25.949], [92.53766666666667, 25.94375], [92.54283333333333, 25.94375], [92.54283333333333, 25.949], [92.53766666666667, 25.949]]]}, "properties": {"class_value": 1, "class_name": "Stable"}}, {"type": "Feature", "geometry": {"type": "Polygon", "coordinates": [[[92.65133333333333, 25.949], [92.65133333333333, 25.94375], [92.6565, 25.94375], [92.6565, 25.949], [92.65133333333333, 25.949]]]}, "properties": {"class_value": 1, "class_name": "Stable"}}, {"type": "Feature", "geometry": {"type": "Polygon", "coordinates": [[[92.703, 25.949], [92.703, 25.94375], [92.70816666666667, 25.94375], [92.70816666666667, 25.949], [92.703, 25.949]]]}, "properties": {"class_value": 1, "class_name": "Stable"}}, {"type": "Feature", "geometry": {"type": "Polygon", "coordinates": [[[92.71849999999999, 25.949], [92.71849999999999, 25.94375], [92.72366666666666, 25.94375], [92.72366666666666, 25.949], [92.71849999999999, 25.949]]]}, "properties": {"class_value": 1, "class_name": "Stable"}}, {"type": "Feature", "geometry": {"type": "Polygon", "coordinates": [[[92.7805, 25.949], [92.7805, 25.94375], [92.78566666666666, 25.94375], [92.78566666666666, 25.949], [92.7805, 25.949]]]}, "properties": {"class_value": 2, "class_name": "Degrading"}}, {"type": "Feature", "geometry": {"type": "Polygon", "coordinates": [[[93.2765, 25.949], [93.2765, 25.94375], [93.28166666666667, 25.94375], [93.28166666666667, 25.949], [93.2765, 25.949]]]}, "properties": {"class_value": 1, "class_name": "Stable"}}, {"type": "Feature", "geometry": {"type": "Polygon", "coordinates": [[[93.509, 25.949], [93.509, 25.94375], [93.51416666666667, 25.94375], [93.51416666666667, 25.949], [93.509, 25.949]]]}, "properties": {"class_value": 1, "class_name": "Stable"}}, {"type": "Feature", "geometry": {"type": "Polygon", "coordinates": [[[93.54516666666666, 25.949], [93.54516666666666, 25.94375], [93.55033333333333, 25.94375], [93.55033333333333, 25.949], [93.54516666666666, 25.949]]]}, "properties": {"class_value": 1, "class_name": "Stable"}}, {"type": "Feature", "geometry": {"type": "Polygon", "coordinates": [[[93.695, 25.949], [93.695, 25.94375], [93.70016666666666, 25.94375], [93.70016666666666, 25.949], [93.695, 25.949]]]}, "properties": {"class_value": 1, "class_name": "Stable"}}, {"type": "Feature", "geometry": {"type": "Polygon", "coordinates": [[[93.726, 25.949], [93.726, 25.94375], [93.73116666666667, 25.94375], [93.73116666666667, 25.949], [93.726, 25.949]]]}, "properties": {"class_value": 1, "class_name": "Stable"}}, {"type": "Feature", "geometry": {"type": "Polygon", "coordinates": [[[93.76733333333333, 25.949], [93.76733333333333, 25.94375], [93.7725, 25.94375], [93.7725, 25.949], [93.76733333333333, 25.949]]]}, "properties": {"class_value": 1, "class_name": "Stable"}}, {"type": "Feature", "geometry": {"type": "Polygon", "coordinates": [[[93.788, 25.949], [93.788, 25.94375], [93.79316666666666, 25.94375], [93.79316666666666, 25.949], [93.788, 25.949]]]}, "properties": {"class_value": 1, "class_name": "Stable"}}, {"type": "Feature", "geometry": {"type": "Polygon", "coordinates": [[[92.84766666666667, 25.949], [92.84766666666667, 25.9385], [92.85283333333334, 25.9385], [92.85283333333334, 25.949], [92.84766666666667, 25.949]]]}, "properties": {"class_value": 1, "class_name": "Stable"}}, {"type": "Feature", "geometry": {"type": "Polygon", "coordinates": [[[92.486, 25.94375], [92.486, 25.9385], [92.49116666666666, 25.9385], [92.49116666666666, 25.94375], [92.486, 25.94375]]]}, "properties": {"class_value": 1, "class_name": "Stable"}}, {"type": "Feature", "geometry": {"type": "Polygon", "coordinates": [[[92.58416666666666, 25.94375], [92.58416666666666, 25.9385], [92.58933333333333, 25.9385], [92.58933333333333, 25.94375], [92.58416666666666, 25.94375]]]}, "properties": {"class_value": 1, "class_name": "Stable"}}, {"type": "Feature", "geometry": {"type": "Polygon", "coordinates": [[[92.60483333333333, 25.94375], [92.60483333333333, 25.9385], [92.61, 25.9385], [92.61, 25.94375], [92.60483333333333, 25.94375]]]}, "properties": {"class_value": 1, "class_name": "Stable"}}, {"type": "Feature", "geometry": {"type": "Polygon", "coordinates": [[[92.61516666666667, 25.94375], [92.61516666666667, 25.9385], [92.62033333333333, 25.9385], [92.62033333333333, 25.94375], [92.61516666666667, 25.94375]]]}, "properties": {"class_value": 1, "class_name": "Stable"}}, {"type": "Feature", "geometry": {"type": "Polygon", "coordinates": [[[92.66683333333333, 25.94375], [92.66683333333333, 25.9385], [92.672, 25.9385], [92.672, 25.94375], [92.66683333333333, 25.94375]]]}, "properties": {"class_value": 1, "class_name": "Stable"}}, {"type": "Feature", "geometry": {"type": "Polygon", "coordinates": [[[92.8115, 25.94375], [92.8115, 25.9385], [92.81666666666666, 25.9385], [92.81666666666666, 25.94375], [92.8115, 25.94375]]]}, "properties": {"class_value": 1, "class_name": "Stable"}}, {"type": "Feature", "geometry": {"type": "Polygon", "coordinates": [[[92.92, 25.94375], [92.92, 25.9385], [92.92516666666667, 25.9385], [92.92516666666667, 25.94375], [92.92, 25.94375]]]}, "properties": {"class_value": 1, "class_name": "Stable"}}, {"type": "Feature", "geometry": {"type": "Polygon", "coordinates": [[[93.044, 25.94375], [93.044, 25.9385], [93.04916666666666, 25.9385], [93.04916666666666, 25.94375], [93.044, 25.94375]]]}, "properties": {"class_value": 1, "class_name": "Stable"}}, {"type": "Feature", "geometry": {"type": "Polygon", "coordinates": [[[93.11116666666666, 25.94375], [93.11116666666666, 25.9385], [93.11633333333333, 25.9385], [93.11633333333333, 25.94375], [93.11116666666666, 25.94375]]]}, "properties": {"class_value": 1, "class_name": "Stable"}}, {"type": "Feature", "geometry": {"type": "Polygon", "coordinates": [[[93.20416666666667, 25.94375], [93.20416666666667, 25.9385], [93.20933333333333, 25.9385], [93.20933333333333, 25.94375], [93.20416666666667, 25.94375]]]}, "properties": {"class_value": 1, "class_name": "Stable"}}, {"type": "Feature", "geometry": {"type": "Polygon", "coordinates": [[[93.27133333333333, 25.94375], [93.27133333333333, 25.9385], [93.2765, 25.9385], [93.2765, 25.94375], [93.27133333333333, 25.94375]]]}, "properties": {"class_value": 1, "class_name": "Stable"}}, {"type": "Feature", "geometry": {"type": "Polygon", "coordinates": [[[93.29716666666667, 25.94375], [93.29716666666667, 25.9385], [93.30233333333334, 25.9385], [93.30233333333334, 25.94375], [93.29716666666667, 25.94375]]]}, "properties": {"class_value": 1, "class_name": "Stable"}}, {"type": "Feature", "geometry": {"type": "Polygon", "coordinates": [[[93.31266666666666, 25.94375], [93.31266666666666, 25.9385], [93.31783333333333, 25.9385], [93.31783333333333, 25.94375], [93.31266666666666, 25.94375]]]}, "properties": {"class_value": 1, "class_name": "Stable"}}, {"type": "Feature", "geometry": {"type": "Polygon", "coordinates": [[[93.46766666666666, 25.94375], [93.46766666666666, 25.9385], [93.47283333333333, 25.9385], [93.47283333333333, 25.94375], [93.46766666666666, 25.94375]]]}, "properties": {"class_value": 1, "class_name": "Stable"}}, {"type": "Feature", "geometry": {"type": "Polygon", "coordinates": [[[93.49866666666667, 25.94375], [93.49866666666667, 25.9385], [93.50383333333333, 25.9385], [93.50383333333333, 25.94375], [93.49866666666667, 25.94375]]]}, "properties": {"class_value": 1, "class_name": "Stable"}}, {"type": "Feature", "geometry": {"type": "Polygon", "coordinates": [[[93.56583333333333, 25.94375], [93.56583333333333, 25.9385], [93.571, 25.9385], [93.571, 25.94375], [93.56583333333333, 25.94375]]]}, "properties": {"class_value": 2, "class_name": "Degrading"}}, {"type": "Feature", "geometry": {"type": "Polygon", "coordinates": [[[93.58133333333333, 25.94375], [93.58133333333333, 25.9385], [93.5865, 25.9385], [93.5865, 25.94375], [93.58133333333333, 25.94375]]]}, "properties": {"class_value": 1, "class_name": "Stable"}}, {"type": "Feature", "geometry": {"type": "Polygon", "coordinates": [[[93.62783333333333, 25.94375], [93.62783333333333, 25.9385], [93.633, 25.9385], [93.633, 25.94375], [93.62783333333333, 25.94375]]]}, "properties": {"class_value": 1, "class_name": "Stable"}}, {"type": "Feature", "geometry": {"type": "Polygon", "coordinates": [[[93.664, 25.94375], [93.664, 25.9385], [93.66916666666667, 25.9385], [93.66916666666667, 25.94375], [93.664, 25.94375]]]}, "properties": {"class_value": 4, "class_name": "Cyclic"}}, {"type": "Feature", "geometry": {"type": "Polygon", "coordinates": [[[93.68983333333333, 25.94375], [93.68983333333333, 25.9385], [93.695, 25.9385], [93.695, 25.94375], [93.68983333333333, 25.94375]]]}, "properties": {"class_value": 1, "class_name": "Stable"}}, {"type": "Feature", "geometry": {"type": "Polygon", "coordinates": [[[93.81383333333333, 25.94375], [93.81383333333333, 25.9385], [93.819, 25.9385], [93.819, 25.94375], [93.81383333333333, 25.94375]]]}, "properties": {"class_value": 2, "class_name": "Degrading"}}, {"type": "Feature", "geometry": {"type": "Polygon", "coordinates": [[[92.362, 25.9385], [92.362, 25.93325], [92.36716666666666, 25.93325], [92.36716666666666, 25.9385], [92.362, 25.9385]]]}, "properties": {"class_value": 1, "class_name": "Stable"}}, {"type": "Feature", "geometry": {"type": "Polygon", "coordinates": [[[92.37233333333333, 25.9385], [92.37233333333333, 25.93325], [92.3775, 25.93325], [92.3775, 25.9385], [92.37233333333333, 25.9385]]]}, "properties": {"class_value": 1, "class_name": "Stable"}}, {"type": "Feature", "geometry": {"type": "Polygon", "coordinates": [[[92.41883333333332, 25.9385], [92.41883333333332, 25.93325], [92.42399999999999, 25.93325], [92.42399999999999, 25.9385], [92.41883333333332, 25.9385]]]}, "properties": {"class_value": 1, "class_name": "Stable"}}, {"type": "Feature", "geometry": {"type": "Polygon", "coordinates": [[[93.04916666666666, 25.9385], [93.04916666666666, 25.93325], [93.05433333333333, 25.93325], [93.05433333333333, 25.9385], [93.04916666666666, 25.9385]]]}, "properties": {"class_value": 1, "class_name": "Stable"}}, {"type": "Feature", "geometry": {"type": "Polygon", "coordinates": [[[93.14733333333334, 25.9385], [93.14733333333334, 25.93325], [93.1525, 25.93325], [93.1525, 25.9385], [93.14733333333334, 25.9385]]]}, "properties": {"class_value": 2, "class_name": "Degrading"}}, {"type": "Feature", "geometry": {"type": "Polygon", "coordinates": [[[93.23, 25.9385], [93.23, 25.93325], [93.23516666666666, 25.93325], [93.23516666666666, 25.9385], [93.23, 25.9385]]]}, "properties": {"class_value": 1, "class_name": "Stable"}}, {"type": "Feature", "geometry": {"type": "Polygon", "coordinates": [[[93.3385, 25.9385], [93.3385, 25.93325], [93.34366666666666, 25.93325], [93.34366666666666, 25.9385], [93.3385, 25.9385]]]}, "properties": {"class_value": 2, "class_name": "Degrading"}}, {"type": "Feature", "geometry": {"type": "Polygon", "coordinates": [[[93.34883333333333, 25.9385], [93.34883333333333, 25.93325], [93.354, 25.93325], [93.354, 25.9385], [93.34883333333333, 25.9385]]]}, "properties": {"class_value": 1, "class_name": "Stable"}}, {"type": "Feature", "geometry": {"type": "Polygon", "coordinates": [[[93.55033333333333, 25.9385], [93.55033333333333, 25.93325], [93.5555, 25.93325], [93.5555, 25.9385], [93.55033333333333, 25.9385]]]}, "properties": {"class_value": 1, "class_name": "Stable"}}, {"type": "Feature", "geometry": {"type": "Polygon", "coordinates": [[[92.68233333333333, 25.9385], [92.68233333333333, 25.93325], [92.6875, 25.93325], [92.6875, 25.928], [92.69266666666667, 25.928], [92.69266666666667, 25.9385], [92.68233333333333, 25.9385]]]}, "properties": {"class_value": 1, "class_name": "Stable"}}, {"type": "Feature", "geometry": {"type": "Polygon", "coordinates": [[[93.17316666666666, 25.9385], [93.17316666666666, 25.928], [93.17833333333333, 25.928], [93.17833333333333, 25.9385], [93.17316666666666, 25.9385]]]}, "properties": {"class_value": 2, "class_name": "Degrading"}}, {"type": "Feature", "geometry": {"type": "Polygon", "coordinates": [[[92.52216666666666, 25.93325], [92.52216666666666, 25.928], [92.52733333333333, 25.928], [92.52733333333333, 25.93325], [92.52216666666666, 25.93325]]]}, "properties": {"class_value": 1, "class_name": "Stable"}}, {"type": "Feature", "geometry": {"type": "Polygon", "coordinates": [[[92.56349999999999, 25.93325], [92.56349999999999, 25.928], [92.56866666666666, 25.928], [92.56866666666666, 25.93325], [92.56349999999999, 25.93325]]]}, "properties": {"class_value": 1, "class_name": "Stable"}}, {"type": "Feature", "geometry": {"type": "Polygon", "coordinates": [[[92.6255, 25.93325], [92.6255, 25.928], [92.63583333333332, 25.928], [92.63583333333332, 25.93325], [92.6255, 25.93325]]]}, "properties": {"class_value": 1, "class_name": "Stable"}}, {"type": "Feature", "geometry": {"type": "Polygon", "coordinates": [[[92.7495, 25.93325], [92.7495, 25.928], [92.75983333333333, 25.928], [92.75983333333333, 25.93325], [92.7495, 25.93325]]]}, "properties": {"class_value": 1, "class_name": "Stable"}}, {"type": "Feature", "geometry": {"type": "Polygon", "coordinates": [[[92.89933333333333, 25.93325], [92.89933333333333, 25.928], [92.9045, 25.928], [92.9045, 25.93325], [92.89933333333333, 25.93325]]]}, "properties": {"class_value": 1, "class_name": "Stable"}}, {"type": "Feature", "geometry": {"type": "Polygon", "coordinates": [[[93.00783333333334, 25.93325], [93.00783333333334, 25.928], [93.01299999999999, 25.928], [93.01299999999999, 25.93325], [93.00783333333334, 25.93325]]]}, "properties": {"class_value": 1, "class_name": "Stable"}}, {"type": "Feature", "geometry": {"type": "Polygon", "coordinates": [[[93.01816666666666, 25.93325], [93.01816666666666, 25.928], [93.02333333333333, 25.928], [93.02333333333333, 25.93325], [93.01816666666666, 25.93325]]]}, "properties": {"class_value": 1, "class_name": "Stable"}}, {"type": "Feature", "geometry": {"type": "Polygon", "coordinates": [[[93.0595, 25.93325], [93.0595, 25.928], [93.06466666666667, 25.928], [93.06466666666667, 25.93325], [93.0595, 25.93325]]]}, "properties": {"class_value": 1, "class_name": "Stable"}}, {"type": "Feature", "geometry": {"type": "Polygon", "coordinates": [[[93.14216666666667, 25.93325], [93.14216666666667, 25.928], [93.14733333333334, 25.928], [93.14733333333334, 25.93325], [93.14216666666667, 25.93325]]]}, "properties": {"class_value": 2, "class_name": "Degrading"}}, {"type": "Feature", "geometry": {"type": "Polygon", "coordinates": [[[93.23516666666666, 25.93325], [93.23516666666666, 25.928], [93.24033333333333, 25.928], [93.24033333333333, 25.93325], [93.23516666666666, 25.93325]]]}, "properties": {"class_value": 1, "class_name": "Stable"}}, {"type": "Feature", "geometry": {"type": "Polygon", "coordinates": [[[93.29716666666667, 25.93325], [93.29716666666667, 25.928], [93.30749999999999, 25.928], [93.30749999999999, 25.93325], [93.29716666666667, 25.93325]]]}, "properties": {"class_value": 1, "class_name": "Stable"}}, {"type": "Feature", "geometry": {"type": "Polygon", "coordinates": [[[93.43666666666667, 25.93325], [93.43666666666667, 25.928], [93.44183333333334, 25.928], [93.44183333333334, 25.93325], [93.43666666666667, 25.93325]]]}, "properties": {"class_value": 1, "class_name": "Stable"}}, {"type": "Feature", "geometry": {"type": "Polygon", "coordinates": [[[93.49866666666667, 25.93325], [93.49866666666667, 25.928], [93.509, 25.928], [93.509, 25.93325], [93.49866666666667, 25.93325]]]}, "properties": {"class_value": 1, "class_name": "Stable"}}, {"type": "Feature", "geometry": {"type": "Polygon", "coordinates": [[[93.58133333333333, 25.93325], [93.58133333333333, 25.928], [93.5865, 25.928], [93.5865, 25.93325], [93.58133333333333, 25.93325]]]}, "properties": {"class_value": 1, "class_name": "Stable"}}, {"type": "Feature", "geometry": {"type": "Polygon", "coordinates": [[[93.78283333333333, 25.93325], [93.78283333333333, 25.928], [93.788, 25.928], [93.788, 25.93325], [93.78283333333333, 25.93325]]]}, "properties": {"class_value": 1, "class_name": "Stable"}}, {"type": "Feature", "geometry": {"type": "Polygon", "coordinates": [[[93.8035, 25.93325], [93.8035, 25.928], [93.80866666666667, 25.928], [93.80866666666667, 25.93325], [93.8035, 25.93325]]]}, "properties": {"class_value": 1, "class_name": "Stable"}}, {"type": "Feature", "geometry": {"type": "Polygon", "coordinates": [[[93.84483333333333, 25.93325], [93.84483333333333, 25.928], [93.85, 25.928], [93.85, 25.93325], [93.84483333333333, 25.93325]]]}, "properties": {"class_value": 2, "class_name": "Degrading"}}, {"type": "Feature", "geometry": {"type": "Polygon", "coordinates": [[[92.53766666666667, 25.928], [92.53766666666667, 25.92275], [92.54283333333333, 25.92275], [92.54283333333333, 25.928], [92.53766666666667, 25.928]]]}, "properties": {"class_value": 1, "class_name": "Stable"}}, {"type": "Feature", "geometry": {"type": "Polygon", "coordinates": [[[92.672, 25.928], [92.672, 25.92275], [92.67716666666666, 25.92275], [92.67716666666666, 25.928], [92.672, 25.928]]]}, "properties": {"class_value": 1, "class_name": "Stable"}}, {"type": "Feature", "geometry": {"type": "Polygon", "coordinates": [[[92.80116666666666, 25.928], [92.80116666666666, 25.92275], [92.80633333333333, 25.92275], [92.80633333333333, 25.928], [92.80116666666666, 25.928]]]}, "properties": {"class_value": 1, "class_name": "Stable"}}, {"type": "Feature", "geometry": {"type": "Polygon", "coordinates": [[[93.00266666666667, 25.928], [93.00266666666667, 25.92275], [93.00783333333334, 25.92275], [93.00783333333334, 25.928], [93.00266666666667, 25.928]]]}, "properties": {"class_value": 1, "class_name": "Stable"}}, {"type": "Feature", "geometry": {"type": "Polygon", "coordinates": [[[93.01299999999999, 25.928], [93.01299999999999, 25.92275], [93.01816666666666, 25.92275], [93.01816666666666, 25.928], [93.01299999999999, 25.928]]]}, "properties": {"class_value": 1, "class_name": "Stable"}}, {"type": "Feature", "geometry": {"type": "Polygon", "coordinates": [[[93.24549999999999, 25.928], [93.24549999999999, 25.92275], [93.25066666666666, 25.92275], [93.25066666666666, 25.928], [93.24549999999999, 25.928]]]}, "properties": {"class_value": 1, "class_name": "Stable"}}, {"type": "Feature", "geometry": {"type": "Polygon", "coordinates": [[[93.4005, 25.928], [93.4005, 25.92275], [93.40566666666666, 25.92275], [93.40566666666666, 25.928], [93.4005, 25.928]]]}, "properties": {"class_value": 1, "class_name": "Stable"}}, {"type": "Feature", "geometry": {"type": "Polygon", "coordinates": [[[93.41083333333333, 25.928], [93.41083333333333, 25.92275], [93.416, 25.92275], [93.416, 25.928], [93.41083333333333, 25.928]]]}, "properties": {"class_value": 1, "class_name": "Stable"}}, {"type": "Feature", "geometry": {"type": "Polygon", "coordinates": [[[93.63816666666666, 25.928], [93.63816666666666, 25.92275], [93.64333333333333, 25.92275], [93.64333333333333, 25.928], [93.63816666666666, 25.928]]]}, "properties": {"class_value": 1, "class_name": "Stable"}}, {"type": "Feature", "geometry": {"type": "Polygon", "coordinates": [[[93.67949999999999, 25.928], [93.67949999999999, 25.92275], [93.68466666666666, 25.92275], [93.68466666666666, 25.928], [93.67949999999999, 25.928]]]}, "properties": {"class_value": 1, "class_name": "Stable"}}, {"type": "Feature", "geometry": {"type": "Polygon", "coordinates": [[[92.83216666666667, 25.928], [92.83216666666667, 25.9175], [92.83733333333333, 25.9175], [92.83733333333333, 25.928], [92.83216666666667, 25.928]]]}, "properties": {"class_value": 1, "class_name": "Stable"}}, {"type": "Feature", "geometry": {"type": "Polygon", "coordinates": [[[92.42399999999999, 25.92275], [92.42399999999999, 25.9175], [92.42916666666666, 25.9175], [92.42916666666666, 25.92275], [92.42399999999999, 25.92275]]]}, "properties": {"class_value": 1, "class_name": "Stable"}}, {"type": "Feature", "geometry": {"type": "Polygon", "coordinates": [[[92.455, 25.92275], [92.455, 25.9175], [92.46016666666667, 25.9175], [92.46016666666667, 25.92275], [92.455, 25.92275]]]}, "properties": {"class_value": 1, "class_name": "Stable"}}, {"type": "Feature", "geometry": {"type": "Polygon", "coordinates": [[[92.75983333333333, 25.92275], [92.75983333333333, 25.9175], [92.765, 25.9175], [92.765, 25.92275], [92.75983333333333, 25.92275]]]}, "properties": {"class_value": 1, "class_name": "Stable"}}, {"type": "Feature", "geometry": {"type": "Polygon", "coordinates": [[[92.94066666666666, 25.92275], [92.94066666666666, 25.9175], [92.94583333333333, 25.9175], [92.94583333333333, 25.92275], [92.94066666666666, 25.92275]]]}, "properties": {"class_value": 1, "class_name": "Stable"}}, {"type": "Feature", "geometry": {"type": "Polygon", "coordinates": [[[92.982, 25.92275], [92.982, 25.9175], [92.98716666666667, 25.9175], [92.98716666666667, 25.92275], [92.982, 25.92275]]]}, "properties": {"class_value": 1, "class_name": "Stable"}}, {"type": "Feature", "geometry": {"type": "Polygon", "coordinates": [[[93.59166666666667, 25.92275], [93.59166666666667, 25.9175], [93.59683333333334, 25.9175], [93.59683333333334, 25.92275], [93.59166666666667, 25.92275]]]}, "properties": {"class_value": 1, "class_name": "Stable"}}, {"type": "Feature", "geometry": {"type": "Polygon", "coordinates": [[[93.80866666666667, 25.92275], [93.80866666666667, 25.9175], [93.81383333333333, 25.9175], [93.81383333333333, 25.92275], [93.80866666666667, 25.92275]]]}, "properties": {"class_value": 1, "class_name": "Stable"}}, {"type": "Feature", "geometry": {"type": "Polygon", "coordinates": [[[92.47566666666667, 25.9175], [92.47566666666667, 25.91225], [92.48083333333334, 25.91225], [92.48083333333334, 25.9175], [92.47566666666667, 25.9175]]]}, "properties": {"class_value": 5, "class_name": "Uncertain / Other"}}, {"type": "Feature", "geometry": {"type": "Polygon", "coordinates": [[[92.60483333333333, 25.9175], [92.60483333333333, 25.91225], [92.61, 25.91225], [92.61, 25.9175], [92.60483333333333, 25.9175]]]}, "properties": {"class_value": 1, "class_name": "Stable"}}, {"type": "Feature", "geometry": {"type": "Polygon", "coordinates": [[[92.79083333333332, 25.9175], [92.79083333333332, 25.91225], [92.79599999999999, 25.91225], [92.79599999999999, 25.9175], [92.79083333333332, 25.9175]]]}, "properties": {"class_value": 1, "class_name": "Stable"}}, {"type": "Feature", "geometry": {"type": "Polygon", "coordinates": [[[92.98716666666667, 25.9175], [92.98716666666667, 25.91225], [92.99233333333333, 25.91225], [92.99233333333333, 25.9175], [92.98716666666667, 25.9175]]]}, "properties": {"class_value": 1, "class_name": "Stable"}}, {"type": "Feature", "geometry": {"type": "Polygon", "coordinates": [[[93.25583333333333, 25.9175], [93.25583333333333, 25.91225], [93.261, 25.91225], [93.261, 25.9175], [93.25583333333333, 25.9175]]]}, "properties": {"class_value": 1, "class_name": "Stable"}}, {"type": "Feature", "geometry": {"type": "Polygon", "coordinates": [[[93.27133333333333, 25.9175], [93.27133333333333, 25.91225], [93.2765, 25.91225], [93.2765, 25.9175], [93.27133333333333, 25.9175]]]}, "properties": {"class_value": 1, "class_name": "Stable"}}, {"type": "Feature", "geometry": {"type": "Polygon", "coordinates": [[[93.70533333333333, 25.9175], [93.70533333333333, 25.91225], [93.7105, 25.91225], [93.7105, 25.9175], [93.70533333333333, 25.9175]]]}, "properties": {"class_value": 1, "class_name": "Stable"}}, {"type": "Feature", "geometry": {"type": "Polygon", "coordinates": [[[92.33616666666667, 25.91225], [92.33616666666667, 25.907], [92.34133333333332, 25.907], [92.34133333333332, 25.91225], [92.33616666666667, 25.91225]]]}, "properties": {"class_value": 1, "class_name": "Stable"}}, {"type": "Feature", "geometry": {"type": "Polygon", "coordinates": [[[92.3775, 25.91225], [92.3775, 25.907], [92.38266666666667, 25.907], [92.38266666666667, 25.91225], [92.3775, 25.91225]]]}, "properties": {"class_value": 1, "class_name": "Stable"}}, {"type": "Feature", "geometry": {"type": "Polygon", "coordinates": [[[92.49116666666666, 25.91225], [92.49116666666666, 25.907], [92.49633333333333, 25.907], [92.49633333333333, 25.91225], [92.49116666666666, 25.91225]]]}, "properties": {"class_value": 1, "class_name": "Stable"}}, {"type": "Feature", "geometry": {"type": "Polygon", "coordinates": [[[92.5945, 25.91225], [92.5945, 25.907], [92.59966666666666, 25.907], [92.59966666666666, 25.91225], [92.5945, 25.91225]]]}, "properties": {"class_value": 1, "class_name": "Stable"}}, {"type": "Feature", "geometry": {"type": "Polygon", "coordinates": [[[92.78566666666666, 25.91225], [92.78566666666666, 25.907], [92.79083333333332, 25.907], [92.79083333333332, 25.91225], [92.78566666666666, 25.91225]]]}, "properties": {"class_value": 1, "class_name": "Stable"}}, {"type": "Feature", "geometry": {"type": "Polygon", "coordinates": [[[92.81666666666666, 25.91225], [92.81666666666666, 25.907], [92.82183333333333, 25.907], [92.82183333333333, 25.91225], [92.81666666666666, 25.91225]]]}, "properties": {"class_value": 1, "class_name": "Stable"}}, {"type": "Feature", "geometry": {"type": "Polygon", "coordinates": [[[92.84766666666667, 25.91225], [92.84766666666667, 25.907], [92.85283333333334, 25.907], [92.85283333333334, 25.91225], [92.84766666666667, 25.91225]]]}, "properties": {"class_value": 1, "class_name": "Stable"}}, {"type": "Feature", "geometry": {"type": "Polygon", "coordinates": [[[92.92, 25.91225], [92.92, 25.907], [92.92516666666667, 25.907], [92.92516666666667, 25.91225], [92.92, 25.91225]]]}, "properties": {"class_value": 1, "class_name": "Stable"}}, {"type": "Feature", "geometry": {"type": "Polygon", "coordinates": [[[93.09566666666666, 25.91225], [93.09566666666666, 25.907], [93.106, 25.907], [93.106, 25.91225], [93.09566666666666, 25.91225]]]}, "properties": {"class_value": 1, "class_name": "Stable"}}, {"type": "Feature", "geometry": {"type": "Polygon", "coordinates": [[[93.16799999999999, 25.91225], [93.16799999999999, 25.907], [93.17316666666666, 25.907], [93.17316666666666, 25.91225], [93.16799999999999, 25.91225]]]}, "properties": {"class_value": 2, "class_name": "Degrading"}}, {"type": "Feature", "geometry": {"type": "Polygon", "coordinates": [[[93.20933333333333, 25.91225], [93.20933333333333, 25.907], [93.2145, 25.907], [93.2145, 25.91225], [93.20933333333333, 25.91225]]]}, "properties": {"class_value": 1, "class_name": "Stable"}}, {"type": "Feature", "geometry": {"type": "Polygon", "coordinates": [[[93.31266666666666, 25.91225], [93.31266666666666, 25.907], [93.31783333333333, 25.907], [93.31783333333333, 25.91225], [93.31266666666666, 25.91225]]]}, "properties": {"class_value": 1, "class_name": "Stable"}}, {"type": "Feature", "geometry": {"type": "Polygon", "coordinates": [[[93.41083333333333, 25.91225], [93.41083333333333, 25.907], [93.416, 25.907], [93.416, 25.91225], [93.41083333333333, 25.91225]]]}, "properties": {"class_value": 1, "class_name": "Stable"}}, {"type": "Feature", "geometry": {"type": "Polygon", "coordinates": [[[93.47283333333333, 25.91225], [93.47283333333333, 25.907], [93.478, 25.907], [93.478, 25.91225], [93.47283333333333, 25.91225]]]}, "properties": {"class_value": 1, "class_name": "Stable"}}, {"type": "Feature", "geometry": {"type": "Polygon", "coordinates": [[[93.49866666666667, 25.91225], [93.49866666666667, 25.907], [93.50383333333333, 25.907], [93.50383333333333, 25.91225], [93.49866666666667, 25.91225]]]}, "properties": {"class_value": 1, "class_name": "Stable"}}, {"type": "Feature", "geometry": {"type": "Polygon", "coordinates": [[[93.67949999999999, 25.91225], [93.67949999999999, 25.907], [93.68466666666666, 25.907], [93.68466666666666, 25.91225], [93.67949999999999, 25.91225]]]}, "properties": {"class_value": 1, "class_name": "Stable"}}, {"type": "Feature", "geometry": {"type": "Polygon", "coordinates": [[[93.7105, 25.91225], [93.7105, 25.907], [93.71566666666666, 25.907], [93.71566666666666, 25.91225], [93.7105, 25.91225]]]}, "properties": {"class_value": 1, "class_name": "Stable"}}, {"type": "Feature", "geometry": {"type": "Polygon", "coordinates": [[[92.32066666666667, 25.907], [92.32066666666667, 25.90175], [92.32583333333334, 25.90175], [92.32583333333334, 25.907], [92.32066666666667, 25.907]]]}, "properties": {"class_value": 1, "class_name": "Stable"}}, {"type": "Feature", "geometry": {"type": "Polygon", "coordinates": [[[92.362, 25.907], [92.362, 25.90175], [92.36716666666666, 25.90175], [92.36716666666666, 25.907], [92.362, 25.907]]]}, "properties": {"class_value": 1, "class_name": "Stable"}}, {"type": "Feature", "geometry": {"type": "Polygon", "coordinates": [[[92.41366666666666, 25.907], [92.41366666666666, 25.90175], [92.41883333333332, 25.90175], [92.41883333333332, 25.907], [92.41366666666666, 25.907]]]}, "properties": {"class_value": 1, "class_name": "Stable"}}, {"type": "Feature", "geometry": {"type": "Polygon", "coordinates": [[[92.51183333333333, 25.907], [92.51183333333333, 25.90175], [92.517, 25.90175], [92.517, 25.907], [92.51183333333333, 25.907]]]}, "properties": {"class_value": 1, "class_name": "Stable"}}, {"type": "Feature", "geometry": {"type": "Polygon", "coordinates": [[[92.59966666666666, 25.907], [92.59966666666666, 25.90175], [92.60483333333333, 25.90175], [92.60483333333333, 25.907], [92.59966666666666, 25.907]]]}, "properties": {"class_value": 1, "class_name": "Stable"}}, {"type": "Feature", "geometry": {"type": "Polygon", "coordinates": [[[92.62033333333333, 25.907], [92.62033333333333, 25.90175], [92.6255, 25.90175], [92.6255, 25.907], [92.62033333333333, 25.907]]]}, "properties": {"class_value": 1, "class_name": "Stable"}}, {"type": "Feature", "geometry": {"type": "Polygon", "coordinates": [[[93.08016666666667, 25.907], [93.08016666666667, 25.90175], [93.08533333333332, 25.90175], [93.08533333333332, 25.907], [93.08016666666667, 25.907]]]}, "properties": {"class_value": 2, "class_name": "Degrading"}}, {"type": "Feature", "geometry": {"type": "Polygon", "coordinates": [[[93.08533333333332, 25.907], [93.08533333333332, 25.90175], [93.09049999999999, 25.90175], [93.09049999999999, 25.907], [93.08533333333332, 25.907]]]}, "properties": {"class_value": 1, "class_name": "Stable"}}, {"type": "Feature", "geometry": {"type": "Polygon", "coordinates": [[[93.11116666666666, 25.907], [93.11116666666666, 25.90175], [93.1215, 25.90175], [93.1215, 25.907], [93.11116666666666, 25.907]]]}, "properties": {"class_value": 2, "class_name": "Degrading"}}, {"type": "Feature", "geometry": {"type": "Polygon", "coordinates": [[[93.20416666666667, 25.907], [93.20416666666667, 25.90175], [93.20933333333333, 25.90175], [93.20933333333333, 25.907], [93.20416666666667, 25.907]]]}, "properties": {"class_value": 1, "class_name": "Stable"}}, {"type": "Feature", "geometry": {"type": "Polygon", "coordinates": [[[93.23, 25.907], [93.23, 25.90175], [93.23516666666666, 25.90175], [93.23516666666666, 25.907], [93.23, 25.907]]]}, "properties": {"class_value": 1, "class_name": "Stable"}}, {"type": "Feature", "geometry": {"type": "Polygon", "coordinates": [[[93.31783333333333, 25.907], [93.31783333333333, 25.90175], [93.323, 25.90175], [93.323, 25.907], [93.31783333333333, 25.907]]]}, "properties": {"class_value": 1, "class_name": "Stable"}}, {"type": "Feature", "geometry": {"type": "Polygon", "coordinates": [[[93.4315, 25.907], [93.4315, 25.90175], [93.43666666666667, 25.90175], [93.43666666666667, 25.907], [93.4315, 25.907]]]}, "properties": {"class_value": 1, "class_name": "Stable"}}, {"type": "Feature", "geometry": {"type": "Polygon", "coordinates": [[[93.44183333333334, 25.907], [93.44183333333334, 25.90175], [93.447, 25.90175], [93.447, 25.907], [93.44183333333334, 25.907]]]}, "properties": {"class_value": 1, "class_name": "Stable"}}, {"type": "Feature", "geometry": {"type": "Polygon", "coordinates": [[[93.61749999999999, 25.907], [93.61749999999999, 25.90175], [93.62266666666666, 25.90175], [93.62266666666666, 25.907], [93.61749999999999, 25.907]]]}, "properties": {"class_value": 1, "class_name": "Stable"}}, {"type": "Feature", "geometry": {"type": "Polygon", "coordinates": [[[93.633, 25.907], [93.633, 25.90175], [93.63816666666666, 25.90175], [93.63816666666666, 25.907], [93.633, 25.907]]]}, "properties": {"class_value": 1, "class_name": "Stable"}}, {"type": "Feature", "geometry": {"type": "Polygon", "coordinates": [[[92.63066666666667, 25.90175], [92.63066666666667, 25.896500000000003], [92.63583333333332, 25.896500000000003], [92.63583333333332, 25.90175], [92.63066666666667, 25.90175]]]}, "properties": {"class_value": 1, "class_name": "Stable"}}, {"type": "Feature", "geometry": {"type": "Polygon", "coordinates": [[[92.93549999999999, 25.90175], [92.93549999999999, 25.896500000000003], [92.94066666666666, 25.896500000000003], [92.94066666666666, 25.90175], [92.93549999999999, 25.90175]]]}, "properties": {"class_value": 1, "class_name": "Stable"}}, {"type": "Feature", "geometry": {"type": "Polygon", "coordinates": [[[93.46249999999999, 25.90175], [93.46249999999999, 25.896500000000003], [93.46766666666666, 25.896500000000003], [93.46766666666666, 25.90175], [93.46249999999999, 25.90175]]]}, "properties": {"class_value": 1, "class_name": "Stable"}}, {"type": "Feature", "geometry": {"type": "Polygon", "coordinates": [[[93.51416666666667, 25.90175], [93.51416666666667, 25.896500000000003], [93.51933333333334, 25.896500000000003], [93.51933333333334, 25.90175], [93.51416666666667, 25.90175]]]}, "properties": {"class_value": 1, "class_name": "Stable"}}, {"type": "Feature", "geometry": {"type": "Polygon", "coordinates": [[[93.7725, 25.90175], [93.7725, 25.896500000000003], [93.77766666666666, 25.896500000000003], [93.77766666666666, 25.90175], [93.7725, 25.90175]]]}, "properties": {"class_value": 1, "class_name": "Stable"}}, {"type": "Feature", "geometry": {"type": "Polygon", "coordinates": [[[93.21966666666667, 25.907], [93.21966666666667, 25.891250000000003], [93.22483333333334, 25.891250000000003], [93.22483333333334, 25.907], [93.21966666666667, 25.907]]]}, "properties": {"class_value": 1, "class_name": "Stable"}}, {"type": "Feature", "geometry": {"type": "Polygon", "coordinates": [[[92.38266666666667, 25.896500000000003], [92.38266666666667, 25.891250000000003], [92.38783333333333, 25.891250000000003], [92.38783333333333, 25.896500000000003], [92.38266666666667, 25.896500000000003]]]}, "properties": {"class_value": 1, "class_name": "Stable"}}, {"type": "Feature", "geometry": {"type": "Polygon", "coordinates": [[[92.68233333333333, 25.896500000000003], [92.68233333333333, 25.891250000000003], [92.6875, 25.891250000000003], [92.6875, 25.896500000000003], [92.68233333333333, 25.896500000000003]]]}, "properties": {"class_value": 1, "class_name": "Stable"}}, {"type": "Feature", "geometry": {"type": "Polygon", "coordinates": [[[92.71849999999999, 25.896500000000003], [92.71849999999999, 25.891250000000003], [92.72366666666666, 25.891250000000003], [92.72366666666666, 25.896500000000003], [92.71849999999999, 25.896500000000003]]]}, "properties": {"class_value": 2, "class_name": "Degrading"}}, {"type": "Feature", "geometry": {"type": "Polygon", "coordinates": [[[92.7495, 25.896500000000003], [92.7495, 25.891250000000003], [92.75466666666667, 25.891250000000003], [92.75466666666667, 25.896500000000003], [92.7495, 25.896500000000003]]]}, "properties": {"class_value": 1, "class_name": "Stable"}}, {"type": "Feature", "geometry": {"type": "Polygon", "coordinates": [[[92.75983333333333, 25.896500000000003], [92.75983333333333, 25.891250000000003], [92.765, 25.891250000000003], [92.765, 25.896500000000003], [92.75983333333333, 25.896500000000003]]]}, "properties": {"class_value": 2, "class_name": "Degrading"}}, {"type": "Feature", "geometry": {"type": "Polygon", "coordinates": [[[93.05433333333333, 25.896500000000003], [93.05433333333333, 25.891250000000003], [93.0595, 25.891250000000003], [93.0595, 25.896500000000003], [93.05433333333333, 25.896500000000003]]]}, "properties": {"class_value": 1, "class_name": "Stable"}}, {"type": "Feature", "geometry": {"type": "Polygon", "coordinates": [[[93.28166666666667, 25.896500000000003], [93.28166666666667, 25.891250000000003], [93.28683333333333, 25.891250000000003], [93.28683333333333, 25.896500000000003], [93.28166666666667, 25.896500000000003]]]}, "properties": {"class_value": 1, "class_name": "Stable"}}, {"type": "Feature", "geometry": {"type": "Polygon", "coordinates": [[[93.571, 25.896500000000003], [93.571, 25.891250000000003], [93.57616666666667, 25.891250000000003], [93.57616666666667, 25.896500000000003], [93.571, 25.896500000000003]]]}, "properties": {"class_value": 1, "class_name": "Stable"}}, {"type": "Feature", "geometry": {"type": "Polygon", "coordinates": [[[93.61749999999999, 25.896500000000003], [93.61749999999999, 25.891250000000003], [93.62266666666666, 25.891250000000003], [93.62266666666666, 25.896500000000003], [93.61749999999999, 25.896500000000003]]]}, "properties": {"class_value": 1, "class_name": "Stable"}}, {"type": "Feature", "geometry": {"type": "Polygon", "coordinates": [[[93.664, 25.896500000000003], [93.664, 25.891250000000003], [93.66916666666667, 25.891250000000003], [93.66916666666667, 25.896500000000003], [93.664, 25.896500000000003]]]}, "properties": {"class_value": 1, "class_name": "Stable"}}, {"type": "Feature", "geometry": {"type": "Polygon", "coordinates": [[[93.67949999999999, 25.896500000000003], [93.67949999999999, 25.891250000000003], [93.68466666666666, 25.891250000000003], [93.68466666666666, 25.896500000000003], [93.67949999999999, 25.896500000000003]]]}, "properties": {"class_value": 1, "class_name": "Stable"}}, {"type": "Feature", "geometry": {"type": "Polygon", "coordinates": [[[93.68983333333333, 25.896500000000003], [93.68983333333333, 25.891250000000003], [93.695, 25.891250000000003], [93.695, 25.896500000000003], [93.68983333333333, 25.896500000000003]]]}, "properties": {"class_value": 2, "class_name": "Degrading"}}, {"type": "Feature", "geometry": {"type": "Polygon", "coordinates": [[[93.72083333333333, 25.896500000000003], [93.72083333333333, 25.891250000000003], [93.726, 25.891250000000003], [93.726, 25.896500000000003], [93.72083333333333, 25.896500000000003]]]}, "properties": {"class_value": 2, "class_name": "Degrading"}}, {"type": "Feature", "geometry": {"type": "Polygon", "coordinates": [[[93.788, 25.896500000000003], [93.788, 25.891250000000003], [93.79316666666666, 25.891250000000003], [93.79316666666666, 25.896500000000003], [93.788, 25.896500000000003]]]}, "properties": {"class_value": 1, "class_name": "Stable"}}, {"type": "Feature", "geometry": {"type": "Polygon", "coordinates": [[[93.80866666666667, 25.896500000000003], [93.80866666666667, 25.891250000000003], [93.81383333333333, 25.891250000000003], [93.81383333333333, 25.896500000000003], [93.80866666666667, 25.896500000000003]]]}, "properties": {"class_value": 2, "class_name": "Degrading"}}, {"type": "Feature", "geometry": {"type": "Polygon", "coordinates": [[[92.36716666666666, 25.891250000000003], [92.36716666666666, 25.886000000000003], [92.37233333333333, 25.886000000000003], [92.37233333333333, 25.891250000000003], [92.36716666666666, 25.891250000000003]]]}, "properties": {"class_value": 1, "class_name": "Stable"}}, {"type": "Feature", "geometry": {"type": "Polygon", "coordinates": [[[92.455, 25.891250000000003], [92.455, 25.886000000000003], [92.46016666666667, 25.886000000000003], [92.46016666666667, 25.891250000000003], [92.455, 25.891250000000003]]]}, "properties": {"class_value": 1, "class_name": "Stable"}}, {"type": "Feature", "geometry": {"type": "Polygon", "coordinates": [[[92.548, 25.891250000000003], [92.548, 25.886000000000003], [92.55316666666667, 25.886000000000003], [92.55316666666667, 25.891250000000003], [92.548, 25.891250000000003]]]}, "properties": {"class_value": 1, "class_name": "Stable"}}, {"type": "Feature", "geometry": {"type": "Polygon", "coordinates": [[[92.59966666666666, 25.891250000000003], [92.59966666666666, 25.886000000000003], [92.60483333333333, 25.886000000000003], [92.60483333333333, 25.891250000000003], [92.59966666666666, 25.891250000000003]]]}, "properties": {"class_value": 1, "class_name": "Stable"}}, {"type": "Feature", "geometry": {"type": "Polygon", "coordinates": [[[92.80116666666666, 25.891250000000003], [92.80116666666666, 25.886000000000003], [92.80633333333333, 25.886000000000003], [92.80633333333333, 25.891250000000003], [92.80116666666666, 25.891250000000003]]]}, "properties": {"class_value": 1, "class_name": "Stable"}}, {"type": "Feature", "geometry": {"type": "Polygon", "coordinates": [[[92.94583333333333, 25.891250000000003], [92.94583333333333, 25.886000000000003], [92.951, 25.886000000000003], [92.951, 25.891250000000003], [92.94583333333333, 25.891250000000003]]]}, "properties": {"class_value": 1, "class_name": "Stable"}}, {"type": "Feature", "geometry": {"type": "Polygon", "coordinates": [[[92.97683333333333, 25.891250000000003], [92.97683333333333, 25.886000000000003], [92.982, 25.886000000000003], [92.982, 25.891250000000003], [92.97683333333333, 25.891250000000003]]]}, "properties": {"class_value": 1, "class_name": "Stable"}}, {"type": "Feature", "geometry": {"type": "Polygon", "coordinates": [[[93.03366666666666, 25.891250000000003], [93.03366666666666, 25.886000000000003], [93.03883333333333, 25.886000000000003], [93.03883333333333, 25.891250000000003], [93.03366666666666, 25.891250000000003]]]}, "properties": {"class_value": 1, "class_name": "Stable"}}, {"type": "Feature", "geometry": {"type": "Polygon", "coordinates": [[[93.37983333333334, 25.891250000000003], [93.37983333333334, 25.886000000000003], [93.38499999999999, 25.886000000000003], [93.38499999999999, 25.891250000000003], [93.37983333333334, 25.891250000000003]]]}, "properties": {"class_value": 1, "class_name": "Stable"}}, {"type": "Feature", "geometry": {"type": "Polygon", "coordinates": [[[93.58133333333333, 25.891250000000003], [93.58133333333333, 25.886000000000003], [93.5865, 25.886000000000003], [93.5865, 25.891250000000003], [93.58133333333333, 25.891250000000003]]]}, "properties": {"class_value": 1, "class_name": "Stable"}}, {"type": "Feature", "geometry": {"type": "Polygon", "coordinates": [[[93.6485, 25.891250000000003], [93.6485, 25.886000000000003], [93.65366666666667, 25.886000000000003], [93.65366666666667, 25.891250000000003], [93.6485, 25.891250000000003]]]}, "properties": {"class_value": 1, "class_name": "Stable"}}, {"type": "Feature", "geometry": {"type": "Polygon", "coordinates": [[[93.62783333333333, 25.891250000000003], [93.62783333333333, 25.880750000000003], [93.633, 25.880750000000003], [93.633, 25.891250000000003], [93.62783333333333, 25.891250000000003]]]}, "properties": {"class_value": 1, "class_name": "Stable"}}, {"type": "Feature", "geometry": {"type": "Polygon", "coordinates": [[[92.3155, 25.886000000000003], [92.3155, 25.880750000000003], [92.32583333333334, 25.880750000000003], [92.32583333333334, 25.886000000000003], [92.3155, 25.886000000000003]]]}, "properties": {"class_value": 1, "class_name": "Stable"}}, {"type": "Feature", "geometry": {"type": "Polygon", "coordinates": [[[92.63066666666667, 25.886000000000003], [92.63066666666667, 25.880750000000003], [92.63583333333332, 25.880750000000003], [92.63583333333332, 25.886000000000003], [92.63066666666667, 25.886000000000003]]]}, "properties": {"class_value": 1, "class_name": "Stable"}}, {"type": "Feature", "geometry": {"type": "Polygon", "coordinates": [[[92.72883333333333, 25.886000000000003], [92.72883333333333, 25.880750000000003], [92.734, 25.880750000000003], [92.734, 25.886000000000003], [92.72883333333333, 25.886000000000003]]]}, "properties": {"class_value": 1, "class_name": "Stable"}}, {"type": "Feature", "geometry": {"type": "Polygon", "coordinates": [[[92.77533333333334, 25.886000000000003], [92.77533333333334, 25.880750000000003], [92.7805, 25.880750000000003], [92.7805, 25.886000000000003], [92.77533333333334, 25.886000000000003]]]}, "properties": {"class_value": 1, "class_name": "Stable"}}, {"type": "Feature", "geometry": {"type": "Polygon", "coordinates": [[[92.92516666666667, 25.886000000000003], [92.92516666666667, 25.880750000000003], [92.93033333333334, 25.880750000000003], [92.93033333333334, 25.886000000000003], [92.92516666666667, 25.886000000000003]]]}, "properties": {"class_value": 1, "class_name": "Stable"}}, {"type": "Feature", "geometry": {"type": "Polygon", "coordinates": [[[93.03366666666666, 25.886000000000003], [93.03366666666666, 25.880750000000003], [93.03883333333333, 25.880750000000003], [93.03883333333333, 25.886000000000003], [93.03366666666666, 25.886000000000003]]]}, "properties": {"class_value": 3, "class_name": "Recovering"}}, {"type": "Feature", "geometry": {"type": "Polygon", "coordinates": [[[93.1215, 25.886000000000003], [93.1215, 25.880750000000003], [93.12666666666667, 25.880750000000003], [93.12666666666667, 25.886000000000003], [93.1215, 25.886000000000003]]]}, "properties": {"class_value": 1, "class_name": "Stable"}}, {"type": "Feature", "geometry": {"type": "Polygon", "coordinates": [[[93.36433333333333, 25.886000000000003], [93.36433333333333, 25.880750000000003], [93.3695, 25.880750000000003], [93.3695, 25.886000000000003], [93.36433333333333, 25.886000000000003]]]}, "properties": {"class_value": 1, "class_name": "Stable"}}, {"type": "Feature", "geometry": {"type": "Polygon", "coordinates": [[[93.4935, 25.886000000000003], [93.4935, 25.880750000000003], [93.49866666666667, 25.880750000000003], [93.49866666666667, 25.886000000000003], [93.4935, 25.886000000000003]]]}, "properties": {"class_value": 1, "class_name": "Stable"}}, {"type": "Feature", "geometry": {"type": "Polygon", "coordinates": [[[93.56066666666666, 25.886000000000003], [93.56066666666666, 25.880750000000003], [93.56583333333333, 25.880750000000003], [93.56583333333333, 25.886000000000003], [93.56066666666666, 25.886000000000003]]]}, "properties": {"class_value": 1, "class_name": "Stable"}}, {"type": "Feature", "geometry": {"type": "Polygon", "coordinates": [[[93.73116666666667, 25.886000000000003], [93.73116666666667, 25.880750000000003], [93.73633333333333, 25.880750000000003], [93.73633333333333, 25.886000000000003], [93.73116666666667, 25.886000000000003]]]}, "properties": {"class_value": 1, "class_name": "Stable"}}, {"type": "Feature", "geometry": {"type": "Polygon", "coordinates": [[[92.78566666666666, 25.886000000000003], [92.78566666666666, 25.875500000000002], [92.79083333333332, 25.875500000000002], [92.79083333333332, 25.886000000000003], [92.78566666666666, 25.886000000000003]]]}, "properties": {"class_value": 1, "class_name": "Stable"}}, {"type": "Feature", "geometry": {"type": "Polygon", "coordinates": [[[92.34133333333332, 25.880750000000003], [92.34133333333332, 25.875500000000002], [92.34649999999999, 25.875500000000002], [92.34649999999999, 25.880750000000003], [92.34133333333332, 25.880750000000003]]]}, "properties": {"class_value": 1, "class_name": "Stable"}}, {"type": "Feature", "geometry": {"type": "Polygon", "coordinates": [[[92.49116666666666, 25.880750000000003], [92.49116666666666, 25.875500000000002], [92.49633333333333, 25.875500000000002], [92.49633333333333, 25.880750000000003], [92.49116666666666, 25.880750000000003]]]}, "properties": {"class_value": 1, "class_name": "Stable"}}, {"type": "Feature", "geometry": {"type": "Polygon", "coordinates": [[[92.71849999999999, 25.880750000000003], [92.71849999999999, 25.875500000000002], [92.72366666666666, 25.875500000000002], [92.72366666666666, 25.880750000000003], [92.71849999999999, 25.880750000000003]]]}, "properties": {"class_value": 1, "class_name": "Stable"}}, {"type": "Feature", "geometry": {"type": "Polygon", "coordinates": [[[92.94583333333333, 25.880750000000003], [92.94583333333333, 25.875500000000002], [92.951, 25.875500000000002], [92.951, 25.880750000000003], [92.94583333333333, 25.880750000000003]]]}, "properties": {"class_value": 1, "class_name": "Stable"}}, {"type": "Feature", "geometry": {"type": "Polygon", "coordinates": [[[92.96133333333333, 25.880750000000003], [92.96133333333333, 25.875500000000002], [92.9665, 25.875500000000002], [92.9665, 25.880750000000003], [92.96133333333333, 25.880750000000003]]]}, "properties": {"class_value": 1, "class_name": "Stable"}}, {"type": "Feature", "geometry": {"type": "Polygon", "coordinates": [[[92.982, 25.880750000000003], [92.982, 25.875500000000002], [92.98716666666667, 25.875500000000002], [92.98716666666667, 25.880750000000003], [92.982, 25.880750000000003]]]}, "properties": {"class_value": 1, "class_name": "Stable"}}, {"type": "Feature", "geometry": {"type": "Polygon", "coordinates": [[[93.17833333333333, 25.880750000000003], [93.17833333333333, 25.875500000000002], [93.1835, 25.875500000000002], [93.1835, 25.880750000000003], [93.17833333333333, 25.880750000000003]]]}, "properties": {"class_value": 1, "class_name": "Stable"}}, {"type": "Feature", "geometry": {"type": "Polygon", "coordinates": [[[93.24549999999999, 25.880750000000003], [93.24549999999999, 25.875500000000002], [93.25066666666666, 25.875500000000002], [93.25066666666666, 25.880750000000003], [93.24549999999999, 25.880750000000003]]]}, "properties": {"class_value": 1, "class_name": "Stable"}}, {"type": "Feature", "geometry": {"type": "Polygon", "coordinates": [[[93.2765, 25.880750000000003], [93.2765, 25.875500000000002], [93.28166666666667, 25.875500000000002], [93.28166666666667, 25.880750000000003], [93.2765, 25.880750000000003]]]}, "properties": {"class_value": 1, "class_name": "Stable"}}, {"type": "Feature", "geometry": {"type": "Polygon", "coordinates": [[[93.4005, 25.880750000000003], [93.4005, 25.875500000000002], [93.40566666666666, 25.875500000000002], [93.40566666666666, 25.880750000000003], [93.4005, 25.880750000000003]]]}, "properties": {"class_value": 1, "class_name": "Stable"}}, {"type": "Feature", "geometry": {"type": "Polygon", "coordinates": [[[93.5555, 25.880750000000003], [93.5555, 25.875500000000002], [93.56066666666666, 25.875500000000002], [93.56066666666666, 25.880750000000003], [93.5555, 25.880750000000003]]]}, "properties": {"class_value": 1, "class_name": "Stable"}}, {"type": "Feature", "geometry": {"type": "Polygon", "coordinates": [[[93.60716666666666, 25.880750000000003], [93.60716666666666, 25.875500000000002], [93.61233333333332, 25.875500000000002], [93.61233333333332, 25.880750000000003], [93.60716666666666, 25.880750000000003]]]}, "properties": {"class_value": 1, "class_name": "Stable"}}, {"type": "Feature", "geometry": {"type": "Polygon", "coordinates": [[[93.65883333333333, 25.880750000000003], [93.65883333333333, 25.875500000000002], [93.664, 25.875500000000002], [93.664, 25.880750000000003], [93.65883333333333, 25.880750000000003]]]}, "properties": {"class_value": 1, "class_name": "Stable"}}, {"type": "Feature", "geometry": {"type": "Polygon", "coordinates": [[[93.66916666666667, 25.880750000000003], [93.66916666666667, 25.875500000000002], [93.67433333333334, 25.875500000000002], [93.67433333333334, 25.880750000000003], [93.66916666666667, 25.880750000000003]]]}, "properties": {"class_value": 1, "class_name": "Stable"}}, {"type": "Feature", "geometry": {"type": "Polygon", "coordinates": [[[93.83966666666666, 25.880750000000003], [93.83966666666666, 25.875500000000002], [93.84483333333333, 25.875500000000002], [93.84483333333333, 25.880750000000003], [93.83966666666666, 25.880750000000003]]]}, "properties": {"class_value": 1, "class_name": "Stable"}}, {"type": "Feature", "geometry": {"type": "Polygon", "coordinates": [[[93.51416666666667, 25.880750000000003], [93.51416666666667, 25.870250000000002], [93.51933333333334, 25.870250000000002], [93.51933333333334, 25.880750000000003], [93.51416666666667, 25.880750000000003]]]}, "properties": {"class_value": 1, "class_name": "Stable"}}, {"type": "Feature", "geometry": {"type": "Polygon", "coordinates": [[[92.31033333333333, 25.875500000000002], [92.31033333333333, 25.870250000000002], [92.3155, 25.870250000000002], [92.3155, 25.875500000000002], [92.31033333333333, 25.875500000000002]]]}, "properties": {"class_value": 1, "class_name": "Stable"}}, {"type": "Feature", "geometry": {"type": "Polygon", "coordinates": [[[92.46016666666667, 25.875500000000002], [92.46016666666667, 25.870250000000002], [92.46533333333333, 25.870250000000002], [92.46533333333333, 25.875500000000002], [92.46016666666667, 25.875500000000002]]]}, "properties": {"class_value": 1, "class_name": "Stable"}}, {"type": "Feature", "geometry": {"type": "Polygon", "coordinates": [[[92.858, 25.875500000000002], [92.858, 25.870250000000002], [92.86316666666666, 25.870250000000002], [92.86316666666666, 25.875500000000002], [92.858, 25.875500000000002]]]}, "properties": {"class_value": 1, "class_name": "Stable"}}, {"type": "Feature", "geometry": {"type": "Polygon", "coordinates": [[[93.075, 25.875500000000002], [93.075, 25.870250000000002], [93.08016666666667, 25.870250000000002], [93.08016666666667, 25.875500000000002], [93.075, 25.875500000000002]]]}, "properties": {"class_value": 1, "class_name": "Stable"}}, {"type": "Feature", "geometry": {"type": "Polygon", "coordinates": [[[93.199, 25.875500000000002], [93.199, 25.870250000000002], [93.20416666666667, 25.870250000000002], [93.20416666666667, 25.875500000000002], [93.199, 25.875500000000002]]]}, "properties": {"class_value": 1, "class_name": "Stable"}}, {"type": "Feature", "geometry": {"type": "Polygon", "coordinates": [[[93.39016666666666, 25.875500000000002], [93.39016666666666, 25.870250000000002], [93.39533333333333, 25.870250000000002], [93.39533333333333, 25.875500000000002], [93.39016666666666, 25.875500000000002]]]}, "properties": {"class_value": 1, "class_name": "Stable"}}, {"type": "Feature", "geometry": {"type": "Polygon", "coordinates": [[[93.56066666666666, 25.875500000000002], [93.56066666666666, 25.870250000000002], [93.56583333333333, 25.870250000000002], [93.56583333333333, 25.875500000000002], [93.56066666666666, 25.875500000000002]]]}, "properties": {"class_value": 1, "class_name": "Stable"}}, {"type": "Feature", "geometry": {"type": "Polygon", "coordinates": [[[93.7725, 25.875500000000002], [93.7725, 25.870250000000002], [93.77766666666666, 25.870250000000002], [93.77766666666666, 25.875500000000002], [93.7725, 25.875500000000002]]]}, "properties": {"class_value": 1, "class_name": "Stable"}}, {"type": "Feature", "geometry": {"type": "Polygon", "coordinates": [[[93.59683333333334, 25.875500000000002], [93.59683333333334, 25.865000000000002], [93.602, 25.865000000000002], [93.602, 25.875500000000002], [93.59683333333334, 25.875500000000002]]]}, "properties": {"class_value": 1, "class_name": "Stable"}}, {"type": "Feature", "geometry": {"type": "Polygon", "coordinates": [[[92.31033333333333, 25.870250000000002], [92.31033333333333, 25.865000000000002], [92.3155, 25.865000000000002], [92.3155, 25.870250000000002], [92.31033333333333, 25.870250000000002]]]}, "properties": {"class_value": 5, "class_name": "Uncertain / Other"}}, {"type": "Feature", "geometry": {"type": "Polygon", "coordinates": [[[92.4085, 25.870250000000002], [92.4085, 25.865000000000002], [92.41366666666666, 25.865000000000002], [92.41366666666666, 25.870250000000002], [92.4085, 25.870250000000002]]]}, "properties": {"class_value": 1, "class_name": "Stable"}}, {"type": "Feature", "geometry": {"type": "Polygon", "coordinates": [[[92.827, 25.870250000000002], [92.827, 25.865000000000002], [92.83216666666667, 25.865000000000002], [92.83216666666667, 25.870250000000002], [92.827, 25.870250000000002]]]}, "properties": {"class_value": 1, "class_name": "Stable"}}, {"type": "Feature", "geometry": {"type": "Polygon", "coordinates": [[[92.86833333333333, 25.870250000000002], [92.86833333333333, 25.865000000000002], [92.87349999999999, 25.865000000000002], [92.87349999999999, 25.870250000000002], [92.86833333333333, 25.870250000000002]]]}, "properties": {"class_value": 1, "class_name": "Stable"}}, {"type": "Feature", "geometry": {"type": "Polygon", "coordinates": [[[92.95616666666666, 25.870250000000002], [92.95616666666666, 25.865000000000002], [92.96133333333333, 25.865000000000002], [92.96133333333333, 25.870250000000002], [92.95616666666666, 25.870250000000002]]]}, "properties": {"class_value": 1, "class_name": "Stable"}}, {"type": "Feature", "geometry": {"type": "Polygon", "coordinates": [[[93.00783333333334, 25.870250000000002], [93.00783333333334, 25.865000000000002], [93.01299999999999, 25.865000000000002], [93.01299999999999, 25.870250000000002], [93.00783333333334, 25.870250000000002]]]}, "properties": {"class_value": 1, "class_name": "Stable"}}, {"type": "Feature", "geometry": {"type": "Polygon", "coordinates": [[[93.02333333333333, 25.870250000000002], [93.02333333333333, 25.865000000000002], [93.0285, 25.865000000000002], [93.0285, 25.870250000000002], [93.02333333333333, 25.870250000000002]]]}, "properties": {"class_value": 1, "class_name": "Stable"}}, {"type": "Feature", "geometry": {"type": "Polygon", "coordinates": [[[93.08533333333332, 25.870250000000002], [93.08533333333332, 25.865000000000002], [93.09049999999999, 25.865000000000002], [93.09049999999999, 25.870250000000002], [93.08533333333332, 25.870250000000002]]]}, "properties": {"class_value": 1, "class_name": "Stable"}}, {"type": "Feature", "geometry": {"type": "Polygon", "coordinates": [[[93.10083333333333, 25.870250000000002], [93.10083333333333, 25.865000000000002], [93.106, 25.865000000000002], [93.106, 25.870250000000002], [93.10083333333333, 25.870250000000002]]]}, "properties": {"class_value": 2, "class_name": "Degrading"}}, {"type": "Feature", "geometry": {"type": "Polygon", "coordinates": [[[93.12666666666667, 25.870250000000002], [93.12666666666667, 25.865000000000002], [93.13183333333333, 25.865000000000002], [93.13183333333333, 25.870250000000002], [93.12666666666667, 25.870250000000002]]]}, "properties": {"class_value": 1, "class_name": "Stable"}}, {"type": "Feature", "geometry": {"type": "Polygon", "coordinates": [[[93.261, 25.870250000000002], [93.261, 25.865000000000002], [93.26616666666666, 25.865000000000002], [93.26616666666666, 25.870250000000002], [93.261, 25.870250000000002]]]}, "properties": {"class_value": 1, "class_name": "Stable"}}, {"type": "Feature", "geometry": {"type": "Polygon", "coordinates": [[[93.33333333333333, 25.870250000000002], [93.33333333333333, 25.865000000000002], [93.3385, 25.865000000000002], [93.3385, 25.870250000000002], [93.33333333333333, 25.870250000000002]]]}, "properties": {"class_value": 1, "class_name": "Stable"}}, {"type": "Feature", "geometry": {"type": "Polygon", "coordinates": [[[93.45733333333332, 25.870250000000002], [93.45733333333332, 25.865000000000002], [93.46249999999999, 25.865000000000002], [93.46249999999999, 25.870250000000002], [93.45733333333332, 25.870250000000002]]]}, "properties": {"class_value": 1, "class_name": "Stable"}}, {"type": "Feature", "geometry": {"type": "Polygon", "coordinates": [[[93.49866666666667, 25.870250000000002], [93.49866666666667, 25.865000000000002], [93.50383333333333, 25.865000000000002], [93.50383333333333, 25.870250000000002], [93.49866666666667, 25.870250000000002]]]}, "properties": {"class_value": 1, "class_name": "Stable"}}, {"type": "Feature", "geometry": {"type": "Polygon", "coordinates": [[[93.61749999999999, 25.870250000000002], [93.61749999999999, 25.865000000000002], [93.62783333333333, 25.865000000000002], [93.62783333333333, 25.870250000000002], [93.61749999999999, 25.870250000000002]]]}, "properties": {"class_value": 1, "class_name": "Stable"}}, {"type": "Feature", "geometry": {"type": "Polygon", "coordinates": [[[93.6485, 25.870250000000002], [93.6485, 25.865000000000002], [93.65366666666667, 25.865000000000002], [93.65366666666667, 25.870250000000002], [93.6485, 25.870250000000002]]]}, "properties": {"class_value": 1, "class_name": "Stable"}}, {"type": "Feature", "geometry": {"type": "Polygon", "coordinates": [[[92.30516666666666, 25.865000000000002], [92.30516666666666, 25.859750000000002], [92.31033333333333, 25.859750000000002], [92.31033333333333, 25.865000000000002], [92.30516666666666, 25.865000000000002]]]}, "properties": {"class_value": 1, "class_name": "Stable"}}, {"type": "Feature", "geometry": {"type": "Polygon", "coordinates": [[[92.34133333333332, 25.865000000000002], [92.34133333333332, 25.859750000000002], [92.34649999999999, 25.859750000000002], [92.34649999999999, 25.865000000000002], [92.34133333333332, 25.865000000000002]]]}, "properties": {"class_value": 1, "class_name": "Stable"}}, {"type": "Feature", "geometry": {"type": "Polygon", "coordinates": [[[92.73916666666666, 25.865000000000002], [92.73916666666666, 25.859750000000002], [92.74433333333333, 25.859750000000002], [92.74433333333333, 25.865000000000002], [92.73916666666666, 25.865000000000002]]]}, "properties": {"class_value": 1, "class_name": "Stable"}}, {"type": "Feature", "geometry": {"type": "Polygon", "coordinates": [[[92.83216666666667, 25.865000000000002], [92.83216666666667, 25.859750000000002], [92.83733333333333, 25.859750000000002], [92.83733333333333, 25.865000000000002], [92.83216666666667, 25.865000000000002]]]}, "properties": {"class_value": 1, "class_name": "Stable"}}, {"type": "Feature", "geometry": {"type": "Polygon", "coordinates": [[[92.84766666666667, 25.865000000000002], [92.84766666666667, 25.859750000000002], [92.85283333333334, 25.859750000000002], [92.85283333333334, 25.865000000000002], [92.84766666666667, 25.865000000000002]]]}, "properties": {"class_value": 1, "class_name": "Stable"}}, {"type": "Feature", "geometry": {"type": "Polygon", "coordinates": [[[92.88383333333333, 25.865000000000002], [92.88383333333333, 25.859750000000002], [92.889, 25.859750000000002], [92.889, 25.865000000000002], [92.88383333333333, 25.865000000000002]]]}, "properties": {"class_value": 1, "class_name": "Stable"}}, {"type": "Feature", "geometry": {"type": "Polygon", "coordinates": [[[93.1215, 25.865000000000002], [93.1215, 25.859750000000002], [93.12666666666667, 25.859750000000002], [93.12666666666667, 25.865000000000002], [93.1215, 25.865000000000002]]]}, "properties": {"class_value": 1, "class_name": "Stable"}}, {"type": "Feature", "geometry": {"type": "Polygon", "coordinates": [[[93.50383333333333, 25.865000000000002], [93.50383333333333, 25.859750000000002], [93.509, 25.859750000000002], [93.509, 25.865000000000002], [93.50383333333333, 25.865000000000002]]]}, "properties": {"class_value": 1, "class_name": "Stable"}}, {"type": "Feature", "geometry": {"type": "Polygon", "coordinates": [[[92.40333333333334, 25.865000000000002], [92.40333333333334, 25.8545], [92.4085, 25.8545], [92.4085, 25.865000000000002], [92.40333333333334, 25.865000000000002]]]}, "properties": {"class_value": 1, "class_name": "Stable"}}, {"type": "Feature", "geometry": {"type": "Polygon", "coordinates": [[[93.53483333333332, 25.865000000000002], [93.53483333333332, 25.8545], [93.53999999999999, 25.8545], [93.53999999999999, 25.865000000000002], [93.53483333333332, 25.865000000000002]]]}, "properties": {"class_value": 1, "class_name": "Stable"}}, {"type": "Feature", "geometry": {"type": "Polygon", "coordinates": [[[92.47566666666667, 25.859750000000002], [92.47566666666667, 25.8545], [92.48083333333334, 25.8545], [92.48083333333334, 25.859750000000002], [92.47566666666667, 25.859750000000002]]]}, "properties": {"class_value": 1, "class_name": "Stable"}}, {"type": "Feature", "geometry": {"type": "Polygon", "coordinates": [[[92.49633333333333, 25.859750000000002], [92.49633333333333, 25.8545], [92.5015, 25.8545], [92.5015, 25.859750000000002], [92.49633333333333, 25.859750000000002]]]}, "properties": {"class_value": 2, "class_name": "Degrading"}}, {"type": "Feature", "geometry": {"type": "Polygon", "coordinates": [[[92.56866666666666, 25.859750000000002], [92.56866666666666, 25.8545], [92.57383333333333, 25.8545], [92.57383333333333, 25.859750000000002], [92.56866666666666, 25.859750000000002]]]}, "properties": {"class_value": 2, "class_name": "Degrading"}}, {"type": "Feature", "geometry": {"type": "Polygon", "coordinates": [[[92.66683333333333, 25.859750000000002], [92.66683333333333, 25.8545], [92.672, 25.8545], [92.672, 25.859750000000002], [92.66683333333333, 25.859750000000002]]]}, "properties": {"class_value": 1, "class_name": "Stable"}}, {"type": "Feature", "geometry": {"type": "Polygon", "coordinates": [[[93.09566666666666, 25.859750000000002], [93.09566666666666, 25.8545], [93.10083333333333, 25.8545], [93.10083333333333, 25.859750000000002], [93.09566666666666, 25.859750000000002]]]}, "properties": {"class_value": 1, "class_name": "Stable"}}, {"type": "Feature", "geometry": {"type": "Polygon", "coordinates": [[[93.38499999999999, 25.859750000000002], [93.38499999999999, 25.8545], [93.39016666666666, 25.8545], [93.39016666666666, 25.859750000000002], [93.38499999999999, 25.859750000000002]]]}, "properties": {"class_value": 1, "class_name": "Stable"}}, {"type": "Feature", "geometry": {"type": "Polygon", "coordinates": [[[93.70533333333333, 25.859750000000002], [93.70533333333333, 25.8545], [93.7105, 25.8545], [93.7105, 25.859750000000002], [93.70533333333333, 25.859750000000002]]]}, "properties": {"class_value": 1, "class_name": "Stable"}}, {"type": "Feature", "geometry": {"type": "Polygon", "coordinates": [[[93.77766666666666, 25.859750000000002], [93.77766666666666, 25.8545], [93.78283333333333, 25.8545], [93.78283333333333, 25.859750000000002], [93.77766666666666, 25.859750000000002]]]}, "properties": {"class_value": 2, "class_name": "Degrading"}}, {"type": "Feature", "geometry": {"type": "Polygon", "coordinates": [[[92.34133333333332, 25.8545], [92.34133333333332, 25.84925], [92.34649999999999, 25.84925], [92.34649999999999, 25.8545], [92.34133333333332, 25.8545]]]}, "properties": {"class_value": 1, "class_name": "Stable"}}, {"type": "Feature", "geometry": {"type": "Polygon", "coordinates": [[[92.38783333333333, 25.8545], [92.38783333333333, 25.84925], [92.393, 25.84925], [92.393, 25.8545], [92.38783333333333, 25.8545]]]}, "properties": {"class_value": 1, "class_name": "Stable"}}, {"type": "Feature", "geometry": {"type": "Polygon", "coordinates": [[[92.42399999999999, 25.8545], [92.42399999999999, 25.84925], [92.42916666666666, 25.84925], [92.42916666666666, 25.8545], [92.42399999999999, 25.8545]]]}, "properties": {"class_value": 1, "class_name": "Stable"}}, {"type": "Feature", "geometry": {"type": "Polygon", "coordinates": [[[92.54283333333333, 25.8545], [92.54283333333333, 25.84925], [92.548, 25.84925], [92.548, 25.8545], [92.54283333333333, 25.8545]]]}, "properties": {"class_value": 1, "class_name": "Stable"}}, {"type": "Feature", "geometry": {"type": "Polygon", "coordinates": [[[92.67716666666666, 25.8545], [92.67716666666666, 25.84925], [92.68233333333333, 25.84925], [92.68233333333333, 25.8545], [92.67716666666666, 25.8545]]]}, "properties": {"class_value": 1, "class_name": "Stable"}}, {"type": "Feature", "geometry": {"type": "Polygon", "coordinates": [[[93.0285, 25.8545], [93.0285, 25.84925], [93.03366666666666, 25.84925], [93.03366666666666, 25.8545], [93.0285, 25.8545]]]}, "properties": {"class_value": 1, "class_name": "Stable"}}, {"type": "Feature", "geometry": {"type": "Polygon", "coordinates": [[[93.06983333333334, 25.8545], [93.06983333333334, 25.84925], [93.075, 25.84925], [93.075, 25.8545], [93.06983333333334, 25.8545]]]}, "properties": {"class_value": 1, "class_name": "Stable"}}, {"type": "Feature", "geometry": {"type": "Polygon", "coordinates": [[[93.37466666666667, 25.8545], [93.37466666666667, 25.84925], [93.37983333333334, 25.84925], [93.37983333333334, 25.8545], [93.37466666666667, 25.8545]]]}, "properties": {"class_value": 2, "class_name": "Degrading"}}, {"type": "Feature", "geometry": {"type": "Polygon", "coordinates": [[[93.65366666666667, 25.8545], [93.65366666666667, 25.84925], [93.65883333333333, 25.84925], [93.65883333333333, 25.8545], [93.65366666666667, 25.8545]]]}, "properties": {"class_value": 1, "class_name": "Stable"}}, {"type": "Feature", "geometry": {"type": "Polygon", "coordinates": [[[93.819, 25.8545], [93.819, 25.84925], [93.82416666666667, 25.84925], [93.82416666666667, 25.8545], [93.819, 25.8545]]]}, "properties": {"class_value": 1, "class_name": "Stable"}}, {"type": "Feature", "geometry": {"type": "Polygon", "coordinates": [[[93.83449999999999, 25.8545], [93.83449999999999, 25.84925], [93.83966666666666, 25.84925], [93.83966666666666, 25.8545], [93.83449999999999, 25.8545]]]}, "properties": {"class_value": 1, "class_name": "Stable"}}, {"type": "Feature", "geometry": {"type": "Polygon", "coordinates": [[[93.09049999999999, 25.8545], [93.09049999999999, 25.844], [93.09566666666666, 25.844], [93.09566666666666, 25.8545], [93.09049999999999, 25.8545]]]}, "properties": {"class_value": 1, "class_name": "Stable"}}, {"type": "Feature", "geometry": {"type": "Polygon", "coordinates": [[[93.24033333333333, 25.8545], [93.24033333333333, 25.844], [93.24549999999999, 25.844], [93.24549999999999, 25.8545], [93.24033333333333, 25.8545]]]}, "properties": {"class_value": 1, "class_name": "Stable"}}, {"type": "Feature", "geometry": {"type": "Polygon", "coordinates": [[[93.28683333333333, 25.8545], [93.28683333333333, 25.844], [93.29716666666667, 25.844], [93.29716666666667, 25.84925], [93.292, 25.84925], [93.292, 25.8545], [93.28683333333333, 25.8545]]]}, "properties": {"class_value": 1, "class_name": "Stable"}}, {"type": "Feature", "geometry": {"type": "Polygon", "coordinates": [[[92.35683333333333, 25.84925], [92.35683333333333, 25.844], [92.362, 25.844], [92.362, 25.84925], [92.35683333333333, 25.84925]]]}, "properties": {"class_value": 1, "class_name": "Stable"}}, {"type": "Feature", "geometry": {"type": "Polygon", "coordinates": [[[92.36716666666666, 25.84925], [92.36716666666666, 25.844], [92.37233333333333, 25.844], [92.37233333333333, 25.84925], [92.36716666666666, 25.84925]]]}, "properties": {"class_value": 5, "class_name": "Uncertain / Other"}}, {"type": "Feature", "geometry": {"type": "Polygon", "coordinates": [[[92.42916666666666, 25.84925], [92.42916666666666, 25.844], [92.43433333333333, 25.844], [92.43433333333333, 25.84925], [92.42916666666666, 25.84925]]]}, "properties": {"class_value": 1, "class_name": "Stable"}}, {"type": "Feature", "geometry": {"type": "Polygon", "coordinates": [[[92.6255, 25.84925], [92.6255, 25.844], [92.63066666666667, 25.844], [92.63066666666667, 25.84925], [92.6255, 25.84925]]]}, "properties": {"class_value": 1, "class_name": "Stable"}}, {"type": "Feature", "geometry": {"type": "Polygon", "coordinates": [[[92.72883333333333, 25.84925], [92.72883333333333, 25.844], [92.734, 25.844], [92.734, 25.84925], [92.72883333333333, 25.84925]]]}, "properties": {"class_value": 1, "class_name": "Stable"}}, {"type": "Feature", "geometry": {"type": "Polygon", "coordinates": [[[92.80633333333333, 25.84925], [92.80633333333333, 25.844], [92.8115, 25.844], [92.8115, 25.84925], [92.80633333333333, 25.84925]]]}, "properties": {"class_value": 2, "class_name": "Degrading"}}, {"type": "Feature", "geometry": {"type": "Polygon", "coordinates": [[[92.87866666666666, 25.84925], [92.87866666666666, 25.844], [92.88383333333333, 25.844], [92.88383333333333, 25.84925], [92.87866666666666, 25.84925]]]}, "properties": {"class_value": 1, "class_name": "Stable"}}, {"type": "Feature", "geometry": {"type": "Polygon", "coordinates": [[[93.01299999999999, 25.84925], [93.01299999999999, 25.844], [93.02333333333333, 25.844], [93.02333333333333, 25.84925], [93.01299999999999, 25.84925]]]}, "properties": {"class_value": 1, "class_name": "Stable"}}, {"type": "Feature", "geometry": {"type": "Polygon", "coordinates": [[[93.15766666666666, 25.84925], [93.15766666666666, 25.844], [93.16283333333332, 25.844], [93.16283333333332, 25.84925], [93.15766666666666, 25.84925]]]}, "properties": {"class_value": 1, "class_name": "Stable"}}, {"type": "Feature", "geometry": {"type": "Polygon", "coordinates": [[[93.16799999999999, 25.84925], [93.16799999999999, 25.844], [93.17316666666666, 25.844], [93.17316666666666, 25.84925], [93.16799999999999, 25.84925]]]}, "properties": {"class_value": 1, "class_name": "Stable"}}, {"type": "Feature", "geometry": {"type": "Polygon", "coordinates": [[[93.44183333333334, 25.84925], [93.44183333333334, 25.844], [93.447, 25.844], [93.447, 25.84925], [93.44183333333334, 25.84925]]]}, "properties": {"class_value": 1, "class_name": "Stable"}}, {"type": "Feature", "geometry": {"type": "Polygon", "coordinates": [[[93.49866666666667, 25.84925], [93.49866666666667, 25.844], [93.50383333333333, 25.844], [93.50383333333333, 25.84925], [93.49866666666667, 25.84925]]]}, "properties": {"class_value": 1, "class_name": "Stable"}}, {"type": "Feature", "geometry": {"type": "Polygon", "coordinates": [[[93.51416666666667, 25.84925], [93.51416666666667, 25.844], [93.51933333333334, 25.844], [93.51933333333334, 25.84925], [93.51416666666667, 25.84925]]]}, "properties": {"class_value": 1, "class_name": "Stable"}}, {"type": "Feature", "geometry": {"type": "Polygon", "coordinates": [[[93.571, 25.84925], [93.571, 25.844], [93.57616666666667, 25.844], [93.57616666666667, 25.84925], [93.571, 25.84925]]]}, "properties": {"class_value": 1, "class_name": "Stable"}}, {"type": "Feature", "geometry": {"type": "Polygon", "coordinates": [[[93.58133333333333, 25.84925], [93.58133333333333, 25.844], [93.5865, 25.844], [93.5865, 25.84925], [93.58133333333333, 25.84925]]]}, "properties": {"class_value": 5, "class_name": "Uncertain / Other"}}, {"type": "Feature", "geometry": {"type": "Polygon", "coordinates": [[[93.82933333333332, 25.84925], [93.82933333333332, 25.844], [93.83449999999999, 25.844], [93.83449999999999, 25.84925], [93.82933333333332, 25.84925]]]}, "properties": {"class_value": 1, "class_name": "Stable"}}, {"type": "Feature", "geometry": {"type": "Polygon", "coordinates": [[[92.33616666666667, 25.844], [92.33616666666667, 25.83875], [92.34133333333332, 25.83875], [92.34133333333332, 25.844], [92.33616666666667, 25.844]]]}, "properties": {"class_value": 1, "class_name": "Stable"}}, {"type": "Feature", "geometry": {"type": "Polygon", "coordinates": [[[92.362, 25.844], [92.362, 25.83875], [92.36716666666666, 25.83875], [92.36716666666666, 25.844], [92.362, 25.844]]]}, "properties": {"class_value": 5, "class_name": "Uncertain / Other"}}, {"type": "Feature", "geometry": {"type": "Polygon", "coordinates": [[[92.43433333333333, 25.844], [92.43433333333333, 25.83875], [92.4395, 25.83875], [92.4395, 25.844], [92.43433333333333, 25.844]]]}, "properties": {"class_value": 2, "class_name": "Degrading"}}, {"type": "Feature", "geometry": {"type": "Polygon", "coordinates": [[[92.4395, 25.844], [92.4395, 25.83875], [92.44466666666666, 25.83875], [92.44466666666666, 25.844], [92.4395, 25.844]]]}, "properties": {"class_value": 1, "class_name": "Stable"}}, {"type": "Feature", "geometry": {"type": "Polygon", "coordinates": [[[92.56866666666666, 25.844], [92.56866666666666, 25.83875], [92.57383333333333, 25.83875], [92.57383333333333, 25.844], [92.56866666666666, 25.844]]]}, "properties": {"class_value": 1, "class_name": "Stable"}}, {"type": "Feature", "geometry": {"type": "Polygon", "coordinates": [[[92.61, 25.844], [92.61, 25.83875], [92.61516666666667, 25.83875], [92.61516666666667, 25.844], [92.61, 25.844]]]}, "properties": {"class_value": 1, "class_name": "Stable"}}, {"type": "Feature", "geometry": {"type": "Polygon", "coordinates": [[[92.63066666666667, 25.844], [92.63066666666667, 25.83875], [92.63583333333332, 25.83875], [92.63583333333332, 25.844], [92.63066666666667, 25.844]]]}, "properties": {"class_value": 1, "class_name": "Stable"}}, {"type": "Feature", "geometry": {"type": "Polygon", "coordinates": [[[92.734, 25.844], [92.734, 25.83875], [92.73916666666666, 25.83875], [92.73916666666666, 25.844], [92.734, 25.844]]]}, "properties": {"class_value": 1, "class_name": "Stable"}}, {"type": "Feature", "geometry": {"type": "Polygon", "coordinates": [[[92.78566666666666, 25.844], [92.78566666666666, 25.83875], [92.79083333333332, 25.83875], [92.79083333333332, 25.844], [92.78566666666666, 25.844]]]}, "properties": {"class_value": 1, "class_name": "Stable"}}, {"type": "Feature", "geometry": {"type": "Polygon", "coordinates": [[[92.8425, 25.844], [92.8425, 25.83875], [92.84766666666667, 25.83875], [92.84766666666667, 25.844], [92.8425, 25.844]]]}, "properties": {"class_value": 1, "class_name": "Stable"}}, {"type": "Feature", "geometry": {"type": "Polygon", "coordinates": [[[92.89416666666666, 25.844], [92.89416666666666, 25.83875], [92.89933333333333, 25.83875], [92.89933333333333, 25.844], [92.89416666666666, 25.844]]]}, "properties": {"class_value": 1, "class_name": "Stable"}}, {"type": "Feature", "geometry": {"type": "Polygon", "coordinates": [[[92.92516666666667, 25.844], [92.92516666666667, 25.83875], [92.93033333333334, 25.83875], [92.93033333333334, 25.844], [92.92516666666667, 25.844]]]}, "properties": {"class_value": 1, "class_name": "Stable"}}, {"type": "Feature", "geometry": {"type": "Polygon", "coordinates": [[[93.12666666666667, 25.844], [93.12666666666667, 25.83875], [93.13183333333333, 25.83875], [93.13183333333333, 25.844], [93.12666666666667, 25.844]]]}, "properties": {"class_value": 1, "class_name": "Stable"}}, {"type": "Feature", "geometry": {"type": "Polygon", "coordinates": [[[93.14733333333334, 25.844], [93.14733333333334, 25.83875], [93.1525, 25.83875], [93.1525, 25.844], [93.14733333333334, 25.844]]]}, "properties": {"class_value": 1, "class_name": "Stable"}}, {"type": "Feature", "geometry": {"type": "Polygon", "coordinates": [[[93.199, 25.844], [93.199, 25.83875], [93.20416666666667, 25.83875], [93.20416666666667, 25.844], [93.199, 25.844]]]}, "properties": {"class_value": 1, "class_name": "Stable"}}, {"type": "Feature", "geometry": {"type": "Polygon", "coordinates": [[[93.2765, 25.844], [93.2765, 25.83875], [93.28166666666667, 25.83875], [93.28166666666667, 25.844], [93.2765, 25.844]]]}, "properties": {"class_value": 1, "class_name": "Stable"}}, {"type": "Feature", "geometry": {"type": "Polygon", "coordinates": [[[93.36433333333333, 25.844], [93.36433333333333, 25.83875], [93.3695, 25.83875], [93.3695, 25.844], [93.36433333333333, 25.844]]]}, "properties": {"class_value": 2, "class_name": "Degrading"}}, {"type": "Feature", "geometry": {"type": "Polygon", "coordinates": [[[93.42633333333333, 25.844], [93.42633333333333, 25.83875], [93.4315, 25.83875], [93.4315, 25.844], [93.42633333333333, 25.844]]]}, "properties": {"class_value": 1, "class_name": "Stable"}}, {"type": "Feature", "geometry": {"type": "Polygon", "coordinates": [[[93.47283333333333, 25.844], [93.47283333333333, 25.83875], [93.478, 25.83875], [93.478, 25.844], [93.47283333333333, 25.844]]]}, "properties": {"class_value": 1, "class_name": "Stable"}}, {"type": "Feature", "geometry": {"type": "Polygon", "coordinates": [[[93.5555, 25.844], [93.5555, 25.83875], [93.571, 25.83875], [93.571, 25.844], [93.5555, 25.844]]]}, "properties": {"class_value": 1, "class_name": "Stable"}}, {"type": "Feature", "geometry": {"type": "Polygon", "coordinates": [[[93.664, 25.844], [93.664, 25.83875], [93.66916666666667, 25.83875], [93.66916666666667, 25.844], [93.664, 25.844]]]}, "properties": {"class_value": 1, "class_name": "Stable"}}, {"type": "Feature", "geometry": {"type": "Polygon", "coordinates": [[[93.83966666666666, 25.844], [93.83966666666666, 25.83875], [93.84483333333333, 25.83875], [93.84483333333333, 25.844], [93.83966666666666, 25.844]]]}, "properties": {"class_value": 1, "class_name": "Stable"}}, {"type": "Feature", "geometry": {"type": "Polygon", "coordinates": [[[92.38266666666667, 25.844], [92.38266666666667, 25.8335], [92.38783333333333, 25.8335], [92.38783333333333, 25.844], [92.38266666666667, 25.844]]]}, "properties": {"class_value": 1, "class_name": "Stable"}}, {"type": "Feature", "geometry": {"type": "Polygon", "coordinates": [[[92.32583333333334, 25.83875], [92.32583333333334, 25.8335], [92.331, 25.8335], [92.331, 25.83875], [92.32583333333334, 25.83875]]]}, "properties": {"class_value": 1, "class_name": "Stable"}}, {"type": "Feature", "geometry": {"type": "Polygon", "coordinates": [[[92.35683333333333, 25.83875], [92.35683333333333, 25.8335], [92.362, 25.8335], [92.362, 25.83875], [92.35683333333333, 25.83875]]]}, "properties": {"class_value": 1, "class_name": "Stable"}}, {"type": "Feature", "geometry": {"type": "Polygon", "coordinates": [[[92.39816666666667, 25.83875], [92.39816666666667, 25.8335], [92.40333333333334, 25.8335], [92.40333333333334, 25.83875], [92.39816666666667, 25.83875]]]}, "properties": {"class_value": 1, "class_name": "Stable"}}, {"type": "Feature", "geometry": {"type": "Polygon", "coordinates": [[[92.486, 25.83875], [92.486, 25.8335], [92.49116666666666, 25.8335], [92.49116666666666, 25.83875], [92.486, 25.83875]]]}, "properties": {"class_value": 1, "class_name": "Stable"}}, {"type": "Feature", "geometry": {"type": "Polygon", "coordinates": [[[92.61516666666667, 25.83875], [92.61516666666667, 25.8335], [92.62033333333333, 25.8335], [92.62033333333333, 25.83875], [92.61516666666667, 25.83875]]]}, "properties": {"class_value": 1, "class_name": "Stable"}}, {"type": "Feature", "geometry": {"type": "Polygon", "coordinates": [[[92.74433333333333, 25.83875], [92.74433333333333, 25.8335], [92.75466666666667, 25.8335], [92.75466666666667, 25.83875], [92.74433333333333, 25.83875]]]}, "properties": {"class_value": 1, "class_name": "Stable"}}, {"type": "Feature", "geometry": {"type": "Polygon", "coordinates": [[[92.85283333333334, 25.83875], [92.85283333333334, 25.8335], [92.858, 25.8335], [92.858, 25.83875], [92.85283333333334, 25.83875]]]}, "properties": {"class_value": 1, "class_name": "Stable"}}, {"type": "Feature", "geometry": {"type": "Polygon", "coordinates": [[[93.01816666666666, 25.83875], [93.01816666666666, 25.8335], [93.02333333333333, 25.8335], [93.02333333333333, 25.83875], [93.01816666666666, 25.83875]]]}, "properties": {"class_value": 1, "class_name": "Stable"}}, {"type": "Feature", "geometry": {"type": "Polygon", "coordinates": [[[93.23516666666666, 25.83875], [93.23516666666666, 25.8335], [93.24033333333333, 25.8335], [93.24033333333333, 25.83875], [93.23516666666666, 25.83875]]]}, "properties": {"class_value": 1, "class_name": "Stable"}}, {"type": "Feature", "geometry": {"type": "Polygon", "coordinates": [[[93.28683333333333, 25.83875], [93.28683333333333, 25.8335], [93.292, 25.8335], [93.292, 25.83875], [93.28683333333333, 25.83875]]]}, "properties": {"class_value": 1, "class_name": "Stable"}}, {"type": "Feature", "geometry": {"type": "Polygon", "coordinates": [[[93.33333333333333, 25.83875], [93.33333333333333, 25.8335], [93.3385, 25.8335], [93.3385, 25.83875], [93.33333333333333, 25.83875]]]}, "properties": {"class_value": 1, "class_name": "Stable"}}, {"type": "Feature", "geometry": {"type": "Polygon", "coordinates": [[[93.509, 25.83875], [93.509, 25.8335], [93.51416666666667, 25.8335], [93.51416666666667, 25.83875], [93.509, 25.83875]]]}, "properties": {"class_value": 1, "class_name": "Stable"}}, {"type": "Feature", "geometry": {"type": "Polygon", "coordinates": [[[93.5865, 25.83875], [93.5865, 25.8335], [93.59166666666667, 25.8335], [93.59166666666667, 25.83875], [93.5865, 25.83875]]]}, "properties": {"class_value": 1, "class_name": "Stable"}}, {"type": "Feature", "geometry": {"type": "Polygon", "coordinates": [[[93.59683333333334, 25.83875], [93.59683333333334, 25.8335], [93.60716666666666, 25.8335], [93.60716666666666, 25.83875], [93.59683333333334, 25.83875]]]}, "properties": {"class_value": 2, "class_name": "Degrading"}}, {"type": "Feature", "geometry": {"type": "Polygon", "coordinates": [[[93.7105, 25.83875], [93.7105, 25.8335], [93.71566666666666, 25.8335], [93.71566666666666, 25.83875], [93.7105, 25.83875]]]}, "properties": {"class_value": 1, "class_name": "Stable"}}, {"type": "Feature", "geometry": {"type": "Polygon", "coordinates": [[[93.78283333333333, 25.83875], [93.78283333333333, 25.8335], [93.788, 25.8335], [93.788, 25.83875], [93.78283333333333, 25.83875]]]}, "properties": {"class_value": 1, "class_name": "Stable"}}, {"type": "Feature", "geometry": {"type": "Polygon", "coordinates": [[[93.80866666666667, 25.83875], [93.80866666666667, 25.8335], [93.81383333333333, 25.8335], [93.81383333333333, 25.83875], [93.80866666666667, 25.83875]]]}, "properties": {"class_value": 2, "class_name": "Degrading"}}, {"type": "Feature", "geometry": {"type": "Polygon", "coordinates": [[[92.3155, 25.8335], [92.3155, 25.82825], [92.32066666666667, 25.82825], [92.32066666666667, 25.8335], [92.3155, 25.8335]]]}, "properties": {"class_value": 1, "class_name": "Stable"}}, {"type": "Feature", "geometry": {"type": "Polygon", "coordinates": [[[92.54283333333333, 25.8335], [92.54283333333333, 25.82825], [92.548, 25.82825], [92.548, 25.8335], [92.54283333333333, 25.8335]]]}, "properties": {"class_value": 1, "class_name": "Stable"}}, {"type": "Feature", "geometry": {"type": "Polygon", "coordinates": [[[92.62033333333333, 25.8335], [92.62033333333333, 25.82825], [92.6255, 25.82825], [92.6255, 25.8335], [92.62033333333333, 25.8335]]]}, "properties": {"class_value": 1, "class_name": "Stable"}}, {"type": "Feature", "geometry": {"type": "Polygon", "coordinates": [[[92.80116666666666, 25.8335], [92.80116666666666, 25.82825], [92.80633333333333, 25.82825], [92.80633333333333, 25.8335], [92.80116666666666, 25.8335]]]}, "properties": {"class_value": 1, "class_name": "Stable"}}, {"type": "Feature", "geometry": {"type": "Polygon", "coordinates": [[[92.92, 25.8335], [92.92, 25.82825], [92.92516666666667, 25.82825], [92.92516666666667, 25.8335], [92.92, 25.8335]]]}, "properties": {"class_value": 1, "class_name": "Stable"}}, {"type": "Feature", "geometry": {"type": "Polygon", "coordinates": [[[92.93549999999999, 25.8335], [92.93549999999999, 25.82825], [92.94066666666666, 25.82825], [92.94066666666666, 25.8335], [92.93549999999999, 25.8335]]]}, "properties": {"class_value": 1, "class_name": "Stable"}}, {"type": "Feature", "geometry": {"type": "Polygon", "coordinates": [[[93.08533333333332, 25.8335], [93.08533333333332, 25.82825], [93.09049999999999, 25.82825], [93.09049999999999, 25.8335], [93.08533333333332, 25.8335]]]}, "properties": {"class_value": 1, "class_name": "Stable"}}, {"type": "Feature", "geometry": {"type": "Polygon", "coordinates": [[[93.30233333333334, 25.8335], [93.30233333333334, 25.82825], [93.30749999999999, 25.82825], [93.30749999999999, 25.8335], [93.30233333333334, 25.8335]]]}, "properties": {"class_value": 1, "class_name": "Stable"}}, {"type": "Feature", "geometry": {"type": "Polygon", "coordinates": [[[93.43666666666667, 25.8335], [93.43666666666667, 25.82825], [93.44183333333334, 25.82825], [93.44183333333334, 25.8335], [93.43666666666667, 25.8335]]]}, "properties": {"class_value": 1, "class_name": "Stable"}}, {"type": "Feature", "geometry": {"type": "Polygon", "coordinates": [[[93.56583333333333, 25.8335], [93.56583333333333, 25.82825], [93.571, 25.82825], [93.571, 25.8335], [93.56583333333333, 25.8335]]]}, "properties": {"class_value": 1, "class_name": "Stable"}}, {"type": "Feature", "geometry": {"type": "Polygon", "coordinates": [[[93.62783333333333, 25.8335], [93.62783333333333, 25.82825], [93.633, 25.82825], [93.633, 25.8335], [93.62783333333333, 25.8335]]]}, "properties": {"class_value": 1, "class_name": "Stable"}}, {"type": "Feature", "geometry": {"type": "Polygon", "coordinates": [[[93.71566666666666, 25.8335], [93.71566666666666, 25.82825], [93.72083333333333, 25.82825], [93.72083333333333, 25.8335], [93.71566666666666, 25.8335]]]}, "properties": {"class_value": 1, "class_name": "Stable"}}, {"type": "Feature", "geometry": {"type": "Polygon", "coordinates": [[[93.75699999999999, 25.8335], [93.75699999999999, 25.82825], [93.76216666666666, 25.82825], [93.76216666666666, 25.8335], [93.75699999999999, 25.8335]]]}, "properties": {"class_value": 1, "class_name": "Stable"}}, {"type": "Feature", "geometry": {"type": "Polygon", "coordinates": [[[93.82933333333332, 25.8335], [93.82933333333332, 25.82825], [93.83449999999999, 25.82825], [93.83449999999999, 25.8335], [93.82933333333332, 25.8335]]]}, "properties": {"class_value": 1, "class_name": "Stable"}}, {"type": "Feature", "geometry": {"type": "Polygon", "coordinates": [[[92.486, 25.82825], [92.486, 25.823], [92.49116666666666, 25.823], [92.49116666666666, 25.82825], [92.486, 25.82825]]]}, "properties": {"class_value": 1, "class_name": "Stable"}}, {"type": "Feature", "geometry": {"type": "Polygon", "coordinates": [[[92.71849999999999, 25.82825], [92.71849999999999, 25.823], [92.72366666666666, 25.823], [92.72366666666666, 25.82825], [92.71849999999999, 25.82825]]]}, "properties": {"class_value": 1, "class_name": "Stable"}}, {"type": "Feature", "geometry": {"type": "Polygon", "coordinates": [[[92.90966666666667, 25.82825], [92.90966666666667, 25.823], [92.91483333333333, 25.823], [92.91483333333333, 25.82825], [92.90966666666667, 25.82825]]]}, "properties": {"class_value": 1, "class_name": "Stable"}}, {"type": "Feature", "geometry": {"type": "Polygon", "coordinates": [[[93.00266666666667, 25.82825], [93.00266666666667, 25.823], [93.00783333333334, 25.823], [93.00783333333334, 25.82825], [93.00266666666667, 25.82825]]]}, "properties": {"class_value": 1, "class_name": "Stable"}}, {"type": "Feature", "geometry": {"type": "Polygon", "coordinates": [[[93.30749999999999, 25.82825], [93.30749999999999, 25.823], [93.31266666666666, 25.823], [93.31266666666666, 25.82825], [93.30749999999999, 25.82825]]]}, "properties": {"class_value": 1, "class_name": "Stable"}}, {"type": "Feature", "geometry": {"type": "Polygon", "coordinates": [[[93.7415, 25.82825], [93.7415, 25.823], [93.74666666666667, 25.823], [93.74666666666667, 25.82825], [93.7415, 25.82825]]]}, "properties": {"class_value": 1, "class_name": "Stable"}}, {"type": "Feature", "geometry": {"type": "Polygon", "coordinates": [[[93.76216666666666, 25.82825], [93.76216666666666, 25.823], [93.76733333333333, 25.823], [93.76733333333333, 25.82825], [93.76216666666666, 25.82825]]]}, "properties": {"class_value": 2, "class_name": "Degrading"}}, {"type": "Feature", "geometry": {"type": "Polygon", "coordinates": [[[93.77766666666666, 25.82825], [93.77766666666666, 25.823], [93.78283333333333, 25.823], [93.78283333333333, 25.82825], [93.77766666666666, 25.82825]]]}, "properties": {"class_value": 1, "class_name": "Stable"}}, {"type": "Feature", "geometry": {"type": "Polygon", "coordinates": [[[93.53999999999999, 25.82825], [93.53999999999999, 25.81775], [93.54516666666666, 25.81775], [93.54516666666666, 25.82825], [93.53999999999999, 25.82825]]]}, "properties": {"class_value": 1, "class_name": "Stable"}}, {"type": "Feature", "geometry": {"type": "Polygon", "coordinates": [[[92.46533333333333, 25.823], [92.46533333333333, 25.81775], [92.4705, 25.81775], [92.4705, 25.823], [92.46533333333333, 25.823]]]}, "properties": {"class_value": 1, "class_name": "Stable"}}, {"type": "Feature", "geometry": {"type": "Polygon", "coordinates": [[[92.77016666666667, 25.823], [92.77016666666667, 25.81775], [92.77533333333334, 25.81775], [92.77533333333334, 25.823], [92.77016666666667, 25.823]]]}, "properties": {"class_value": 1, "class_name": "Stable"}}, {"type": "Feature", "geometry": {"type": "Polygon", "coordinates": [[[92.79083333333332, 25.823], [92.79083333333332, 25.81775], [92.79599999999999, 25.81775], [92.79599999999999, 25.823], [92.79083333333332, 25.823]]]}, "properties": {"class_value": 1, "class_name": "Stable"}}, {"type": "Feature", "geometry": {"type": "Polygon", "coordinates": [[[92.87866666666666, 25.823], [92.87866666666666, 25.81775], [92.889, 25.81775], [92.889, 25.823], [92.87866666666666, 25.823]]]}, "properties": {"class_value": 1, "class_name": "Stable"}}, {"type": "Feature", "geometry": {"type": "Polygon", "coordinates": [[[92.89416666666666, 25.823], [92.89416666666666, 25.81775], [92.89933333333333, 25.81775], [92.89933333333333, 25.823], [92.89416666666666, 25.823]]]}, "properties": {"class_value": 4, "class_name": "Cyclic"}}, {"type": "Feature", "geometry": {"type": "Polygon", "coordinates": [[[92.92, 25.823], [92.92, 25.81775], [92.92516666666667, 25.81775], [92.92516666666667, 25.823], [92.92, 25.823]]]}, "properties": {"class_value": 1, "class_name": "Stable"}}, {"type": "Feature", "geometry": {"type": "Polygon", "coordinates": [[[92.94583333333333, 25.823], [92.94583333333333, 25.81775], [92.951, 25.81775], [92.951, 25.823], [92.94583333333333, 25.823]]]}, "properties": {"class_value": 1, "class_name": "Stable"}}, {"type": "Feature", "geometry": {"type": "Polygon", "coordinates": [[[93.1215, 25.823], [93.1215, 25.81775], [93.12666666666667, 25.81775], [93.12666666666667, 25.823], [93.1215, 25.823]]]}, "properties": {"class_value": 1, "class_name": "Stable"}}, {"type": "Feature", "geometry": {"type": "Polygon", "coordinates": [[[93.14733333333334, 25.823], [93.14733333333334, 25.81775], [93.1525, 25.81775], [93.1525, 25.823], [93.14733333333334, 25.823]]]}, "properties": {"class_value": 1, "class_name": "Stable"}}, {"type": "Feature", "geometry": {"type": "Polygon", "coordinates": [[[93.17833333333333, 25.823], [93.17833333333333, 25.81775], [93.1835, 25.81775], [93.1835, 25.823], [93.17833333333333, 25.823]]]}, "properties": {"class_value": 1, "class_name": "Stable"}}, {"type": "Feature", "geometry": {"type": "Polygon", "coordinates": [[[93.23, 25.823], [93.23, 25.81775], [93.23516666666666, 25.81775], [93.23516666666666, 25.823], [93.23, 25.823]]]}, "properties": {"class_value": 1, "class_name": "Stable"}}, {"type": "Feature", "geometry": {"type": "Polygon", "coordinates": [[[93.24549999999999, 25.823], [93.24549999999999, 25.81775], [93.25066666666666, 25.81775], [93.25066666666666, 25.823], [93.24549999999999, 25.823]]]}, "properties": {"class_value": 1, "class_name": "Stable"}}, {"type": "Feature", "geometry": {"type": "Polygon", "coordinates": [[[93.28683333333333, 25.823], [93.28683333333333, 25.81775], [93.292, 25.81775], [93.292, 25.823], [93.28683333333333, 25.823]]]}, "properties": {"class_value": 1, "class_name": "Stable"}}, {"type": "Feature", "geometry": {"type": "Polygon", "coordinates": [[[93.57616666666667, 25.823], [93.57616666666667, 25.81775], [93.58133333333333, 25.81775], [93.58133333333333, 25.823], [93.57616666666667, 25.823]]]}, "properties": {"class_value": 1, "class_name": "Stable"}}, {"type": "Feature", "geometry": {"type": "Polygon", "coordinates": [[[93.75183333333334, 25.823], [93.75183333333334, 25.81775], [93.75699999999999, 25.81775], [93.75699999999999, 25.823], [93.75183333333334, 25.823]]]}, "properties": {"class_value": 1, "class_name": "Stable"}}, {"type": "Feature", "geometry": {"type": "Polygon", "coordinates": [[[92.548, 25.81775], [92.548, 25.8125], [92.55316666666667, 25.8125], [92.55316666666667, 25.81775], [92.548, 25.81775]]]}, "properties": {"class_value": 1, "class_name": "Stable"}}, {"type": "Feature", "geometry": {"type": "Polygon", "coordinates": [[[92.6565, 25.81775], [92.6565, 25.8125], [92.66166666666666, 25.8125], [92.66166666666666, 25.81775], [92.6565, 25.81775]]]}, "properties": {"class_value": 1, "class_name": "Stable"}}, {"type": "Feature", "geometry": {"type": "Polygon", "coordinates": [[[92.66683333333333, 25.81775], [92.66683333333333, 25.8125], [92.672, 25.8125], [92.672, 25.81775], [92.66683333333333, 25.81775]]]}, "properties": {"class_value": 1, "class_name": "Stable"}}, {"type": "Feature", "geometry": {"type": "Polygon", "coordinates": [[[92.734, 25.81775], [92.734, 25.8125], [92.73916666666666, 25.8125], [92.73916666666666, 25.81775], [92.734, 25.81775]]]}, "properties": {"class_value": 1, "class_name": "Stable"}}, {"type": "Feature", "geometry": {"type": "Polygon", "coordinates": [[[92.75983333333333, 25.81775], [92.75983333333333, 25.8125], [92.765, 25.8125], [92.765, 25.81775], [92.75983333333333, 25.81775]]]}, "properties": {"class_value": 1, "class_name": "Stable"}}, {"type": "Feature", "geometry": {"type": "Polygon", "coordinates": [[[92.80633333333333, 25.81775], [92.80633333333333, 25.8125], [92.8115, 25.8125], [92.8115, 25.81775], [92.80633333333333, 25.81775]]]}, "properties": {"class_value": 1, "class_name": "Stable"}}, {"type": "Feature", "geometry": {"type": "Polygon", "coordinates": [[[92.97166666666666, 25.81775], [92.97166666666666, 25.8125], [92.97683333333333, 25.8125], [92.97683333333333, 25.81775], [92.97166666666666, 25.81775]]]}, "properties": {"class_value": 1, "class_name": "Stable"}}, {"type": "Feature", "geometry": {"type": "Polygon", "coordinates": [[[93.31783333333333, 25.81775], [93.31783333333333, 25.8125], [93.323, 25.8125], [93.323, 25.81775], [93.31783333333333, 25.81775]]]}, "properties": {"class_value": 2, "class_name": "Degrading"}}, {"type": "Feature", "geometry": {"type": "Polygon", "coordinates": [[[93.37983333333334, 25.81775], [93.37983333333334, 25.8125], [93.38499999999999, 25.8125], [93.38499999999999, 25.81775], [93.37983333333334, 25.81775]]]}, "properties": {"class_value": 2, "class_name": "Degrading"}}, {"type": "Feature", "geometry": {"type": "Polygon", "coordinates": [[[93.59683333333334, 25.81775], [93.59683333333334, 25.8125], [93.602, 25.8125], [93.602, 25.81775], [93.59683333333334, 25.81775]]]}, "properties": {"class_value": 1, "class_name": "Stable"}}, {"type": "Feature", "geometry": {"type": "Polygon", "coordinates": [[[92.4395, 25.8125], [92.4395, 25.80725], [92.44466666666666, 25.80725], [92.44466666666666, 25.8125], [92.4395, 25.8125]]]}, "properties": {"class_value": 1, "class_name": "Stable"}}, {"type": "Feature", "geometry": {"type": "Polygon", "coordinates": [[[92.59966666666666, 25.8125], [92.59966666666666, 25.80725], [92.60483333333333, 25.80725], [92.60483333333333, 25.8125], [92.59966666666666, 25.8125]]]}, "properties": {"class_value": 1, "class_name": "Stable"}}, {"type": "Feature", "geometry": {"type": "Polygon", "coordinates": [[[92.89933333333333, 25.8125], [92.89933333333333, 25.80725], [92.9045, 25.80725], [92.9045, 25.8125], [92.89933333333333, 25.8125]]]}, "properties": {"class_value": 1, "class_name": "Stable"}}, {"type": "Feature", "geometry": {"type": "Polygon", "coordinates": [[[93.18866666666666, 25.8125], [93.18866666666666, 25.80725], [93.19383333333333, 25.80725], [93.19383333333333, 25.8125], [93.18866666666666, 25.8125]]]}, "properties": {"class_value": 1, "class_name": "Stable"}}, {"type": "Feature", "geometry": {"type": "Polygon", "coordinates": [[[93.261, 25.8125], [93.261, 25.80725], [93.26616666666666, 25.80725], [93.26616666666666, 25.8125], [93.261, 25.8125]]]}, "properties": {"class_value": 1, "class_name": "Stable"}}, {"type": "Feature", "geometry": {"type": "Polygon", "coordinates": [[[93.51933333333334, 25.8125], [93.51933333333334, 25.80725], [93.5245, 25.80725], [93.5245, 25.8125], [93.51933333333334, 25.8125]]]}, "properties": {"class_value": 1, "class_name": "Stable"}}, {"type": "Feature", "geometry": {"type": "Polygon", "coordinates": [[[93.61233333333332, 25.8125], [93.61233333333332, 25.80725], [93.61749999999999, 25.80725], [93.61749999999999, 25.8125], [93.61233333333332, 25.8125]]]}, "properties": {"class_value": 1, "class_name": "Stable"}}, {"type": "Feature", "geometry": {"type": "Polygon", "coordinates": [[[93.65366666666667, 25.8125], [93.65366666666667, 25.80725], [93.65883333333333, 25.80725], [93.65883333333333, 25.8125], [93.65366666666667, 25.8125]]]}, "properties": {"class_value": 1, "class_name": "Stable"}}, {"type": "Feature", "geometry": {"type": "Polygon", "coordinates": [[[93.73116666666667, 25.8125], [93.73116666666667, 25.80725], [93.73633333333333, 25.80725], [93.73633333333333, 25.8125], [93.73116666666667, 25.8125]]]}, "properties": {"class_value": 1, "class_name": "Stable"}}, {"type": "Feature", "geometry": {"type": "Polygon", "coordinates": [[[93.79833333333333, 25.8125], [93.79833333333333, 25.80725], [93.8035, 25.80725], [93.8035, 25.8125], [93.79833333333333, 25.8125]]]}, "properties": {"class_value": 1, "class_name": "Stable"}}, {"type": "Feature", "geometry": {"type": "Polygon", "coordinates": [[[93.09566666666666, 25.8125], [93.09566666666666, 25.802], [93.10083333333333, 25.802], [93.10083333333333, 25.8125], [93.09566666666666, 25.8125]]]}, "properties": {"class_value": 1, "class_name": "Stable"}}, {"type": "Feature", "geometry": {"type": "Polygon", "coordinates": [[[92.47566666666667, 25.80725], [92.47566666666667, 25.802], [92.48083333333334, 25.802], [92.48083333333334, 25.80725], [92.47566666666667, 25.80725]]]}, "properties": {"class_value": 1, "class_name": "Stable"}}, {"type": "Feature", "geometry": {"type": "Polygon", "coordinates": [[[92.67716666666666, 25.80725], [92.67716666666666, 25.802], [92.68233333333333, 25.802], [92.68233333333333, 25.80725], [92.67716666666666, 25.80725]]]}, "properties": {"class_value": 1, "class_name": "Stable"}}, {"type": "Feature", "geometry": {"type": "Polygon", "coordinates": [[[92.80633333333333, 25.80725], [92.80633333333333, 25.802], [92.8115, 25.802], [92.8115, 25.80725], [92.80633333333333, 25.80725]]]}, "properties": {"class_value": 1, "class_name": "Stable"}}, {"type": "Feature", "geometry": {"type": "Polygon", "coordinates": [[[92.91483333333333, 25.80725], [92.91483333333333, 25.802], [92.92, 25.802], [92.92, 25.80725], [92.91483333333333, 25.80725]]]}, "properties": {"class_value": 5, "class_name": "Uncertain / Other"}}, {"type": "Feature", "geometry": {"type": "Polygon", "coordinates": [[[92.9975, 25.80725], [92.9975, 25.802], [93.00266666666667, 25.802], [93.00266666666667, 25.80725], [92.9975, 25.80725]]]}, "properties": {"class_value": 1, "class_name": "Stable"}}, {"type": "Feature", "geometry": {"type": "Polygon", "coordinates": [[[93.075, 25.80725], [93.075, 25.802], [93.08016666666667, 25.802], [93.08016666666667, 25.80725], [93.075, 25.80725]]]}, "properties": {"class_value": 1, "class_name": "Stable"}}, {"type": "Feature", "geometry": {"type": "Polygon", "coordinates": [[[93.199, 25.80725], [93.199, 25.802], [93.20416666666667, 25.802], [93.20416666666667, 25.80725], [93.199, 25.80725]]]}, "properties": {"class_value": 1, "class_name": "Stable"}}, {"type": "Feature", "geometry": {"type": "Polygon", "coordinates": [[[93.20416666666667, 25.80725], [93.20416666666667, 25.802], [93.20933333333333, 25.802], [93.20933333333333, 25.80725], [93.20416666666667, 25.80725]]]}, "properties": {"class_value": 2, "class_name": "Degrading"}}, {"type": "Feature", "geometry": {"type": "Polygon", "coordinates": [[[93.22483333333334, 25.80725], [93.22483333333334, 25.802], [93.23, 25.802], [93.23, 25.80725], [93.22483333333334, 25.80725]]]}, "properties": {"class_value": 2, "class_name": "Degrading"}}, {"type": "Feature", "geometry": {"type": "Polygon", "coordinates": [[[93.30233333333334, 25.80725], [93.30233333333334, 25.802], [93.30749999999999, 25.802], [93.30749999999999, 25.80725], [93.30233333333334, 25.80725]]]}, "properties": {"class_value": 1, "class_name": "Stable"}}, {"type": "Feature", "geometry": {"type": "Polygon", "coordinates": [[[93.37983333333334, 25.80725], [93.37983333333334, 25.802], [93.38499999999999, 25.802], [93.38499999999999, 25.80725], [93.37983333333334, 25.80725]]]}, "properties": {"class_value": 2, "class_name": "Degrading"}}, {"type": "Feature", "geometry": {"type": "Polygon", "coordinates": [[[93.38499999999999, 25.80725], [93.38499999999999, 25.802], [93.39016666666666, 25.802], [93.39016666666666, 25.80725], [93.38499999999999, 25.80725]]]}, "properties": {"class_value": 1, "class_name": "Stable"}}, {"type": "Feature", "geometry": {"type": "Polygon", "coordinates": [[[93.40566666666666, 25.80725], [93.40566666666666, 25.802], [93.41083333333333, 25.802], [93.41083333333333, 25.80725], [93.40566666666666, 25.80725]]]}, "properties": {"class_value": 1, "class_name": "Stable"}}, {"type": "Feature", "geometry": {"type": "Polygon", "coordinates": [[[93.51416666666667, 25.80725], [93.51416666666667, 25.802], [93.51933333333334, 25.802], [93.51933333333334, 25.80725], [93.51416666666667, 25.80725]]]}, "properties": {"class_value": 1, "class_name": "Stable"}}, {"type": "Feature", "geometry": {"type": "Polygon", "coordinates": [[[93.52966666666666, 25.80725], [93.52966666666666, 25.802], [93.53483333333332, 25.802], [93.53483333333332, 25.80725], [93.52966666666666, 25.80725]]]}, "properties": {"class_value": 1, "class_name": "Stable"}}, {"type": "Feature", "geometry": {"type": "Polygon", "coordinates": [[[93.61749999999999, 25.80725], [93.61749999999999, 25.802], [93.62266666666666, 25.802], [93.62266666666666, 25.80725], [93.61749999999999, 25.80725]]]}, "properties": {"class_value": 1, "class_name": "Stable"}}, {"type": "Feature", "geometry": {"type": "Polygon", "coordinates": [[[92.55833333333334, 25.80725], [92.55833333333334, 25.796750000000003], [92.56349999999999, 25.796750000000003], [92.56349999999999, 25.80725], [92.55833333333334, 25.80725]]]}, "properties": {"class_value": 1, "class_name": "Stable"}}, {"type": "Feature", "geometry": {"type": "Polygon", "coordinates": [[[92.4395, 25.802], [92.4395, 25.796750000000003], [92.44466666666666, 25.796750000000003], [92.44466666666666, 25.802], [92.4395, 25.802]]]}, "properties": {"class_value": 1, "class_name": "Stable"}}, {"type": "Feature", "geometry": {"type": "Polygon", "coordinates": [[[92.54283333333333, 25.802], [92.54283333333333, 25.796750000000003], [92.548, 25.796750000000003], [92.548, 25.802], [92.54283333333333, 25.802]]]}, "properties": {"class_value": 1, "class_name": "Stable"}}, {"type": "Feature", "geometry": {"type": "Polygon", "coordinates": [[[92.59966666666666, 25.802], [92.59966666666666, 25.796750000000003], [92.60483333333333, 25.796750000000003], [92.60483333333333, 25.802], [92.59966666666666, 25.802]]]}, "properties": {"class_value": 1, "class_name": "Stable"}}, {"type": "Feature", "geometry": {"type": "Polygon", "coordinates": [[[92.61, 25.802], [92.61, 25.796750000000003], [92.61516666666667, 25.796750000000003], [92.61516666666667, 25.802], [92.61, 25.802]]]}, "properties": {"class_value": 1, "class_name": "Stable"}}, {"type": "Feature", "geometry": {"type": "Polygon", "coordinates": [[[92.63583333333332, 25.802], [92.63583333333332, 25.796750000000003], [92.64616666666666, 25.796750000000003], [92.64616666666666, 25.802], [92.63583333333332, 25.802]]]}, "properties": {"class_value": 1, "class_name": "Stable"}}, {"type": "Feature", "geometry": {"type": "Polygon", "coordinates": [[[92.6875, 25.802], [92.6875, 25.796750000000003], [92.69783333333334, 25.796750000000003], [92.69783333333334, 25.802], [92.6875, 25.802]]]}, "properties": {"class_value": 1, "class_name": "Stable"}}, {"type": "Feature", "geometry": {"type": "Polygon", "coordinates": [[[92.79599999999999, 25.802], [92.79599999999999, 25.796750000000003], [92.80116666666666, 25.796750000000003], [92.80116666666666, 25.802], [92.79599999999999, 25.802]]]}, "properties": {"class_value": 2, "class_name": "Degrading"}}, {"type": "Feature", "geometry": {"type": "Polygon", "coordinates": [[[92.87866666666666, 25.802], [92.87866666666666, 25.796750000000003], [92.88383333333333, 25.796750000000003], [92.88383333333333, 25.802], [92.87866666666666, 25.802]]]}, "properties": {"class_value": 1, "class_name": "Stable"}}, {"type": "Feature", "geometry": {"type": "Polygon", "coordinates": [[[92.92516666666667, 25.802], [92.92516666666667, 25.796750000000003], [92.93033333333334, 25.796750000000003], [92.93033333333334, 25.802], [92.92516666666667, 25.802]]]}, "properties": {"class_value": 1, "class_name": "Stable"}}, {"type": "Feature", "geometry": {"type": "Polygon", "coordinates": [[[93.09049999999999, 25.802], [93.09049999999999, 25.796750000000003], [93.09566666666666, 25.796750000000003], [93.09566666666666, 25.802], [93.09049999999999, 25.802]]]}, "properties": {"class_value": 1, "class_name": "Stable"}}, {"type": "Feature", "geometry": {"type": "Polygon", "coordinates": [[[93.34366666666666, 25.802], [93.34366666666666, 25.796750000000003], [93.34883333333333, 25.796750000000003], [93.34883333333333, 25.802], [93.34366666666666, 25.802]]]}, "properties": {"class_value": 1, "class_name": "Stable"}}, {"type": "Feature", "geometry": {"type": "Polygon", "coordinates": [[[93.695, 25.802], [93.695, 25.796750000000003], [93.70016666666666, 25.796750000000003], [93.70016666666666, 25.802], [93.695, 25.802]]]}, "properties": {"class_value": 1, "class_name": "Stable"}}, {"type": "Feature", "geometry": {"type": "Polygon", "coordinates": [[[93.7105, 25.802], [93.7105, 25.796750000000003], [93.71566666666666, 25.796750000000003], [93.71566666666666, 25.802], [93.7105, 25.802]]]}, "properties": {"class_value": 1, "class_name": "Stable"}}, {"type": "Feature", "geometry": {"type": "Polygon", "coordinates": [[[93.8035, 25.802], [93.8035, 25.796750000000003], [93.80866666666667, 25.796750000000003], [93.80866666666667, 25.802], [93.8035, 25.802]]]}, "properties": {"class_value": 1, "class_name": "Stable"}}, {"type": "Feature", "geometry": {"type": "Polygon", "coordinates": [[[92.40333333333334, 25.796750000000003], [92.40333333333334, 25.791500000000003], [92.4085, 25.791500000000003], [92.4085, 25.796750000000003], [92.40333333333334, 25.796750000000003]]]}, "properties": {"class_value": 1, "class_name": "Stable"}}, {"type": "Feature", "geometry": {"type": "Polygon", "coordinates": [[[92.5945, 25.796750000000003], [92.5945, 25.791500000000003], [92.59966666666666, 25.791500000000003], [92.59966666666666, 25.796750000000003], [92.5945, 25.796750000000003]]]}, "properties": {"class_value": 1, "class_name": "Stable"}}, {"type": "Feature", "geometry": {"type": "Polygon", "coordinates": [[[92.73916666666666, 25.796750000000003], [92.73916666666666, 25.791500000000003], [92.74433333333333, 25.791500000000003], [92.74433333333333, 25.796750000000003], [92.73916666666666, 25.796750000000003]]]}, "properties": {"class_value": 1, "class_name": "Stable"}}, {"type": "Feature", "geometry": {"type": "Polygon", "coordinates": [[[92.77016666666667, 25.796750000000003], [92.77016666666667, 25.791500000000003], [92.77533333333334, 25.791500000000003], [92.77533333333334, 25.796750000000003], [92.77016666666667, 25.796750000000003]]]}, "properties": {"class_value": 1, "class_name": "Stable"}}, {"type": "Feature", "geometry": {"type": "Polygon", "coordinates": [[[92.9975, 25.796750000000003], [92.9975, 25.791500000000003], [93.00266666666667, 25.791500000000003], [93.00266666666667, 25.796750000000003], [92.9975, 25.796750000000003]]]}, "properties": {"class_value": 1, "class_name": "Stable"}}, {"type": "Feature", "geometry": {"type": "Polygon", "coordinates": [[[93.03366666666666, 25.796750000000003], [93.03366666666666, 25.791500000000003], [93.03883333333333, 25.791500000000003], [93.03883333333333, 25.796750000000003], [93.03366666666666, 25.796750000000003]]]}, "properties": {"class_value": 1, "class_name": "Stable"}}, {"type": "Feature", "geometry": {"type": "Polygon", "coordinates": [[[93.05433333333333, 25.796750000000003], [93.05433333333333, 25.791500000000003], [93.0595, 25.791500000000003], [93.0595, 25.796750000000003], [93.05433333333333, 25.796750000000003]]]}, "properties": {"class_value": 1, "class_name": "Stable"}}, {"type": "Feature", "geometry": {"type": "Polygon", "coordinates": [[[93.06983333333334, 25.796750000000003], [93.06983333333334, 25.791500000000003], [93.075, 25.791500000000003], [93.075, 25.796750000000003], [93.06983333333334, 25.796750000000003]]]}, "properties": {"class_value": 1, "class_name": "Stable"}}, {"type": "Feature", "geometry": {"type": "Polygon", "coordinates": [[[93.137, 25.796750000000003], [93.137, 25.791500000000003], [93.14216666666667, 25.791500000000003], [93.14216666666667, 25.796750000000003], [93.137, 25.796750000000003]]]}, "properties": {"class_value": 1, "class_name": "Stable"}}, {"type": "Feature", "geometry": {"type": "Polygon", "coordinates": [[[93.16283333333332, 25.796750000000003], [93.16283333333332, 25.791500000000003], [93.16799999999999, 25.791500000000003], [93.16799999999999, 25.796750000000003], [93.16283333333332, 25.796750000000003]]]}, "properties": {"class_value": 2, "class_name": "Degrading"}}, {"type": "Feature", "geometry": {"type": "Polygon", "coordinates": [[[93.292, 25.796750000000003], [93.292, 25.791500000000003], [93.29716666666667, 25.791500000000003], [93.29716666666667, 25.796750000000003], [93.292, 25.796750000000003]]]}, "properties": {"class_value": 1, "class_name": "Stable"}}, {"type": "Feature", "geometry": {"type": "Polygon", "coordinates": [[[93.30749999999999, 25.796750000000003], [93.30749999999999, 25.791500000000003], [93.31266666666666, 25.791500000000003], [93.31266666666666, 25.796750000000003], [93.30749999999999, 25.796750000000003]]]}, "properties": {"class_value": 1, "class_name": "Stable"}}, {"type": "Feature", "geometry": {"type": "Polygon", "coordinates": [[[93.37466666666667, 25.796750000000003], [93.37466666666667, 25.791500000000003], [93.37983333333334, 25.791500000000003], [93.37983333333334, 25.796750000000003], [93.37466666666667, 25.796750000000003]]]}, "properties": {"class_value": 1, "class_name": "Stable"}}, {"type": "Feature", "geometry": {"type": "Polygon", "coordinates": [[[93.48316666666666, 25.796750000000003], [93.48316666666666, 25.791500000000003], [93.48833333333333, 25.791500000000003], [93.48833333333333, 25.796750000000003], [93.48316666666666, 25.796750000000003]]]}, "properties": {"class_value": 1, "class_name": "Stable"}}, {"type": "Feature", "geometry": {"type": "Polygon", "coordinates": [[[93.64333333333333, 25.796750000000003], [93.64333333333333, 25.791500000000003], [93.6485, 25.791500000000003], [93.6485, 25.796750000000003], [93.64333333333333, 25.796750000000003]]]}, "properties": {"class_value": 2, "class_name": "Degrading"}}, {"type": "Feature", "geometry": {"type": "Polygon", "coordinates": [[[92.67716666666666, 25.796750000000003], [92.67716666666666, 25.786250000000003], [92.68233333333333, 25.786250000000003], [92.68233333333333, 25.796750000000003], [92.67716666666666, 25.796750000000003]]]}, "properties": {"class_value": 1, "class_name": "Stable"}}, {"type": "Feature", "geometry": {"type": "Polygon", "coordinates": [[[92.83216666666667, 25.796750000000003], [92.83216666666667, 25.786250000000003], [92.83733333333333, 25.786250000000003], [92.83733333333333, 25.796750000000003], [92.83216666666667, 25.796750000000003]]]}, "properties": {"class_value": 1, "class_name": "Stable"}}, {"type": "Feature", "geometry": {"type": "Polygon", "coordinates": [[[92.4085, 25.791500000000003], [92.4085, 25.786250000000003], [92.41366666666666, 25.786250000000003], [92.41366666666666, 25.791500000000003], [92.4085, 25.791500000000003]]]}, "properties": {"class_value": 1, "class_name": "Stable"}}, {"type": "Feature", "geometry": {"type": "Polygon", "coordinates": [[[92.52733333333333, 25.791500000000003], [92.52733333333333, 25.786250000000003], [92.5325, 25.786250000000003], [92.5325, 25.791500000000003], [92.52733333333333, 25.791500000000003]]]}, "properties": {"class_value": 1, "class_name": "Stable"}}, {"type": "Feature", "geometry": {"type": "Polygon", "coordinates": [[[92.548, 25.791500000000003], [92.548, 25.786250000000003], [92.55316666666667, 25.786250000000003], [92.55316666666667, 25.791500000000003], [92.548, 25.791500000000003]]]}, "properties": {"class_value": 1, "class_name": "Stable"}}, {"type": "Feature", "geometry": {"type": "Polygon", "coordinates": [[[92.58416666666666, 25.791500000000003], [92.58416666666666, 25.786250000000003], [92.58933333333333, 25.786250000000003], [92.58933333333333, 25.791500000000003], [92.58416666666666, 25.791500000000003]]]}, "properties": {"class_value": 1, "class_name": "Stable"}}, {"type": "Feature", "geometry": {"type": "Polygon", "coordinates": [[[92.66683333333333, 25.791500000000003], [92.66683333333333, 25.786250000000003], [92.672, 25.786250000000003], [92.672, 25.791500000000003], [92.66683333333333, 25.791500000000003]]]}, "properties": {"class_value": 1, "class_name": "Stable"}}, {"type": "Feature", "geometry": {"type": "Polygon", "coordinates": [[[92.89416666666666, 25.791500000000003], [92.89416666666666, 25.786250000000003], [92.89933333333333, 25.786250000000003], [92.89933333333333, 25.791500000000003], [92.89416666666666, 25.791500000000003]]]}, "properties": {"class_value": 1, "class_name": "Stable"}}, {"type": "Feature", "geometry": {"type": "Polygon", "coordinates": [[[92.94583333333333, 25.791500000000003], [92.94583333333333, 25.786250000000003], [92.951, 25.786250000000003], [92.951, 25.791500000000003], [92.94583333333333, 25.791500000000003]]]}, "properties": {"class_value": 1, "class_name": "Stable"}}, {"type": "Feature", "geometry": {"type": "Polygon", "coordinates": [[[92.97166666666666, 25.791500000000003], [92.97166666666666, 25.786250000000003], [92.97683333333333, 25.786250000000003], [92.97683333333333, 25.791500000000003], [92.97166666666666, 25.791500000000003]]]}, "properties": {"class_value": 1, "class_name": "Stable"}}, {"type": "Feature", "geometry": {"type": "Polygon", "coordinates": [[[92.982, 25.791500000000003], [92.982, 25.786250000000003], [92.98716666666667, 25.786250000000003], [92.98716666666667, 25.791500000000003], [92.982, 25.791500000000003]]]}, "properties": {"class_value": 1, "class_name": "Stable"}}, {"type": "Feature", "geometry": {"type": "Polygon", "coordinates": [[[93.21966666666667, 25.791500000000003], [93.21966666666667, 25.786250000000003], [93.22483333333334, 25.786250000000003], [93.22483333333334, 25.791500000000003], [93.21966666666667, 25.791500000000003]]]}, "properties": {"class_value": 1, "class_name": "Stable"}}, {"type": "Feature", "geometry": {"type": "Polygon", "coordinates": [[[93.25583333333333, 25.791500000000003], [93.25583333333333, 25.786250000000003], [93.261, 25.786250000000003], [93.261, 25.791500000000003], [93.25583333333333, 25.791500000000003]]]}, "properties": {"class_value": 1, "class_name": "Stable"}}, {"type": "Feature", "geometry": {"type": "Polygon", "coordinates": [[[93.32816666666666, 25.791500000000003], [93.32816666666666, 25.786250000000003], [93.33333333333333, 25.786250000000003], [93.33333333333333, 25.791500000000003], [93.32816666666666, 25.791500000000003]]]}, "properties": {"class_value": 2, "class_name": "Degrading"}}, {"type": "Feature", "geometry": {"type": "Polygon", "coordinates": [[[93.42633333333333, 25.791500000000003], [93.42633333333333, 25.786250000000003], [93.4315, 25.786250000000003], [93.4315, 25.791500000000003], [93.42633333333333, 25.791500000000003]]]}, "properties": {"class_value": 1, "class_name": "Stable"}}, {"type": "Feature", "geometry": {"type": "Polygon", "coordinates": [[[93.44183333333334, 25.791500000000003], [93.44183333333334, 25.786250000000003], [93.447, 25.786250000000003], [93.447, 25.791500000000003], [93.44183333333334, 25.791500000000003]]]}, "properties": {"class_value": 1, "class_name": "Stable"}}, {"type": "Feature", "geometry": {"type": "Polygon", "coordinates": [[[93.51933333333334, 25.791500000000003], [93.51933333333334, 25.786250000000003], [93.5245, 25.786250000000003], [93.5245, 25.791500000000003], [93.51933333333334, 25.791500000000003]]]}, "properties": {"class_value": 1, "class_name": "Stable"}}, {"type": "Feature", "geometry": {"type": "Polygon", "coordinates": [[[93.75183333333334, 25.791500000000003], [93.75183333333334, 25.786250000000003], [93.75699999999999, 25.786250000000003], [93.75699999999999, 25.791500000000003], [93.75183333333334, 25.791500000000003]]]}, "properties": {"class_value": 1, "class_name": "Stable"}}, {"type": "Feature", "geometry": {"type": "Polygon", "coordinates": [[[92.65133333333333, 25.791500000000003], [92.65133333333333, 25.781000000000002], [92.6565, 25.781000000000002], [92.6565, 25.791500000000003], [92.65133333333333, 25.791500000000003]]]}, "properties": {"class_value": 1, "class_name": "Stable"}}, {"type": "Feature", "geometry": {"type": "Polygon", "coordinates": [[[93.67949999999999, 25.791500000000003], [93.67949999999999, 25.781000000000002], [93.68466666666666, 25.781000000000002], [93.68466666666666, 25.791500000000003], [93.67949999999999, 25.791500000000003]]]}, "properties": {"class_value": 1, "class_name": "Stable"}}, {"type": "Feature", "geometry": {"type": "Polygon", "coordinates": [[[92.30516666666666, 25.786250000000003], [92.30516666666666, 25.781000000000002], [92.31033333333333, 25.781000000000002], [92.31033333333333, 25.786250000000003], [92.30516666666666, 25.786250000000003]]]}, "properties": {"class_value": 1, "class_name": "Stable"}}, {"type": "Feature", "geometry": {"type": "Polygon", "coordinates": [[[92.62033333333333, 25.786250000000003], [92.62033333333333, 25.781000000000002], [92.6255, 25.781000000000002], [92.6255, 25.786250000000003], [92.62033333333333, 25.786250000000003]]]}, "properties": {"class_value": 1, "class_name": "Stable"}}, {"type": "Feature", "geometry": {"type": "Polygon", "coordinates": [[[92.75466666666667, 25.786250000000003], [92.75466666666667, 25.781000000000002], [92.75983333333333, 25.781000000000002], [92.75983333333333, 25.786250000000003], [92.75466666666667, 25.786250000000003]]]}, "properties": {"class_value": 1, "class_name": "Stable"}}, {"type": "Feature", "geometry": {"type": "Polygon", "coordinates": [[[92.89933333333333, 25.786250000000003], [92.89933333333333, 25.781000000000002], [92.9045, 25.781000000000002], [92.9045, 25.786250000000003], [92.89933333333333, 25.786250000000003]]]}, "properties": {"class_value": 1, "class_name": "Stable"}}, {"type": "Feature", "geometry": {"type": "Polygon", "coordinates": [[[92.951, 25.786250000000003], [92.951, 25.781000000000002], [92.95616666666666, 25.781000000000002], [92.95616666666666, 25.786250000000003], [92.951, 25.786250000000003]]]}, "properties": {"class_value": 1, "class_name": "Stable"}}, {"type": "Feature", "geometry": {"type": "Polygon", "coordinates": [[[93.14733333333334, 25.786250000000003], [93.14733333333334, 25.781000000000002], [93.1525, 25.781000000000002], [93.1525, 25.786250000000003], [93.14733333333334, 25.786250000000003]]]}, "properties": {"class_value": 1, "class_name": "Stable"}}, {"type": "Feature", "geometry": {"type": "Polygon", "coordinates": [[[93.292, 25.786250000000003], [93.292, 25.781000000000002], [93.29716666666667, 25.781000000000002], [93.29716666666667, 25.786250000000003], [93.292, 25.786250000000003]]]}, "properties": {"class_value": 1, "class_name": "Stable"}}, {"type": "Feature", "geometry": {"type": "Polygon", "coordinates": [[[93.4005, 25.786250000000003], [93.4005, 25.781000000000002], [93.40566666666666, 25.781000000000002], [93.40566666666666, 25.786250000000003], [93.4005, 25.786250000000003]]]}, "properties": {"class_value": 1, "class_name": "Stable"}}, {"type": "Feature", "geometry": {"type": "Polygon", "coordinates": [[[93.53483333333332, 25.786250000000003], [93.53483333333332, 25.781000000000002], [93.53999999999999, 25.781000000000002], [93.53999999999999, 25.786250000000003], [93.53483333333332, 25.786250000000003]]]}, "properties": {"class_value": 1, "class_name": "Stable"}}, {"type": "Feature", "geometry": {"type": "Polygon", "coordinates": [[[93.56583333333333, 25.786250000000003], [93.56583333333333, 25.781000000000002], [93.571, 25.781000000000002], [93.571, 25.786250000000003], [93.56583333333333, 25.786250000000003]]]}, "properties": {"class_value": 1, "class_name": "Stable"}}, {"type": "Feature", "geometry": {"type": "Polygon", "coordinates": [[[93.57616666666667, 25.786250000000003], [93.57616666666667, 25.781000000000002], [93.58133333333333, 25.781000000000002], [93.58133333333333, 25.786250000000003], [93.57616666666667, 25.786250000000003]]]}, "properties": {"class_value": 1, "class_name": "Stable"}}, {"type": "Feature", "geometry": {"type": "Polygon", "coordinates": [[[93.62783333333333, 25.786250000000003], [93.62783333333333, 25.781000000000002], [93.633, 25.781000000000002], [93.633, 25.786250000000003], [93.62783333333333, 25.786250000000003]]]}, "properties": {"class_value": 1, "class_name": "Stable"}}, {"type": "Feature", "geometry": {"type": "Polygon", "coordinates": [[[92.3, 25.781000000000002], [92.3, 25.775750000000002], [92.30516666666666, 25.775750000000002], [92.30516666666666, 25.781000000000002], [92.3, 25.781000000000002]]]}, "properties": {"class_value": 1, "class_name": "Stable"}}, {"type": "Feature", "geometry": {"type": "Polygon", "coordinates": [[[92.6875, 25.781000000000002], [92.6875, 25.775750000000002], [92.69266666666667, 25.775750000000002], [92.69266666666667, 25.781000000000002], [92.6875, 25.781000000000002]]]}, "properties": {"class_value": 1, "class_name": "Stable"}}, {"type": "Feature", "geometry": {"type": "Polygon", "coordinates": [[[92.71333333333332, 25.781000000000002], [92.71333333333332, 25.775750000000002], [92.71849999999999, 25.775750000000002], [92.71849999999999, 25.781000000000002], [92.71333333333332, 25.781000000000002]]]}, "properties": {"class_value": 1, "class_name": "Stable"}}, {"type": "Feature", "geometry": {"type": "Polygon", "coordinates": [[[92.77533333333334, 25.781000000000002], [92.77533333333334, 25.775750000000002], [92.7805, 25.775750000000002], [92.7805, 25.781000000000002], [92.77533333333334, 25.781000000000002]]]}, "properties": {"class_value": 1, "class_name": "Stable"}}, {"type": "Feature", "geometry": {"type": "Polygon", "coordinates": [[[92.86316666666666, 25.781000000000002], [92.86316666666666, 25.775750000000002], [92.86833333333333, 25.775750000000002], [92.86833333333333, 25.781000000000002], [92.86316666666666, 25.781000000000002]]]}, "properties": {"class_value": 1, "class_name": "Stable"}}, {"type": "Feature", "geometry": {"type": "Polygon", "coordinates": [[[93.42633333333333, 25.781000000000002], [93.42633333333333, 25.775750000000002], [93.4315, 25.775750000000002], [93.4315, 25.781000000000002], [93.42633333333333, 25.781000000000002]]]}, "properties": {"class_value": 1, "class_name": "Stable"}}, {"type": "Feature", "geometry": {"type": "Polygon", "coordinates": [[[93.45733333333332, 25.781000000000002], [93.45733333333332, 25.775750000000002], [93.46249999999999, 25.775750000000002], [93.46249999999999, 25.781000000000002], [93.45733333333332, 25.781000000000002]]]}, "properties": {"class_value": 1, "class_name": "Stable"}}, {"type": "Feature", "geometry": {"type": "Polygon", "coordinates": [[[93.63816666666666, 25.781000000000002], [93.63816666666666, 25.775750000000002], [93.64333333333333, 25.775750000000002], [93.64333333333333, 25.781000000000002], [93.63816666666666, 25.781000000000002]]]}, "properties": {"class_value": 1, "class_name": "Stable"}}, {"type": "Feature", "geometry": {"type": "Polygon", "coordinates": [[[92.36716666666666, 25.775750000000002], [92.36716666666666, 25.770500000000002], [92.37233333333333, 25.770500000000002], [92.37233333333333, 25.775750000000002], [92.36716666666666, 25.775750000000002]]]}, "properties": {"class_value": 1, "class_name": "Stable"}}, {"type": "Feature", "geometry": {"type": "Polygon", "coordinates": [[[92.38266666666667, 25.775750000000002], [92.38266666666667, 25.770500000000002], [92.38783333333333, 25.770500000000002], [92.38783333333333, 25.775750000000002], [92.38266666666667, 25.775750000000002]]]}, "properties": {"class_value": 5, "class_name": "Uncertain / Other"}}, {"type": "Feature", "geometry": {"type": "Polygon", "coordinates": [[[92.4085, 25.775750000000002], [92.4085, 25.770500000000002], [92.41366666666666, 25.770500000000002], [92.41366666666666, 25.775750000000002], [92.4085, 25.775750000000002]]]}, "properties": {"class_value": 1, "class_name": "Stable"}}, {"type": "Feature", "geometry": {"type": "Polygon", "coordinates": [[[92.43433333333333, 25.775750000000002], [92.43433333333333, 25.770500000000002], [92.4395, 25.770500000000002], [92.4395, 25.775750000000002], [92.43433333333333, 25.775750000000002]]]}, "properties": {"class_value": 1, "class_name": "Stable"}}, {"type": "Feature", "geometry": {"type": "Polygon", "coordinates": [[[92.46533333333333, 25.775750000000002], [92.46533333333333, 25.770500000000002], [92.4705, 25.770500000000002], [92.4705, 25.775750000000002], [92.46533333333333, 25.775750000000002]]]}, "properties": {"class_value": 1, "class_name": "Stable"}}, {"type": "Feature", "geometry": {"type": "Polygon", "coordinates": [[[92.56866666666666, 25.775750000000002], [92.56866666666666, 25.770500000000002], [92.57383333333333, 25.770500000000002], [92.57383333333333, 25.775750000000002], [92.56866666666666, 25.775750000000002]]]}, "properties": {"class_value": 1, "class_name": "Stable"}}, {"type": "Feature", "geometry": {"type": "Polygon", "coordinates": [[[92.5945, 25.775750000000002], [92.5945, 25.770500000000002], [92.59966666666666, 25.770500000000002], [92.59966666666666, 25.775750000000002], [92.5945, 25.775750000000002]]]}, "properties": {"class_value": 1, "class_name": "Stable"}}, {"type": "Feature", "geometry": {"type": "Polygon", "coordinates": [[[92.72883333333333, 25.775750000000002], [92.72883333333333, 25.770500000000002], [92.734, 25.770500000000002], [92.734, 25.775750000000002], [92.72883333333333, 25.775750000000002]]]}, "properties": {"class_value": 1, "class_name": "Stable"}}, {"type": "Feature", "geometry": {"type": "Polygon", "coordinates": [[[92.95616666666666, 25.775750000000002], [92.95616666666666, 25.770500000000002], [92.96133333333333, 25.770500000000002], [92.96133333333333, 25.775750000000002], [92.95616666666666, 25.775750000000002]]]}, "properties": {"class_value": 1, "class_name": "Stable"}}, {"type": "Feature", "geometry": {"type": "Polygon", "coordinates": [[[93.00783333333334, 25.775750000000002], [93.00783333333334, 25.770500000000002], [93.01299999999999, 25.770500000000002], [93.01299999999999, 25.775750000000002], [93.00783333333334, 25.775750000000002]]]}, "properties": {"class_value": 1, "class_name": "Stable"}}, {"type": "Feature", "geometry": {"type": "Polygon", "coordinates": [[[93.68983333333333, 25.775750000000002], [93.68983333333333, 25.770500000000002], [93.695, 25.770500000000002], [93.695, 25.775750000000002], [93.68983333333333, 25.775750000000002]]]}, "properties": {"class_value": 1, "class_name": "Stable"}}, {"type": "Feature", "geometry": {"type": "Polygon", "coordinates": [[[93.76216666666666, 25.775750000000002], [93.76216666666666, 25.770500000000002], [93.76733333333333, 25.770500000000002], [93.76733333333333, 25.775750000000002], [93.76216666666666, 25.775750000000002]]]}, "properties": {"class_value": 1, "class_name": "Stable"}}, {"type": "Feature", "geometry": {"type": "Polygon", "coordinates": [[[93.82416666666667, 25.775750000000002], [93.82416666666667, 25.770500000000002], [93.82933333333332, 25.770500000000002], [93.82933333333332, 25.775750000000002], [93.82416666666667, 25.775750000000002]]]}, "properties": {"class_value": 1, "class_name": "Stable"}}, {"type": "Feature", "geometry": {"type": "Polygon", "coordinates": [[[92.672, 25.775750000000002], [92.672, 25.770500000000002], [92.67716666666666, 25.770500000000002], [92.67716666666666, 25.76525], [92.68233333333333, 25.76525], [92.68233333333333, 25.775750000000002], [92.672, 25.775750000000002]]]}, "properties": {"class_value": 1, "class_name": "Stable"}}, {"type": "Feature", "geometry": {"type": "Polygon", "coordinates": [[[92.83733333333333, 25.775750000000002], [92.83733333333333, 25.76525], [92.8425, 25.76525], [92.8425, 25.775750000000002], [92.83733333333333, 25.775750000000002]]]}, "properties": {"class_value": 1, "class_name": "Stable"}}, {"type": "Feature", "geometry": {"type": "Polygon", "coordinates": [[[92.31033333333333, 25.770500000000002], [92.31033333333333, 25.76525], [92.3155, 25.76525], [92.3155, 25.770500000000002], [92.31033333333333, 25.770500000000002]]]}, "properties": {"class_value": 1, "class_name": "Stable"}}, {"type": "Feature", "geometry": {"type": "Polygon", "coordinates": [[[92.331, 25.770500000000002], [92.331, 25.76525], [92.33616666666667, 25.76525], [92.33616666666667, 25.770500000000002], [92.331, 25.770500000000002]]]}, "properties": {"class_value": 1, "class_name": "Stable"}}, {"type": "Feature", "geometry": {"type": "Polygon", "coordinates": [[[92.35166666666666, 25.770500000000002], [92.35166666666666, 25.76525], [92.35683333333333, 25.76525], [92.35683333333333, 25.770500000000002], [92.35166666666666, 25.770500000000002]]]}, "properties": {"class_value": 1, "class_name": "Stable"}}, {"type": "Feature", "geometry": {"type": "Polygon", "coordinates": [[[92.42399999999999, 25.770500000000002], [92.42399999999999, 25.76525], [92.42916666666666, 25.76525], [92.42916666666666, 25.770500000000002], [92.42399999999999, 25.770500000000002]]]}, "properties": {"class_value": 1, "class_name": "Stable"}}, {"type": "Feature", "geometry": {"type": "Polygon", "coordinates": [[[92.47566666666667, 25.770500000000002], [92.47566666666667, 25.76525], [92.48083333333334, 25.76525], [92.48083333333334, 25.770500000000002], [92.47566666666667, 25.770500000000002]]]}, "properties": {"class_value": 1, "class_name": "Stable"}}, {"type": "Feature", "geometry": {"type": "Polygon", "coordinates": [[[92.55833333333334, 25.770500000000002], [92.55833333333334, 25.76525], [92.56349999999999, 25.76525], [92.56349999999999, 25.770500000000002], [92.55833333333334, 25.770500000000002]]]}, "properties": {"class_value": 1, "class_name": "Stable"}}, {"type": "Feature", "geometry": {"type": "Polygon", "coordinates": [[[92.60483333333333, 25.770500000000002], [92.60483333333333, 25.76525], [92.61, 25.76525], [92.61, 25.770500000000002], [92.60483333333333, 25.770500000000002]]]}, "properties": {"class_value": 1, "class_name": "Stable"}}, {"type": "Feature", "geometry": {"type": "Polygon", "coordinates": [[[92.64616666666666, 25.770500000000002], [92.64616666666666, 25.76525], [92.65133333333333, 25.76525], [92.65133333333333, 25.770500000000002], [92.64616666666666, 25.770500000000002]]]}, "properties": {"class_value": 1, "class_name": "Stable"}}, {"type": "Feature", "geometry": {"type": "Polygon", "coordinates": [[[92.73916666666666, 25.770500000000002], [92.73916666666666, 25.76525], [92.74433333333333, 25.76525], [92.74433333333333, 25.770500000000002], [92.73916666666666, 25.770500000000002]]]}, "properties": {"class_value": 1, "class_name": "Stable"}}, {"type": "Feature", "geometry": {"type": "Polygon", "coordinates": [[[92.77533333333334, 25.770500000000002], [92.77533333333334, 25.76525], [92.7805, 25.76525], [92.7805, 25.770500000000002], [92.77533333333334, 25.770500000000002]]]}, "properties": {"class_value": 1, "class_name": "Stable"}}, {"type": "Feature", "geometry": {"type": "Polygon", "coordinates": [[[92.86833333333333, 25.770500000000002], [92.86833333333333, 25.76525], [92.87349999999999, 25.76525], [92.87349999999999, 25.770500000000002], [92.86833333333333, 25.770500000000002]]]}, "properties": {"class_value": 1, "class_name": "Stable"}}, {"type": "Feature", "geometry": {"type": "Polygon", "coordinates": [[[93.16283333333332, 25.770500000000002], [93.16283333333332, 25.76525], [93.16799999999999, 25.76525], [93.16799999999999, 25.770500000000002], [93.16283333333332, 25.770500000000002]]]}, "properties": {"class_value": 1, "class_name": "Stable"}}, {"type": "Feature", "geometry": {"type": "Polygon", "coordinates": [[[93.17316666666666, 25.770500000000002], [93.17316666666666, 25.76525], [93.17833333333333, 25.76525], [93.17833333333333, 25.770500000000002], [93.17316666666666, 25.770500000000002]]]}, "properties": {"class_value": 1, "class_name": "Stable"}}, {"type": "Feature", "geometry": {"type": "Polygon", "coordinates": [[[93.27133333333333, 25.770500000000002], [93.27133333333333, 25.76525], [93.2765, 25.76525], [93.2765, 25.770500000000002], [93.27133333333333, 25.770500000000002]]]}, "properties": {"class_value": 1, "class_name": "Stable"}}, {"type": "Feature", "geometry": {"type": "Polygon", "coordinates": [[[93.29716666666667, 25.770500000000002], [93.29716666666667, 25.76525], [93.30233333333334, 25.76525], [93.30233333333334, 25.770500000000002], [93.29716666666667, 25.770500000000002]]]}, "properties": {"class_value": 1, "class_name": "Stable"}}, {"type": "Feature", "geometry": {"type": "Polygon", "coordinates": [[[93.56066666666666, 25.770500000000002], [93.56066666666666, 25.76525], [93.56583333333333, 25.76525], [93.56583333333333, 25.770500000000002], [93.56066666666666, 25.770500000000002]]]}, "properties": {"class_value": 1, "class_name": "Stable"}}, {"type": "Feature", "geometry": {"type": "Polygon", "coordinates": [[[93.7725, 25.770500000000002], [93.7725, 25.76525], [93.77766666666666, 25.76525], [93.77766666666666, 25.770500000000002], [93.7725, 25.770500000000002]]]}, "properties": {"class_value": 1, "class_name": "Stable"}}, {"type": "Feature", "geometry": {"type": "Polygon", "coordinates": [[[93.79316666666666, 25.770500000000002], [93.79316666666666, 25.76525], [93.79833333333333, 25.76525], [93.79833333333333, 25.770500000000002], [93.79316666666666, 25.770500000000002]]]}, "properties": {"class_value": 1, "class_name": "Stable"}}, {"type": "Feature", "geometry": {"type": "Polygon", "coordinates": [[[92.38783333333333, 25.76525], [92.38783333333333, 25.76], [92.393, 25.76], [92.393, 25.76525], [92.38783333333333, 25.76525]]]}, "properties": {"class_value": 1, "class_name": "Stable"}}, {"type": "Feature", "geometry": {"type": "Polygon", "coordinates": [[[92.39816666666667, 25.76525], [92.39816666666667, 25.76], [92.4085, 25.76], [92.4085, 25.76525], [92.39816666666667, 25.76525]]]}, "properties": {"class_value": 1, "class_name": "Stable"}}, {"type": "Feature", "geometry": {"type": "Polygon", "coordinates": [[[92.4395, 25.76525], [92.4395, 25.76], [92.44466666666666, 25.76], [92.44466666666666, 25.76525], [92.4395, 25.76525]]]}, "properties": {"class_value": 1, "class_name": "Stable"}}, {"type": "Feature", "geometry": {"type": "Polygon", "coordinates": [[[92.49633333333333, 25.76525], [92.49633333333333, 25.76], [92.5015, 25.76], [92.5015, 25.76525], [92.49633333333333, 25.76525]]]}, "properties": {"class_value": 1, "class_name": "Stable"}}, {"type": "Feature", "geometry": {"type": "Polygon", "coordinates": [[[92.50666666666666, 25.76525], [92.50666666666666, 25.76], [92.51183333333333, 25.76], [92.51183333333333, 25.76525], [92.50666666666666, 25.76525]]]}, "properties": {"class_value": 1, "class_name": "Stable"}}, {"type": "Feature", "geometry": {"type": "Polygon", "coordinates": [[[92.52733333333333, 25.76525], [92.52733333333333, 25.76], [92.5325, 25.76], [92.5325, 25.76525], [92.52733333333333, 25.76525]]]}, "properties": {"class_value": 1, "class_name": "Stable"}}, {"type": "Feature", "geometry": {"type": "Polygon", "coordinates": [[[92.579, 25.76525], [92.579, 25.76], [92.58416666666666, 25.76], [92.58416666666666, 25.76525], [92.579, 25.76525]]]}, "properties": {"class_value": 1, "class_name": "Stable"}}, {"type": "Feature", "geometry": {"type": "Polygon", "coordinates": [[[92.63583333333332, 25.76525], [92.63583333333332, 25.76], [92.64099999999999, 25.76], [92.64099999999999, 25.76525], [92.63583333333332, 25.76525]]]}, "properties": {"class_value": 1, "class_name": "Stable"}}, {"type": "Feature", "geometry": {"type": "Polygon", "coordinates": [[[92.94583333333333, 25.76525], [92.94583333333333, 25.76], [92.951, 25.76], [92.951, 25.76525], [92.94583333333333, 25.76525]]]}, "properties": {"class_value": 1, "class_name": "Stable"}}, {"type": "Feature", "geometry": {"type": "Polygon", "coordinates": [[[93.24033333333333, 25.76525], [93.24033333333333, 25.76], [93.24549999999999, 25.76], [93.24549999999999, 25.76525], [93.24033333333333, 25.76525]]]}, "properties": {"class_value": 1, "class_name": "Stable"}}, {"type": "Feature", "geometry": {"type": "Polygon", "coordinates": [[[93.354, 25.76525], [93.354, 25.76], [93.35916666666667, 25.76], [93.35916666666667, 25.76525], [93.354, 25.76525]]]}, "properties": {"class_value": 1, "class_name": "Stable"}}, {"type": "Feature", "geometry": {"type": "Polygon", "coordinates": [[[93.4005, 25.76525], [93.4005, 25.76], [93.40566666666666, 25.76], [93.40566666666666, 25.76525], [93.4005, 25.76525]]]}, "properties": {"class_value": 1, "class_name": "Stable"}}, {"type": "Feature", "geometry": {"type": "Polygon", "coordinates": [[[93.42116666666666, 25.76525], [93.42116666666666, 25.76], [93.42633333333333, 25.76], [93.42633333333333, 25.76525], [93.42116666666666, 25.76525]]]}, "properties": {"class_value": 1, "class_name": "Stable"}}, {"type": "Feature", "geometry": {"type": "Polygon", "coordinates": [[[93.53999999999999, 25.76525], [93.53999999999999, 25.76], [93.54516666666666, 25.76], [93.54516666666666, 25.76525], [93.53999999999999, 25.76525]]]}, "properties": {"class_value": 1, "class_name": "Stable"}}, {"type": "Feature", "geometry": {"type": "Polygon", "coordinates": [[[93.82933333333332, 25.76525], [93.82933333333332, 25.76], [93.83449999999999, 25.76], [93.83449999999999, 25.76525], [93.82933333333332, 25.76525]]]}, "properties": {"class_value": 1, "class_name": "Stable"}}, {"type": "Feature", "geometry": {"type": "Polygon", "coordinates": [[[93.83966666666666, 25.76525], [93.83966666666666, 25.76], [93.84483333333333, 25.76], [93.84483333333333, 25.76525], [93.83966666666666, 25.76525]]]}, "properties": {"class_value": 1, "class_name": "Stable"}}, {"type": "Feature", "geometry": {"type": "Polygon", "coordinates": [[[92.42916666666666, 25.76], [92.42916666666666, 25.75475], [92.43433333333333, 25.75475], [92.43433333333333, 25.76], [92.42916666666666, 25.76]]]}, "properties": {"class_value": 1, "class_name": "Stable"}}, {"type": "Feature", "geometry": {"type": "Polygon", "coordinates": [[[92.71333333333332, 25.76], [92.71333333333332, 25.75475], [92.71849999999999, 25.75475], [92.71849999999999, 25.76], [92.71333333333332, 25.76]]]}, "properties": {"class_value": 5, "class_name": "Uncertain / Other"}}, {"type": "Feature", "geometry": {"type": "Polygon", "coordinates": [[[92.72366666666666, 25.76], [92.72366666666666, 25.75475], [92.72883333333333, 25.75475], [92.72883333333333, 25.76], [92.72366666666666, 25.76]]]}, "properties": {"class_value": 1, "class_name": "Stable"}}, {"type": "Feature", "geometry": {"type": "Polygon", "coordinates": [[[92.765, 25.76], [92.765, 25.75475], [92.77016666666667, 25.75475], [92.77016666666667, 25.76], [92.765, 25.76]]]}, "properties": {"class_value": 1, "class_name": "Stable"}}, {"type": "Feature", "geometry": {"type": "Polygon", "coordinates": [[[92.77533333333334, 25.76], [92.77533333333334, 25.75475], [92.7805, 25.75475], [92.7805, 25.76], [92.77533333333334, 25.76]]]}, "properties": {"class_value": 1, "class_name": "Stable"}}, {"type": "Feature", "geometry": {"type": "Polygon", "coordinates": [[[93.075, 25.76], [93.075, 25.75475], [93.08016666666667, 25.75475], [93.08016666666667, 25.76], [93.075, 25.76]]]}, "properties": {"class_value": 1, "class_name": "Stable"}}, {"type": "Feature", "geometry": {"type": "Polygon", "coordinates": [[[93.39016666666666, 25.76], [93.39016666666666, 25.75475], [93.4005, 25.75475], [93.4005, 25.76], [93.39016666666666, 25.76]]]}, "properties": {"class_value": 1, "class_name": "Stable"}}, {"type": "Feature", "geometry": {"type": "Polygon", "coordinates": [[[93.44183333333334, 25.76], [93.44183333333334, 25.75475], [93.447, 25.75475], [93.447, 25.76], [93.44183333333334, 25.76]]]}, "properties": {"class_value": 5, "class_name": "Uncertain / Other"}}, {"type": "Feature", "geometry": {"type": "Polygon", "coordinates": [[[93.45733333333332, 25.76], [93.45733333333332, 25.75475], [93.46249999999999, 25.75475], [93.46249999999999, 25.76], [93.45733333333332, 25.76]]]}, "properties": {"class_value": 1, "class_name": "Stable"}}, {"type": "Feature", "geometry": {"type": "Polygon", "coordinates": [[[93.50383333333333, 25.76], [93.50383333333333, 25.75475], [93.509, 25.75475], [93.509, 25.76], [93.50383333333333, 25.76]]]}, "properties": {"class_value": 1, "class_name": "Stable"}}, {"type": "Feature", "geometry": {"type": "Polygon", "coordinates": [[[93.73116666666667, 25.76], [93.73116666666667, 25.75475], [93.73633333333333, 25.75475], [93.73633333333333, 25.76], [93.73116666666667, 25.76]]]}, "properties": {"class_value": 1, "class_name": "Stable"}}, {"type": "Feature", "geometry": {"type": "Polygon", "coordinates": [[[92.38266666666667, 25.75475], [92.38266666666667, 25.7495], [92.38783333333333, 25.7495], [92.38783333333333, 25.75475], [92.38266666666667, 25.75475]]]}, "properties": {"class_value": 1, "class_name": "Stable"}}, {"type": "Feature", "geometry": {"type": "Polygon", "coordinates": [[[92.46533333333333, 25.75475], [92.46533333333333, 25.7495], [92.4705, 25.7495], [92.4705, 25.75475], [92.46533333333333, 25.75475]]]}, "properties": {"class_value": 1, "class_name": "Stable"}}, {"type": "Feature", "geometry": {"type": "Polygon", "coordinates": [[[92.486, 25.75475], [92.486, 25.7495], [92.49116666666666, 25.7495], [92.49116666666666, 25.75475], [92.486, 25.75475]]]}, "properties": {"class_value": 1, "class_name": "Stable"}}, {"type": "Feature", "geometry": {"type": "Polygon", "coordinates": [[[92.63066666666667, 25.75475], [92.63066666666667, 25.7495], [92.63583333333332, 25.7495], [92.63583333333332, 25.75475], [92.63066666666667, 25.75475]]]}, "properties": {"class_value": 1, "class_name": "Stable"}}, {"type": "Feature", "geometry": {"type": "Polygon", "coordinates": [[[92.93033333333334, 25.75475], [92.93033333333334, 25.7495], [92.93549999999999, 25.7495], [92.93549999999999, 25.75475], [92.93033333333334, 25.75475]]]}, "properties": {"class_value": 1, "class_name": "Stable"}}, {"type": "Feature", "geometry": {"type": "Polygon", "coordinates": [[[93.05433333333333, 25.75475], [93.05433333333333, 25.7495], [93.0595, 25.7495], [93.0595, 25.75475], [93.05433333333333, 25.75475]]]}, "properties": {"class_value": 1, "class_name": "Stable"}}, {"type": "Feature", "geometry": {"type": "Polygon", "coordinates": [[[93.21966666666667, 25.75475], [93.21966666666667, 25.7495], [93.22483333333334, 25.7495], [93.22483333333334, 25.75475], [93.21966666666667, 25.75475]]]}, "properties": {"class_value": 1, "class_name": "Stable"}}, {"type": "Feature", "geometry": {"type": "Polygon", "coordinates": [[[93.25066666666666, 25.75475], [93.25066666666666, 25.7495], [93.25583333333333, 25.7495], [93.25583333333333, 25.75475], [93.25066666666666, 25.75475]]]}, "properties": {"class_value": 1, "class_name": "Stable"}}, {"type": "Feature", "geometry": {"type": "Polygon", "coordinates": [[[93.323, 25.75475], [93.323, 25.7495], [93.32816666666666, 25.7495], [93.32816666666666, 25.75475], [93.323, 25.75475]]]}, "properties": {"class_value": 1, "class_name": "Stable"}}, {"type": "Feature", "geometry": {"type": "Polygon", "coordinates": [[[93.34883333333333, 25.75475], [93.34883333333333, 25.7495], [93.354, 25.7495], [93.354, 25.75475], [93.34883333333333, 25.75475]]]}, "properties": {"class_value": 1, "class_name": "Stable"}}, {"type": "Feature", "geometry": {"type": "Polygon", "coordinates": [[[93.61749999999999, 25.75475], [93.61749999999999, 25.7495], [93.62266666666666, 25.7495], [93.62266666666666, 25.75475], [93.61749999999999, 25.75475]]]}, "properties": {"class_value": 1, "class_name": "Stable"}}, {"type": "Feature", "geometry": {"type": "Polygon", "coordinates": [[[93.72083333333333, 25.75475], [93.72083333333333, 25.7495], [93.726, 25.7495], [93.726, 25.75475], [93.72083333333333, 25.75475]]]}, "properties": {"class_value": 1, "class_name": "Stable"}}, {"type": "Feature", "geometry": {"type": "Polygon", "coordinates": [[[93.83966666666666, 25.75475], [93.83966666666666, 25.7495], [93.84483333333333, 25.7495], [93.84483333333333, 25.75475], [93.83966666666666, 25.75475]]]}, "properties": {"class_value": 1, "class_name": "Stable"}}, {"type": "Feature", "geometry": {"type": "Polygon", "coordinates": [[[92.35683333333333, 25.7495], [92.35683333333333, 25.74425], [92.362, 25.74425], [92.362, 25.7495], [92.35683333333333, 25.7495]]]}, "properties": {"class_value": 1, "class_name": "Stable"}}, {"type": "Feature", "geometry": {"type": "Polygon", "coordinates": [[[92.82183333333333, 25.7495], [92.82183333333333, 25.74425], [92.827, 25.74425], [92.827, 25.7495], [92.82183333333333, 25.7495]]]}, "properties": {"class_value": 1, "class_name": "Stable"}}, {"type": "Feature", "geometry": {"type": "Polygon", "coordinates": [[[92.84766666666667, 25.7495], [92.84766666666667, 25.74425], [92.85283333333334, 25.74425], [92.85283333333334, 25.7495], [92.84766666666667, 25.7495]]]}, "properties": {"class_value": 1, "class_name": "Stable"}}, {"type": "Feature", "geometry": {"type": "Polygon", "coordinates": [[[92.9975, 25.7495], [92.9975, 25.74425], [93.00266666666667, 25.74425], [93.00266666666667, 25.7495], [92.9975, 25.7495]]]}, "properties": {"class_value": 1, "class_name": "Stable"}}, {"type": "Feature", "geometry": {"type": "Polygon", "coordinates": [[[93.30749999999999, 25.7495], [93.30749999999999, 25.74425], [93.31266666666666, 25.74425], [93.31266666666666, 25.7495], [93.30749999999999, 25.7495]]]}, "properties": {"class_value": 1, "class_name": "Stable"}}, {"type": "Feature", "geometry": {"type": "Polygon", "coordinates": [[[93.39016666666666, 25.7495], [93.39016666666666, 25.74425], [93.39533333333333, 25.74425], [93.39533333333333, 25.7495], [93.39016666666666, 25.7495]]]}, "properties": {"class_value": 1, "class_name": "Stable"}}, {"type": "Feature", "geometry": {"type": "Polygon", "coordinates": [[[93.41083333333333, 25.7495], [93.41083333333333, 25.74425], [93.416, 25.74425], [93.416, 25.7495], [93.41083333333333, 25.7495]]]}, "properties": {"class_value": 1, "class_name": "Stable"}}, {"type": "Feature", "geometry": {"type": "Polygon", "coordinates": [[[93.68983333333333, 25.7495], [93.68983333333333, 25.74425], [93.695, 25.74425], [93.695, 25.7495], [93.68983333333333, 25.7495]]]}, "properties": {"class_value": 1, "class_name": "Stable"}}, {"type": "Feature", "geometry": {"type": "Polygon", "coordinates": [[[93.7415, 25.7495], [93.7415, 25.74425], [93.74666666666667, 25.74425], [93.74666666666667, 25.7495], [93.7415, 25.7495]]]}, "properties": {"class_value": 1, "class_name": "Stable"}}, {"type": "Feature", "geometry": {"type": "Polygon", "coordinates": [[[93.1835, 25.75475], [93.1835, 25.7495], [93.17833333333333, 25.7495], [93.17833333333333, 25.739], [93.1835, 25.739], [93.1835, 25.74425], [93.18866666666666, 25.74425], [93.18866666666666, 25.75475], [93.1835, 25.75475]]]}, "properties": {"class_value": 1, "class_name": "Stable"}}, {"type": "Feature", "geometry": {"type": "Polygon", "coordinates": [[[92.55833333333334, 25.74425], [92.55833333333334, 25.739], [92.56349999999999, 25.739], [92.56349999999999, 25.74425], [92.55833333333334, 25.74425]]]}, "properties": {"class_value": 1, "class_name": "Stable"}}, {"type": "Feature", "geometry": {"type": "Polygon", "coordinates": [[[92.827, 25.74425], [92.827, 25.739], [92.83216666666667, 25.739], [92.83216666666667, 25.74425], [92.827, 25.74425]]]}, "properties": {"class_value": 1, "class_name": "Stable"}}, {"type": "Feature", "geometry": {"type": "Polygon", "coordinates": [[[92.90966666666667, 25.74425], [92.90966666666667, 25.739], [92.91483333333333, 25.739], [92.91483333333333, 25.74425], [92.90966666666667, 25.74425]]]}, "properties": {"class_value": 1, "class_name": "Stable"}}, {"type": "Feature", "geometry": {"type": "Polygon", "coordinates": [[[93.01299999999999, 25.74425], [93.01299999999999, 25.739], [93.01816666666666, 25.739], [93.01816666666666, 25.74425], [93.01299999999999, 25.74425]]]}, "properties": {"class_value": 1, "class_name": "Stable"}}, {"type": "Feature", "geometry": {"type": "Polygon", "coordinates": [[[93.06466666666667, 25.74425], [93.06466666666667, 25.739], [93.06983333333334, 25.739], [93.06983333333334, 25.74425], [93.06466666666667, 25.74425]]]}, "properties": {"class_value": 1, "class_name": "Stable"}}, {"type": "Feature", "geometry": {"type": "Polygon", "coordinates": [[[93.09049999999999, 25.74425], [93.09049999999999, 25.739], [93.09566666666666, 25.739], [93.09566666666666, 25.74425], [93.09049999999999, 25.74425]]]}, "properties": {"class_value": 1, "class_name": "Stable"}}, {"type": "Feature", "geometry": {"type": "Polygon", "coordinates": [[[93.14733333333334, 25.74425], [93.14733333333334, 25.739], [93.1525, 25.739], [93.1525, 25.74425], [93.14733333333334, 25.74425]]]}, "properties": {"class_value": 1, "class_name": "Stable"}}, {"type": "Feature", "geometry": {"type": "Polygon", "coordinates": [[[93.60716666666666, 25.74425], [93.60716666666666, 25.739], [93.61233333333332, 25.739], [93.61233333333332, 25.74425], [93.60716666666666, 25.74425]]]}, "properties": {"class_value": 1, "class_name": "Stable"}}, {"type": "Feature", "geometry": {"type": "Polygon", "coordinates": [[[93.73633333333333, 25.74425], [93.73633333333333, 25.739], [93.7415, 25.739], [93.7415, 25.74425], [93.73633333333333, 25.74425]]]}, "properties": {"class_value": 1, "class_name": "Stable"}}, {"type": "Feature", "geometry": {"type": "Polygon", "coordinates": [[[93.81383333333333, 25.74425], [93.81383333333333, 25.739], [93.82416666666667, 25.739], [93.82416666666667, 25.74425], [93.81383333333333, 25.74425]]]}, "properties": {"class_value": 1, "class_name": "Stable"}}, {"type": "Feature", "geometry": {"type": "Polygon", "coordinates": [[[93.79316666666666, 25.74425], [93.79316666666666, 25.73375], [93.79833333333333, 25.73375], [93.79833333333333, 25.74425], [93.79316666666666, 25.74425]]]}, "properties": {"class_value": 1, "class_name": "Stable"}}, {"type": "Feature", "geometry": {"type": "Polygon", "coordinates": [[[92.3, 25.739], [92.3, 25.73375], [92.30516666666666, 25.73375], [92.30516666666666, 25.739], [92.3, 25.739]]]}, "properties": {"class_value": 1, "class_name": "Stable"}}, {"type": "Feature", "geometry": {"type": "Polygon", "coordinates": [[[92.6875, 25.739], [92.6875, 25.73375], [92.69783333333334, 25.73375], [92.69783333333334, 25.739], [92.6875, 25.739]]]}, "properties": {"class_value": 1, "class_name": "Stable"}}, {"type": "Feature", "geometry": {"type": "Polygon", "coordinates": [[[92.79083333333332, 25.739], [92.79083333333332, 25.73375], [92.79599999999999, 25.73375], [92.79599999999999, 25.739], [92.79083333333332, 25.739]]]}, "properties": {"class_value": 1, "class_name": "Stable"}}, {"type": "Feature", "geometry": {"type": "Polygon", "coordinates": [[[92.96133333333333, 25.739], [92.96133333333333, 25.73375], [92.9665, 25.73375], [92.9665, 25.739], [92.96133333333333, 25.739]]]}, "properties": {"class_value": 1, "class_name": "Stable"}}, {"type": "Feature", "geometry": {"type": "Polygon", "coordinates": [[[93.00783333333334, 25.739], [93.00783333333334, 25.73375], [93.01299999999999, 25.73375], [93.01299999999999, 25.739], [93.00783333333334, 25.739]]]}, "properties": {"class_value": 1, "class_name": "Stable"}}, {"type": "Feature", "geometry": {"type": "Polygon", "coordinates": [[[93.03883333333333, 25.739], [93.03883333333333, 25.73375], [93.044, 25.73375], [93.044, 25.739], [93.03883333333333, 25.739]]]}, "properties": {"class_value": 1, "class_name": "Stable"}}, {"type": "Feature", "geometry": {"type": "Polygon", "coordinates": [[[93.14216666666667, 25.739], [93.14216666666667, 25.73375], [93.14733333333334, 25.73375], [93.14733333333334, 25.739], [93.14216666666667, 25.739]]]}, "properties": {"class_value": 1, "class_name": "Stable"}}, {"type": "Feature", "geometry": {"type": "Polygon", "coordinates": [[[93.15766666666666, 25.739], [93.15766666666666, 25.73375], [93.16283333333332, 25.73375], [93.16283333333332, 25.739], [93.15766666666666, 25.739]]]}, "properties": {"class_value": 2, "class_name": "Degrading"}}, {"type": "Feature", "geometry": {"type": "Polygon", "coordinates": [[[93.292, 25.739], [93.292, 25.73375], [93.29716666666667, 25.73375], [93.29716666666667, 25.739], [93.292, 25.739]]]}, "properties": {"class_value": 1, "class_name": "Stable"}}, {"type": "Feature", "geometry": {"type": "Polygon", "coordinates": [[[93.34883333333333, 25.739], [93.34883333333333, 25.73375], [93.354, 25.73375], [93.354, 25.739], [93.34883333333333, 25.739]]]}, "properties": {"class_value": 2, "class_name": "Degrading"}}, {"type": "Feature", "geometry": {"type": "Polygon", "coordinates": [[[93.3695, 25.739], [93.3695, 25.73375], [93.37466666666667, 25.73375], [93.37466666666667, 25.739], [93.3695, 25.739]]]}, "properties": {"class_value": 1, "class_name": "Stable"}}, {"type": "Feature", "geometry": {"type": "Polygon", "coordinates": [[[93.50383333333333, 25.739], [93.50383333333333, 25.73375], [93.509, 25.73375], [93.509, 25.739], [93.50383333333333, 25.739]]]}, "properties": {"class_value": 1, "class_name": "Stable"}}, {"type": "Feature", "geometry": {"type": "Polygon", "coordinates": [[[93.53999999999999, 25.739], [93.53999999999999, 25.73375], [93.54516666666666, 25.73375], [93.54516666666666, 25.739], [93.53999999999999, 25.739]]]}, "properties": {"class_value": 5, "class_name": "Uncertain / Other"}}, {"type": "Feature", "geometry": {"type": "Polygon", "coordinates": [[[93.67433333333334, 25.739], [93.67433333333334, 25.73375], [93.67949999999999, 25.73375], [93.67949999999999, 25.739], [93.67433333333334, 25.739]]]}, "properties": {"class_value": 1, "class_name": "Stable"}}, {"type": "Feature", "geometry": {"type": "Polygon", "coordinates": [[[93.75699999999999, 25.739], [93.75699999999999, 25.73375], [93.76216666666666, 25.73375], [93.76216666666666, 25.739], [93.75699999999999, 25.739]]]}, "properties": {"class_value": 1, "class_name": "Stable"}}, {"type": "Feature", "geometry": {"type": "Polygon", "coordinates": [[[92.35683333333333, 25.739], [92.35683333333333, 25.7285], [92.362, 25.7285], [92.362, 25.739], [92.35683333333333, 25.739]]]}, "properties": {"class_value": 1, "class_name": "Stable"}}, {"type": "Feature", "geometry": {"type": "Polygon", "coordinates": [[[92.48083333333334, 25.739], [92.48083333333334, 25.7285], [92.486, 25.7285], [92.486, 25.739], [92.48083333333334, 25.739]]]}, "properties": {"class_value": 1, "class_name": "Stable"}}, {"type": "Feature", "geometry": {"type": "Polygon", "coordinates": [[[92.80633333333333, 25.739], [92.80633333333333, 25.7285], [92.8115, 25.7285], [92.8115, 25.739], [92.80633333333333, 25.739]]]}, "properties": {"class_value": 1, "class_name": "Stable"}}, {"type": "Feature", "geometry": {"type": "Polygon", "coordinates": [[[92.36716666666666, 25.73375], [92.36716666666666, 25.7285], [92.37233333333333, 25.7285], [92.37233333333333, 25.73375], [92.36716666666666, 25.73375]]]}, "properties": {"class_value": 1, "class_name": "Stable"}}, {"type": "Feature", "geometry": {"type": "Polygon", "coordinates": [[[92.41883333333332, 25.73375], [92.41883333333332, 25.7285], [92.42399999999999, 25.7285], [92.42399999999999, 25.73375], [92.41883333333332, 25.73375]]]}, "properties": {"class_value": 1, "class_name": "Stable"}}, {"type": "Feature", "geometry": {"type": "Polygon", "coordinates": [[[92.46016666666667, 25.73375], [92.46016666666667, 25.7285], [92.46533333333333, 25.7285], [92.46533333333333, 25.73375], [92.46016666666667, 25.73375]]]}, "properties": {"class_value": 1, "class_name": "Stable"}}, {"type": "Feature", "geometry": {"type": "Polygon", "coordinates": [[[92.5325, 25.73375], [92.5325, 25.7285], [92.53766666666667, 25.7285], [92.53766666666667, 25.73375], [92.5325, 25.73375]]]}, "properties": {"class_value": 1, "class_name": "Stable"}}, {"type": "Feature", "geometry": {"type": "Polygon", "coordinates": [[[92.56349999999999, 25.73375], [92.56349999999999, 25.7285], [92.579, 25.7285], [92.579, 25.73375], [92.56349999999999, 25.73375]]]}, "properties": {"class_value": 1, "class_name": "Stable"}}, {"type": "Feature", "geometry": {"type": "Polygon", "coordinates": [[[92.78566666666666, 25.73375], [92.78566666666666, 25.7285], [92.79083333333332, 25.7285], [92.79083333333332, 25.73375], [92.78566666666666, 25.73375]]]}, "properties": {"class_value": 1, "class_name": "Stable"}}, {"type": "Feature", "geometry": {"type": "Polygon", "coordinates": [[[92.95616666666666, 25.73375], [92.95616666666666, 25.7285], [92.96133333333333, 25.7285], [92.96133333333333, 25.73375], [92.95616666666666, 25.73375]]]}, "properties": {"class_value": 1, "class_name": "Stable"}}, {"type": "Feature", "geometry": {"type": "Polygon", "coordinates": [[[93.0285, 25.73375], [93.0285, 25.7285], [93.03366666666666, 25.7285], [93.03366666666666, 25.73375], [93.0285, 25.73375]]]}, "properties": {"class_value": 1, "class_name": "Stable"}}, {"type": "Feature", "geometry": {"type": "Polygon", "coordinates": [[[93.08533333333332, 25.73375], [93.08533333333332, 25.7285], [93.09049999999999, 25.7285], [93.09049999999999, 25.73375], [93.08533333333332, 25.73375]]]}, "properties": {"class_value": 1, "class_name": "Stable"}}, {"type": "Feature", "geometry": {"type": "Polygon", "coordinates": [[[93.106, 25.73375], [93.106, 25.7285], [93.11116666666666, 25.7285], [93.11116666666666, 25.73375], [93.106, 25.73375]]]}, "properties": {"class_value": 1, "class_name": "Stable"}}, {"type": "Feature", "geometry": {"type": "Polygon", "coordinates": [[[93.11633333333333, 25.73375], [93.11633333333333, 25.7285], [93.1215, 25.7285], [93.1215, 25.73375], [93.11633333333333, 25.73375]]]}, "properties": {"class_value": 2, "class_name": "Degrading"}}, {"type": "Feature", "geometry": {"type": "Polygon", "coordinates": [[[93.15766666666666, 25.73375], [93.15766666666666, 25.7285], [93.16283333333332, 25.7285], [93.16283333333332, 25.73375], [93.15766666666666, 25.73375]]]}, "properties": {"class_value": 1, "class_name": "Stable"}}, {"type": "Feature", "geometry": {"type": "Polygon", "coordinates": [[[93.34883333333333, 25.73375], [93.34883333333333, 25.7285], [93.354, 25.7285], [93.354, 25.73375], [93.34883333333333, 25.73375]]]}, "properties": {"class_value": 1, "class_name": "Stable"}}, {"type": "Feature", "geometry": {"type": "Polygon", "coordinates": [[[93.51416666666667, 25.73375], [93.51416666666667, 25.7285], [93.51933333333334, 25.7285], [93.51933333333334, 25.73375], [93.51416666666667, 25.73375]]]}, "properties": {"class_value": 1, "class_name": "Stable"}}, {"type": "Feature", "geometry": {"type": "Polygon", "coordinates": [[[93.5555, 25.73375], [93.5555, 25.7285], [93.56066666666666, 25.7285], [93.56066666666666, 25.73375], [93.5555, 25.73375]]]}, "properties": {"class_value": 1, "class_name": "Stable"}}, {"type": "Feature", "geometry": {"type": "Polygon", "coordinates": [[[93.60716666666666, 25.73375], [93.60716666666666, 25.7285], [93.61233333333332, 25.7285], [93.61233333333332, 25.73375], [93.60716666666666, 25.73375]]]}, "properties": {"class_value": 1, "class_name": "Stable"}}, {"type": "Feature", "geometry": {"type": "Polygon", "coordinates": [[[93.64333333333333, 25.73375], [93.64333333333333, 25.7285], [93.6485, 25.7285], [93.6485, 25.73375], [93.64333333333333, 25.73375]]]}, "properties": {"class_value": 1, "class_name": "Stable"}}, {"type": "Feature", "geometry": {"type": "Polygon", "coordinates": [[[92.4705, 25.7285], [92.4705, 25.72325], [92.47566666666667, 25.72325], [92.47566666666667, 25.7285], [92.4705, 25.7285]]]}, "properties": {"class_value": 1, "class_name": "Stable"}}, {"type": "Feature", "geometry": {"type": "Polygon", "coordinates": [[[92.49633333333333, 25.7285], [92.49633333333333, 25.72325], [92.5015, 25.72325], [92.5015, 25.7285], [92.49633333333333, 25.7285]]]}, "properties": {"class_value": 1, "class_name": "Stable"}}, {"type": "Feature", "geometry": {"type": "Polygon", "coordinates": [[[92.61516666666667, 25.7285], [92.61516666666667, 25.72325], [92.62033333333333, 25.72325], [92.62033333333333, 25.7285], [92.61516666666667, 25.7285]]]}, "properties": {"class_value": 1, "class_name": "Stable"}}, {"type": "Feature", "geometry": {"type": "Polygon", "coordinates": [[[92.66683333333333, 25.7285], [92.66683333333333, 25.72325], [92.672, 25.72325], [92.672, 25.7285], [92.66683333333333, 25.7285]]]}, "properties": {"class_value": 1, "class_name": "Stable"}}, {"type": "Feature", "geometry": {"type": "Polygon", "coordinates": [[[92.71333333333332, 25.7285], [92.71333333333332, 25.72325], [92.71849999999999, 25.72325], [92.71849999999999, 25.7285], [92.71333333333332, 25.7285]]]}, "properties": {"class_value": 1, "class_name": "Stable"}}, {"type": "Feature", "geometry": {"type": "Polygon", "coordinates": [[[92.72883333333333, 25.7285], [92.72883333333333, 25.72325], [92.734, 25.72325], [92.734, 25.7285], [92.72883333333333, 25.7285]]]}, "properties": {"class_value": 1, "class_name": "Stable"}}, {"type": "Feature", "geometry": {"type": "Polygon", "coordinates": [[[92.77016666666667, 25.7285], [92.77016666666667, 25.72325], [92.77533333333334, 25.72325], [92.77533333333334, 25.7285], [92.77016666666667, 25.7285]]]}, "properties": {"class_value": 1, "class_name": "Stable"}}, {"type": "Feature", "geometry": {"type": "Polygon", "coordinates": [[[92.7805, 25.7285], [92.7805, 25.72325], [92.78566666666666, 25.72325], [92.78566666666666, 25.7285], [92.7805, 25.7285]]]}, "properties": {"class_value": 1, "class_name": "Stable"}}, {"type": "Feature", "geometry": {"type": "Polygon", "coordinates": [[[93.30749999999999, 25.7285], [93.30749999999999, 25.72325], [93.31266666666666, 25.72325], [93.31266666666666, 25.7285], [93.30749999999999, 25.7285]]]}, "properties": {"class_value": 1, "class_name": "Stable"}}, {"type": "Feature", "geometry": {"type": "Polygon", "coordinates": [[[93.43666666666667, 25.7285], [93.43666666666667, 25.72325], [93.44183333333334, 25.72325], [93.44183333333334, 25.7285], [93.43666666666667, 25.7285]]]}, "properties": {"class_value": 1, "class_name": "Stable"}}, {"type": "Feature", "geometry": {"type": "Polygon", "coordinates": [[[93.49866666666667, 25.7285], [93.49866666666667, 25.72325], [93.50383333333333, 25.72325], [93.50383333333333, 25.7285], [93.49866666666667, 25.7285]]]}, "properties": {"class_value": 1, "class_name": "Stable"}}, {"type": "Feature", "geometry": {"type": "Polygon", "coordinates": [[[93.51933333333334, 25.7285], [93.51933333333334, 25.72325], [93.5245, 25.72325], [93.5245, 25.7285], [93.51933333333334, 25.7285]]]}, "properties": {"class_value": 1, "class_name": "Stable"}}, {"type": "Feature", "geometry": {"type": "Polygon", "coordinates": [[[93.59166666666667, 25.7285], [93.59166666666667, 25.72325], [93.59683333333334, 25.72325], [93.59683333333334, 25.7285], [93.59166666666667, 25.7285]]]}, "properties": {"class_value": 1, "class_name": "Stable"}}, {"type": "Feature", "geometry": {"type": "Polygon", "coordinates": [[[93.71566666666666, 25.7285], [93.71566666666666, 25.72325], [93.72083333333333, 25.72325], [93.72083333333333, 25.7285], [93.71566666666666, 25.7285]]]}, "properties": {"class_value": 1, "class_name": "Stable"}}, {"type": "Feature", "geometry": {"type": "Polygon", "coordinates": [[[93.74666666666667, 25.7285], [93.74666666666667, 25.72325], [93.75183333333334, 25.72325], [93.75183333333334, 25.7285], [93.74666666666667, 25.7285]]]}, "properties": {"class_value": 1, "class_name": "Stable"}}, {"type": "Feature", "geometry": {"type": "Polygon", "coordinates": [[[93.8035, 25.7285], [93.8035, 25.72325], [93.81383333333333, 25.72325], [93.81383333333333, 25.7285], [93.8035, 25.7285]]]}, "properties": {"class_value": 1, "class_name": "Stable"}}, {"type": "Feature", "geometry": {"type": "Polygon", "coordinates": [[[92.703, 25.7285], [92.703, 25.718], [92.70816666666667, 25.718], [92.70816666666667, 25.7285], [92.703, 25.7285]]]}, "properties": {"class_value": 1, "class_name": "Stable"}}, {"type": "Feature", "geometry": {"type": "Polygon", "coordinates": [[[93.65366666666667, 25.7285], [93.65366666666667, 25.718], [93.65883333333333, 25.718], [93.65883333333333, 25.7285], [93.65366666666667, 25.7285]]]}, "properties": {"class_value": 1, "class_name": "Stable"}}, {"type": "Feature", "geometry": {"type": "Polygon", "coordinates": [[[92.42916666666666, 25.72325], [92.42916666666666, 25.718], [92.43433333333333, 25.718], [92.43433333333333, 25.72325], [92.42916666666666, 25.72325]]]}, "properties": {"class_value": 1, "class_name": "Stable"}}, {"type": "Feature", "geometry": {"type": "Polygon", "coordinates": [[[92.51183333333333, 25.72325], [92.51183333333333, 25.718], [92.517, 25.718], [92.517, 25.72325], [92.51183333333333, 25.72325]]]}, "properties": {"class_value": 1, "class_name": "Stable"}}, {"type": "Feature", "geometry": {"type": "Polygon", "coordinates": [[[92.59966666666666, 25.72325], [92.59966666666666, 25.718], [92.60483333333333, 25.718], [92.60483333333333, 25.72325], [92.59966666666666, 25.72325]]]}, "properties": {"class_value": 1, "class_name": "Stable"}}, {"type": "Feature", "geometry": {"type": "Polygon", "coordinates": [[[92.75466666666667, 25.72325], [92.75466666666667, 25.718], [92.75983333333333, 25.718], [92.75983333333333, 25.72325], [92.75466666666667, 25.72325]]]}, "properties": {"class_value": 1, "class_name": "Stable"}}, {"type": "Feature", "geometry": {"type": "Polygon", "coordinates": [[[93.01299999999999, 25.72325], [93.01299999999999, 25.718], [93.01816666666666, 25.718], [93.01816666666666, 25.72325], [93.01299999999999, 25.72325]]]}, "properties": {"class_value": 1, "class_name": "Stable"}}, {"type": "Feature", "geometry": {"type": "Polygon", "coordinates": [[[93.25583333333333, 25.72325], [93.25583333333333, 25.718], [93.26616666666666, 25.718], [93.26616666666666, 25.72325], [93.25583333333333, 25.72325]]]}, "properties": {"class_value": 1, "class_name": "Stable"}}, {"type": "Feature", "geometry": {"type": "Polygon", "coordinates": [[[93.42633333333333, 25.72325], [93.42633333333333, 25.718], [93.4315, 25.718], [93.4315, 25.72325], [93.42633333333333, 25.72325]]]}, "properties": {"class_value": 1, "class_name": "Stable"}}, {"type": "Feature", "geometry": {"type": "Polygon", "coordinates": [[[93.52966666666666, 25.72325], [93.52966666666666, 25.718], [93.53483333333332, 25.718], [93.53483333333332, 25.72325], [93.52966666666666, 25.72325]]]}, "properties": {"class_value": 1, "class_name": "Stable"}}, {"type": "Feature", "geometry": {"type": "Polygon", "coordinates": [[[93.56066666666666, 25.72325], [93.56066666666666, 25.718], [93.56583333333333, 25.718], [93.56583333333333, 25.72325], [93.56066666666666, 25.72325]]]}, "properties": {"class_value": 1, "class_name": "Stable"}}, {"type": "Feature", "geometry": {"type": "Polygon", "coordinates": [[[93.68983333333333, 25.72325], [93.68983333333333, 25.718], [93.695, 25.718], [93.695, 25.72325], [93.68983333333333, 25.72325]]]}, "properties": {"class_value": 1, "class_name": "Stable"}}, {"type": "Feature", "geometry": {"type": "Polygon", "coordinates": [[[93.7415, 25.72325], [93.7415, 25.718], [93.74666666666667, 25.718], [93.74666666666667, 25.72325], [93.7415, 25.72325]]]}, "properties": {"class_value": 1, "class_name": "Stable"}}, {"type": "Feature", "geometry": {"type": "Polygon", "coordinates": [[[93.82933333333332, 25.72325], [93.82933333333332, 25.718], [93.83449999999999, 25.718], [93.83449999999999, 25.72325], [93.82933333333332, 25.72325]]]}, "properties": {"class_value": 1, "class_name": "Stable"}}, {"type": "Feature", "geometry": {"type": "Polygon", "coordinates": [[[92.38783333333333, 25.72325], [92.38783333333333, 25.71275], [92.393, 25.71275], [92.393, 25.72325], [92.38783333333333, 25.72325]]]}, "properties": {"class_value": 1, "class_name": "Stable"}}, {"type": "Feature", "geometry": {"type": "Polygon", "coordinates": [[[92.3775, 25.718], [92.3775, 25.71275], [92.38266666666667, 25.71275], [92.38266666666667, 25.718], [92.3775, 25.718]]]}, "properties": {"class_value": 1, "class_name": "Stable"}}, {"type": "Feature", "geometry": {"type": "Polygon", "coordinates": [[[92.42399999999999, 25.718], [92.42399999999999, 25.71275], [92.42916666666666, 25.71275], [92.42916666666666, 25.718], [92.42399999999999, 25.718]]]}, "properties": {"class_value": 1, "class_name": "Stable"}}, {"type": "Feature", "geometry": {"type": "Polygon", "coordinates": [[[92.47566666666667, 25.718], [92.47566666666667, 25.71275], [92.48083333333334, 25.71275], [92.48083333333334, 25.718], [92.47566666666667, 25.718]]]}, "properties": {"class_value": 1, "class_name": "Stable"}}, {"type": "Feature", "geometry": {"type": "Polygon", "coordinates": [[[92.486, 25.718], [92.486, 25.71275], [92.49633333333333, 25.71275], [92.49633333333333, 25.718], [92.486, 25.718]]]}, "properties": {"class_value": 1, "class_name": "Stable"}}, {"type": "Feature", "geometry": {"type": "Polygon", "coordinates": [[[92.734, 25.718], [92.734, 25.71275], [92.73916666666666, 25.71275], [92.73916666666666, 25.718], [92.734, 25.718]]]}, "properties": {"class_value": 1, "class_name": "Stable"}}, {"type": "Feature", "geometry": {"type": "Polygon", "coordinates": [[[92.7805, 25.718], [92.7805, 25.71275], [92.79083333333332, 25.71275], [92.79083333333332, 25.718], [92.7805, 25.718]]]}, "properties": {"class_value": 1, "class_name": "Stable"}}, {"type": "Feature", "geometry": {"type": "Polygon", "coordinates": [[[92.82183333333333, 25.718], [92.82183333333333, 25.71275], [92.827, 25.71275], [92.827, 25.718], [92.82183333333333, 25.718]]]}, "properties": {"class_value": 1, "class_name": "Stable"}}, {"type": "Feature", "geometry": {"type": "Polygon", "coordinates": [[[92.90966666666667, 25.718], [92.90966666666667, 25.71275], [92.91483333333333, 25.71275], [92.91483333333333, 25.718], [92.90966666666667, 25.718]]]}, "properties": {"class_value": 1, "class_name": "Stable"}}, {"type": "Feature", "geometry": {"type": "Polygon", "coordinates": [[[92.94066666666666, 25.718], [92.94066666666666, 25.71275], [92.94583333333333, 25.71275], [92.94583333333333, 25.718], [92.94066666666666, 25.718]]]}, "properties": {"class_value": 1, "class_name": "Stable"}}, {"type": "Feature", "geometry": {"type": "Polygon", "coordinates": [[[93.06466666666667, 25.718], [93.06466666666667, 25.71275], [93.06983333333334, 25.71275], [93.06983333333334, 25.718], [93.06466666666667, 25.718]]]}, "properties": {"class_value": 1, "class_name": "Stable"}}, {"type": "Feature", "geometry": {"type": "Polygon", "coordinates": [[[93.292, 25.718], [93.292, 25.71275], [93.29716666666667, 25.71275], [93.29716666666667, 25.718], [93.292, 25.718]]]}, "properties": {"class_value": 1, "class_name": "Stable"}}, {"type": "Feature", "geometry": {"type": "Polygon", "coordinates": [[[93.4005, 25.718], [93.4005, 25.71275], [93.40566666666666, 25.71275], [93.40566666666666, 25.718], [93.4005, 25.718]]]}, "properties": {"class_value": 1, "class_name": "Stable"}}, {"type": "Feature", "geometry": {"type": "Polygon", "coordinates": [[[92.3155, 25.71275], [92.3155, 25.707500000000003], [92.32066666666667, 25.707500000000003], [92.32066666666667, 25.71275], [92.3155, 25.71275]]]}, "properties": {"class_value": 1, "class_name": "Stable"}}, {"type": "Feature", "geometry": {"type": "Polygon", "coordinates": [[[92.35166666666666, 25.71275], [92.35166666666666, 25.707500000000003], [92.35683333333333, 25.707500000000003], [92.35683333333333, 25.71275], [92.35166666666666, 25.71275]]]}, "properties": {"class_value": 1, "class_name": "Stable"}}, {"type": "Feature", "geometry": {"type": "Polygon", "coordinates": [[[92.39816666666667, 25.71275], [92.39816666666667, 25.707500000000003], [92.40333333333334, 25.707500000000003], [92.40333333333334, 25.71275], [92.39816666666667, 25.71275]]]}, "properties": {"class_value": 1, "class_name": "Stable"}}, {"type": "Feature", "geometry": {"type": "Polygon", "coordinates": [[[92.48083333333334, 25.71275], [92.48083333333334, 25.707500000000003], [92.486, 25.707500000000003], [92.486, 25.71275], [92.48083333333334, 25.71275]]]}, "properties": {"class_value": 1, "class_name": "Stable"}}, {"type": "Feature", "geometry": {"type": "Polygon", "coordinates": [[[92.61516666666667, 25.71275], [92.61516666666667, 25.707500000000003], [92.62033333333333, 25.707500000000003], [92.62033333333333, 25.71275], [92.61516666666667, 25.71275]]]}, "properties": {"class_value": 1, "class_name": "Stable"}}, {"type": "Feature", "geometry": {"type": "Polygon", "coordinates": [[[92.89416666666666, 25.71275], [92.89416666666666, 25.707500000000003], [92.89933333333333, 25.707500000000003], [92.89933333333333, 25.71275], [92.89416666666666, 25.71275]]]}, "properties": {"class_value": 1, "class_name": "Stable"}}, {"type": "Feature", "geometry": {"type": "Polygon", "coordinates": [[[92.92, 25.71275], [92.92, 25.707500000000003], [92.92516666666667, 25.707500000000003], [92.92516666666667, 25.71275], [92.92, 25.71275]]]}, "properties": {"class_value": 1, "class_name": "Stable"}}, {"type": "Feature", "geometry": {"type": "Polygon", "coordinates": [[[92.98716666666667, 25.71275], [92.98716666666667, 25.707500000000003], [92.99233333333333, 25.707500000000003], [92.99233333333333, 25.71275], [92.98716666666667, 25.71275]]]}, "properties": {"class_value": 1, "class_name": "Stable"}}, {"type": "Feature", "geometry": {"type": "Polygon", "coordinates": [[[93.49866666666667, 25.718], [93.49866666666667, 25.71275], [93.4935, 25.71275], [93.4935, 25.707500000000003], [93.50383333333333, 25.707500000000003], [93.50383333333333, 25.718], [93.49866666666667, 25.718]]]}, "properties": {"class_value": 1, "class_name": "Stable"}}, {"type": "Feature", "geometry": {"type": "Polygon", "coordinates": [[[93.62266666666666, 25.71275], [93.62266666666666, 25.707500000000003], [93.62783333333333, 25.707500000000003], [93.62783333333333, 25.71275], [93.62266666666666, 25.71275]]]}, "properties": {"class_value": 1, "class_name": "Stable"}}, {"type": "Feature", "geometry": {"type": "Polygon", "coordinates": [[[93.7725, 25.71275], [93.7725, 25.707500000000003], [93.77766666666666, 25.707500000000003], [93.77766666666666, 25.71275], [93.7725, 25.71275]]]}, "properties": {"class_value": 1, "class_name": "Stable"}}, {"type": "Feature", "geometry": {"type": "Polygon", "coordinates": [[[92.32066666666667, 25.707500000000003], [92.32066666666667, 25.702250000000003], [92.32583333333334, 25.702250000000003], [92.32583333333334, 25.707500000000003], [92.32066666666667, 25.707500000000003]]]}, "properties": {"class_value": 1, "class_name": "Stable"}}, {"type": "Feature", "geometry": {"type": "Polygon", "coordinates": [[[92.6565, 25.707500000000003], [92.6565, 25.702250000000003], [92.66166666666666, 25.702250000000003], [92.66166666666666, 25.707500000000003], [92.6565, 25.707500000000003]]]}, "properties": {"class_value": 1, "class_name": "Stable"}}, {"type": "Feature", "geometry": {"type": "Polygon", "coordinates": [[[92.69266666666667, 25.707500000000003], [92.69266666666667, 25.702250000000003], [92.69783333333334, 25.702250000000003], [92.69783333333334, 25.707500000000003], [92.69266666666667, 25.707500000000003]]]}, "properties": {"class_value": 1, "class_name": "Stable"}}, {"type": "Feature", "geometry": {"type": "Polygon", "coordinates": [[[92.71333333333332, 25.707500000000003], [92.71333333333332, 25.702250000000003], [92.71849999999999, 25.702250000000003], [92.71849999999999, 25.707500000000003], [92.71333333333332, 25.707500000000003]]]}, "properties": {"class_value": 1, "class_name": "Stable"}}, {"type": "Feature", "geometry": {"type": "Polygon", "coordinates": [[[92.72883333333333, 25.707500000000003], [92.72883333333333, 25.702250000000003], [92.734, 25.702250000000003], [92.734, 25.707500000000003], [92.72883333333333, 25.707500000000003]]]}, "properties": {"class_value": 1, "class_name": "Stable"}}, {"type": "Feature", "geometry": {"type": "Polygon", "coordinates": [[[92.77016666666667, 25.707500000000003], [92.77016666666667, 25.702250000000003], [92.77533333333334, 25.702250000000003], [92.77533333333334, 25.707500000000003], [92.77016666666667, 25.707500000000003]]]}, "properties": {"class_value": 1, "class_name": "Stable"}}, {"type": "Feature", "geometry": {"type": "Polygon", "coordinates": [[[92.86316666666666, 25.707500000000003], [92.86316666666666, 25.702250000000003], [92.86833333333333, 25.702250000000003], [92.86833333333333, 25.707500000000003], [92.86316666666666, 25.707500000000003]]]}, "properties": {"class_value": 1, "class_name": "Stable"}}, {"type": "Feature", "geometry": {"type": "Polygon", "coordinates": [[[92.9975, 25.707500000000003], [92.9975, 25.702250000000003], [93.00266666666667, 25.702250000000003], [93.00266666666667, 25.707500000000003], [92.9975, 25.707500000000003]]]}, "properties": {"class_value": 1, "class_name": "Stable"}}, {"type": "Feature", "geometry": {"type": "Polygon", "coordinates": [[[93.30749999999999, 25.707500000000003], [93.30749999999999, 25.702250000000003], [93.31266666666666, 25.702250000000003], [93.31266666666666, 25.707500000000003], [93.30749999999999, 25.707500000000003]]]}, "properties": {"class_value": 1, "class_name": "Stable"}}, {"type": "Feature", "geometry": {"type": "Polygon", "coordinates": [[[93.323, 25.707500000000003], [93.323, 25.702250000000003], [93.32816666666666, 25.702250000000003], [93.32816666666666, 25.707500000000003], [93.323, 25.707500000000003]]]}, "properties": {"class_value": 1, "class_name": "Stable"}}, {"type": "Feature", "geometry": {"type": "Polygon", "coordinates": [[[93.45216666666667, 25.707500000000003], [93.45216666666667, 25.702250000000003], [93.45733333333332, 25.702250000000003], [93.45733333333332, 25.707500000000003], [93.45216666666667, 25.707500000000003]]]}, "properties": {"class_value": 1, "class_name": "Stable"}}, {"type": "Feature", "geometry": {"type": "Polygon", "coordinates": [[[93.478, 25.707500000000003], [93.478, 25.702250000000003], [93.48316666666666, 25.702250000000003], [93.48316666666666, 25.707500000000003], [93.478, 25.707500000000003]]]}, "properties": {"class_value": 1, "class_name": "Stable"}}, {"type": "Feature", "geometry": {"type": "Polygon", "coordinates": [[[93.50383333333333, 25.707500000000003], [93.50383333333333, 25.702250000000003], [93.509, 25.702250000000003], [93.509, 25.707500000000003], [93.50383333333333, 25.707500000000003]]]}, "properties": {"class_value": 1, "class_name": "Stable"}}, {"type": "Feature", "geometry": {"type": "Polygon", "coordinates": [[[93.76733333333333, 25.707500000000003], [93.76733333333333, 25.702250000000003], [93.7725, 25.702250000000003], [93.7725, 25.707500000000003], [93.76733333333333, 25.707500000000003]]]}, "properties": {"class_value": 1, "class_name": "Stable"}}, {"type": "Feature", "geometry": {"type": "Polygon", "coordinates": [[[93.81383333333333, 25.707500000000003], [93.81383333333333, 25.702250000000003], [93.819, 25.702250000000003], [93.819, 25.707500000000003], [93.81383333333333, 25.707500000000003]]]}, "properties": {"class_value": 1, "class_name": "Stable"}}, {"type": "Feature", "geometry": {"type": "Polygon", "coordinates": [[[93.39016666666666, 25.707500000000003], [93.39016666666666, 25.697000000000003], [93.39533333333333, 25.697000000000003], [93.39533333333333, 25.707500000000003], [93.39016666666666, 25.707500000000003]]]}, "properties": {"class_value": 1, "class_name": "Stable"}}, {"type": "Feature", "geometry": {"type": "Polygon", "coordinates": [[[92.87349999999999, 25.702250000000003], [92.87349999999999, 25.697000000000003], [92.87866666666666, 25.697000000000003], [92.87866666666666, 25.702250000000003], [92.87349999999999, 25.702250000000003]]]}, "properties": {"class_value": 1, "class_name": "Stable"}}, {"type": "Feature", "geometry": {"type": "Polygon", "coordinates": [[[92.88383333333333, 25.702250000000003], [92.88383333333333, 25.697000000000003], [92.889, 25.697000000000003], [92.889, 25.702250000000003], [92.88383333333333, 25.702250000000003]]]}, "properties": {"class_value": 1, "class_name": "Stable"}}, {"type": "Feature", "geometry": {"type": "Polygon", "coordinates": [[[93.15766666666666, 25.702250000000003], [93.15766666666666, 25.697000000000003], [93.16283333333332, 25.697000000000003], [93.16283333333332, 25.702250000000003], [93.15766666666666, 25.702250000000003]]]}, "properties": {"class_value": 1, "class_name": "Stable"}}, {"type": "Feature", "geometry": {"type": "Polygon", "coordinates": [[[93.24549999999999, 25.702250000000003], [93.24549999999999, 25.697000000000003], [93.25066666666666, 25.697000000000003], [93.25066666666666, 25.702250000000003], [93.24549999999999, 25.702250000000003]]]}, "properties": {"class_value": 1, "class_name": "Stable"}}, {"type": "Feature", "geometry": {"type": "Polygon", "coordinates": [[[93.28166666666667, 25.702250000000003], [93.28166666666667, 25.697000000000003], [93.28683333333333, 25.697000000000003], [93.28683333333333, 25.702250000000003], [93.28166666666667, 25.702250000000003]]]}, "properties": {"class_value": 1, "class_name": "Stable"}}, {"type": "Feature", "geometry": {"type": "Polygon", "coordinates": [[[93.354, 25.702250000000003], [93.354, 25.697000000000003], [93.35916666666667, 25.697000000000003], [93.35916666666667, 25.702250000000003], [93.354, 25.702250000000003]]]}, "properties": {"class_value": 1, "class_name": "Stable"}}, {"type": "Feature", "geometry": {"type": "Polygon", "coordinates": [[[93.3695, 25.702250000000003], [93.3695, 25.697000000000003], [93.37466666666667, 25.697000000000003], [93.37466666666667, 25.702250000000003], [93.3695, 25.702250000000003]]]}, "properties": {"class_value": 1, "class_name": "Stable"}}, {"type": "Feature", "geometry": {"type": "Polygon", "coordinates": [[[93.478, 25.702250000000003], [93.478, 25.697000000000003], [93.48316666666666, 25.697000000000003], [93.48316666666666, 25.702250000000003], [93.478, 25.702250000000003]]]}, "properties": {"class_value": 2, "class_name": "Degrading"}}, {"type": "Feature", "geometry": {"type": "Polygon", "coordinates": [[[93.633, 25.702250000000003], [93.633, 25.697000000000003], [93.63816666666666, 25.697000000000003], [93.63816666666666, 25.702250000000003], [93.633, 25.702250000000003]]]}, "properties": {"class_value": 1, "class_name": "Stable"}}, {"type": "Feature", "geometry": {"type": "Polygon", "coordinates": [[[93.75699999999999, 25.702250000000003], [93.75699999999999, 25.697000000000003], [93.76216666666666, 25.697000000000003], [93.76216666666666, 25.702250000000003], [93.75699999999999, 25.702250000000003]]]}, "properties": {"class_value": 5, "class_name": "Uncertain / Other"}}, {"type": "Feature", "geometry": {"type": "Polygon", "coordinates": [[[92.486, 25.702250000000003], [92.486, 25.691750000000003], [92.49116666666666, 25.691750000000003], [92.49116666666666, 25.702250000000003], [92.486, 25.702250000000003]]]}, "properties": {"class_value": 1, "class_name": "Stable"}}, {"type": "Feature", "geometry": {"type": "Polygon", "coordinates": [[[92.73916666666666, 25.702250000000003], [92.73916666666666, 25.697000000000003], [92.74433333333333, 25.697000000000003], [92.74433333333333, 25.691750000000003], [92.7495, 25.691750000000003], [92.7495, 25.702250000000003], [92.73916666666666, 25.702250000000003]]]}, "properties": {"class_value": 1, "class_name": "Stable"}}, {"type": "Feature", "geometry": {"type": "Polygon", "coordinates": [[[92.36716666666666, 25.697000000000003], [92.36716666666666, 25.691750000000003], [92.37233333333333, 25.691750000000003], [92.37233333333333, 25.697000000000003], [92.36716666666666, 25.697000000000003]]]}, "properties": {"class_value": 1, "class_name": "Stable"}}, {"type": "Feature", "geometry": {"type": "Polygon", "coordinates": [[[92.49633333333333, 25.697000000000003], [92.49633333333333, 25.691750000000003], [92.5015, 25.691750000000003], [92.5015, 25.697000000000003], [92.49633333333333, 25.697000000000003]]]}, "properties": {"class_value": 5, "class_name": "Uncertain / Other"}}, {"type": "Feature", "geometry": {"type": "Polygon", "coordinates": [[[92.66683333333333, 25.697000000000003], [92.66683333333333, 25.691750000000003], [92.672, 25.691750000000003], [92.672, 25.697000000000003], [92.66683333333333, 25.697000000000003]]]}, "properties": {"class_value": 1, "class_name": "Stable"}}, {"type": "Feature", "geometry": {"type": "Polygon", "coordinates": [[[92.81666666666666, 25.697000000000003], [92.81666666666666, 25.691750000000003], [92.82183333333333, 25.691750000000003], [92.82183333333333, 25.697000000000003], [92.81666666666666, 25.697000000000003]]]}, "properties": {"class_value": 1, "class_name": "Stable"}}, {"type": "Feature", "geometry": {"type": "Polygon", "coordinates": [[[92.95616666666666, 25.697000000000003], [92.95616666666666, 25.691750000000003], [92.96133333333333, 25.691750000000003], [92.96133333333333, 25.697000000000003], [92.95616666666666, 25.697000000000003]]]}, "properties": {"class_value": 1, "class_name": "Stable"}}, {"type": "Feature", "geometry": {"type": "Polygon", "coordinates": [[[93.41083333333333, 25.697000000000003], [93.41083333333333, 25.691750000000003], [93.416, 25.691750000000003], [93.416, 25.697000000000003], [93.41083333333333, 25.697000000000003]]]}, "properties": {"class_value": 1, "class_name": "Stable"}}, {"type": "Feature", "geometry": {"type": "Polygon", "coordinates": [[[93.67433333333334, 25.697000000000003], [93.67433333333334, 25.691750000000003], [93.67949999999999, 25.691750000000003], [93.67949999999999, 25.697000000000003], [93.67433333333334, 25.697000000000003]]]}, "properties": {"class_value": 1, "class_name": "Stable"}}, {"type": "Feature", "geometry": {"type": "Polygon", "coordinates": [[[93.71566666666666, 25.697000000000003], [93.71566666666666, 25.691750000000003], [93.72083333333333, 25.691750000000003], [93.72083333333333, 25.697000000000003], [93.71566666666666, 25.697000000000003]]]}, "properties": {"class_value": 5, "class_name": "Uncertain / Other"}}, {"type": "Feature", "geometry": {"type": "Polygon", "coordinates": [[[92.672, 25.691750000000003], [92.672, 25.686500000000002], [92.67716666666666, 25.686500000000002], [92.67716666666666, 25.691750000000003], [92.672, 25.691750000000003]]]}, "properties": {"class_value": 1, "class_name": "Stable"}}, {"type": "Feature", "geometry": {"type": "Polygon", "coordinates": [[[92.77016666666667, 25.691750000000003], [92.77016666666667, 25.686500000000002], [92.77533333333334, 25.686500000000002], [92.77533333333334, 25.691750000000003], [92.77016666666667, 25.691750000000003]]]}, "properties": {"class_value": 1, "class_name": "Stable"}}, {"type": "Feature", "geometry": {"type": "Polygon", "coordinates": [[[92.87866666666666, 25.691750000000003], [92.87866666666666, 25.686500000000002], [92.88383333333333, 25.686500000000002], [92.88383333333333, 25.691750000000003], [92.87866666666666, 25.691750000000003]]]}, "properties": {"class_value": 1, "class_name": "Stable"}}, {"type": "Feature", "geometry": {"type": "Polygon", "coordinates": [[[92.92, 25.691750000000003], [92.92, 25.686500000000002], [92.92516666666667, 25.686500000000002], [92.92516666666667, 25.691750000000003], [92.92, 25.691750000000003]]]}, "properties": {"class_value": 1, "class_name": "Stable"}}, {"type": "Feature", "geometry": {"type": "Polygon", "coordinates": [[[92.94066666666666, 25.691750000000003], [92.94066666666666, 25.686500000000002], [92.94583333333333, 25.686500000000002], [92.94583333333333, 25.691750000000003], [92.94066666666666, 25.691750000000003]]]}, "properties": {"class_value": 1, "class_name": "Stable"}}, {"type": "Feature", "geometry": {"type": "Polygon", "coordinates": [[[93.01299999999999, 25.691750000000003], [93.01299999999999, 25.686500000000002], [93.01816666666666, 25.686500000000002], [93.01816666666666, 25.691750000000003], [93.01299999999999, 25.691750000000003]]]}, "properties": {"class_value": 1, "class_name": "Stable"}}, {"type": "Feature", "geometry": {"type": "Polygon", "coordinates": [[[93.25583333333333, 25.691750000000003], [93.25583333333333, 25.686500000000002], [93.261, 25.686500000000002], [93.261, 25.691750000000003], [93.25583333333333, 25.691750000000003]]]}, "properties": {"class_value": 4, "class_name": "Cyclic"}}, {"type": "Feature", "geometry": {"type": "Polygon", "coordinates": [[[93.3695, 25.691750000000003], [93.3695, 25.686500000000002], [93.37466666666667, 25.686500000000002], [93.37466666666667, 25.691750000000003], [93.3695, 25.691750000000003]]]}, "properties": {"class_value": 1, "class_name": "Stable"}}, {"type": "Feature", "geometry": {"type": "Polygon", "coordinates": [[[93.478, 25.691750000000003], [93.478, 25.686500000000002], [93.48316666666666, 25.686500000000002], [93.48316666666666, 25.691750000000003], [93.478, 25.691750000000003]]]}, "properties": {"class_value": 1, "class_name": "Stable"}}, {"type": "Feature", "geometry": {"type": "Polygon", "coordinates": [[[93.61233333333332, 25.691750000000003], [93.61233333333332, 25.686500000000002], [93.61749999999999, 25.686500000000002], [93.61749999999999, 25.691750000000003], [93.61233333333332, 25.691750000000003]]]}, "properties": {"class_value": 1, "class_name": "Stable"}}, {"type": "Feature", "geometry": {"type": "Polygon", "coordinates": [[[93.633, 25.691750000000003], [93.633, 25.686500000000002], [93.63816666666666, 25.686500000000002], [93.63816666666666, 25.691750000000003], [93.633, 25.691750000000003]]]}, "properties": {"class_value": 1, "class_name": "Stable"}}, {"type": "Feature", "geometry": {"type": "Polygon", "coordinates": [[[92.3775, 25.686500000000002], [92.3775, 25.681250000000002], [92.38266666666667, 25.681250000000002], [92.38266666666667, 25.686500000000002], [92.3775, 25.686500000000002]]]}, "properties": {"class_value": 1, "class_name": "Stable"}}, {"type": "Feature", "geometry": {"type": "Polygon", "coordinates": [[[92.78566666666666, 25.686500000000002], [92.78566666666666, 25.681250000000002], [92.79599999999999, 25.681250000000002], [92.79599999999999, 25.686500000000002], [92.78566666666666, 25.686500000000002]]]}, "properties": {"class_value": 1, "class_name": "Stable"}}, {"type": "Feature", "geometry": {"type": "Polygon", "coordinates": [[[93.199, 25.686500000000002], [93.199, 25.681250000000002], [93.20416666666667, 25.681250000000002], [93.20416666666667, 25.686500000000002], [93.199, 25.686500000000002]]]}, "properties": {"class_value": 1, "class_name": "Stable"}}, {"type": "Feature", "geometry": {"type": "Polygon", "coordinates": [[[93.25583333333333, 25.686500000000002], [93.25583333333333, 25.681250000000002], [93.261, 25.681250000000002], [93.261, 25.686500000000002], [93.25583333333333, 25.686500000000002]]]}, "properties": {"class_value": 1, "class_name": "Stable"}}, {"type": "Feature", "geometry": {"type": "Polygon", "coordinates": [[[93.3385, 25.686500000000002], [93.3385, 25.681250000000002], [93.34366666666666, 25.681250000000002], [93.34366666666666, 25.686500000000002], [93.3385, 25.686500000000002]]]}, "properties": {"class_value": 1, "class_name": "Stable"}}, {"type": "Feature", "geometry": {"type": "Polygon", "coordinates": [[[93.36433333333333, 25.686500000000002], [93.36433333333333, 25.681250000000002], [93.3695, 25.681250000000002], [93.3695, 25.686500000000002], [93.36433333333333, 25.686500000000002]]]}, "properties": {"class_value": 1, "class_name": "Stable"}}, {"type": "Feature", "geometry": {"type": "Polygon", "coordinates": [[[93.5555, 25.686500000000002], [93.5555, 25.681250000000002], [93.56066666666666, 25.681250000000002], [93.56066666666666, 25.686500000000002], [93.5555, 25.686500000000002]]]}, "properties": {"class_value": 1, "class_name": "Stable"}}, {"type": "Feature", "geometry": {"type": "Polygon", "coordinates": [[[93.60716666666666, 25.686500000000002], [93.60716666666666, 25.681250000000002], [93.61233333333332, 25.681250000000002], [93.61233333333332, 25.686500000000002], [93.60716666666666, 25.686500000000002]]]}, "properties": {"class_value": 1, "class_name": "Stable"}}, {"type": "Feature", "geometry": {"type": "Polygon", "coordinates": [[[92.55833333333334, 25.686500000000002], [92.55833333333334, 25.676000000000002], [92.56349999999999, 25.676000000000002], [92.56349999999999, 25.686500000000002], [92.55833333333334, 25.686500000000002]]]}, "properties": {"class_value": 1, "class_name": "Stable"}}, {"type": "Feature", "geometry": {"type": "Polygon", "coordinates": [[[92.54283333333333, 25.681250000000002], [92.54283333333333, 25.676000000000002], [92.548, 25.676000000000002], [92.548, 25.681250000000002], [92.54283333333333, 25.681250000000002]]]}, "properties": {"class_value": 1, "class_name": "Stable"}}, {"type": "Feature", "geometry": {"type": "Polygon", "coordinates": [[[92.66683333333333, 25.681250000000002], [92.66683333333333, 25.676000000000002], [92.672, 25.676000000000002], [92.672, 25.681250000000002], [92.66683333333333, 25.681250000000002]]]}, "properties": {"class_value": 1, "class_name": "Stable"}}, {"type": "Feature", "geometry": {"type": "Polygon", "coordinates": [[[92.6875, 25.681250000000002], [92.6875, 25.676000000000002], [92.69266666666667, 25.676000000000002], [92.69266666666667, 25.681250000000002], [92.6875, 25.681250000000002]]]}, "properties": {"class_value": 1, "class_name": "Stable"}}, {"type": "Feature", "geometry": {"type": "Polygon", "coordinates": [[[92.70816666666667, 25.681250000000002], [92.70816666666667, 25.676000000000002], [92.71333333333332, 25.676000000000002], [92.71333333333332, 25.681250000000002], [92.70816666666667, 25.681250000000002]]]}, "properties": {"class_value": 1, "class_name": "Stable"}}, {"type": "Feature", "geometry": {"type": "Polygon", "coordinates": [[[92.96133333333333, 25.681250000000002], [92.96133333333333, 25.676000000000002], [92.9665, 25.676000000000002], [92.9665, 25.681250000000002], [92.96133333333333, 25.681250000000002]]]}, "properties": {"class_value": 1, "class_name": "Stable"}}, {"type": "Feature", "geometry": {"type": "Polygon", "coordinates": [[[93.19383333333333, 25.681250000000002], [93.19383333333333, 25.676000000000002], [93.199, 25.676000000000002], [93.199, 25.681250000000002], [93.19383333333333, 25.681250000000002]]]}, "properties": {"class_value": 1, "class_name": "Stable"}}, {"type": "Feature", "geometry": {"type": "Polygon", "coordinates": [[[93.31266666666666, 25.681250000000002], [93.31266666666666, 25.676000000000002], [93.31783333333333, 25.676000000000002], [93.31783333333333, 25.681250000000002], [93.31266666666666, 25.681250000000002]]]}, "properties": {"class_value": 1, "class_name": "Stable"}}, {"type": "Feature", "geometry": {"type": "Polygon", "coordinates": [[[93.65366666666667, 25.681250000000002], [93.65366666666667, 25.676000000000002], [93.65883333333333, 25.676000000000002], [93.65883333333333, 25.681250000000002], [93.65366666666667, 25.681250000000002]]]}, "properties": {"class_value": 1, "class_name": "Stable"}}, {"type": "Feature", "geometry": {"type": "Polygon", "coordinates": [[[93.77766666666666, 25.681250000000002], [93.77766666666666, 25.676000000000002], [93.78283333333333, 25.676000000000002], [93.78283333333333, 25.681250000000002], [93.77766666666666, 25.681250000000002]]]}, "properties": {"class_value": 1, "class_name": "Stable"}}, {"type": "Feature", "geometry": {"type": "Polygon", "coordinates": [[[92.47566666666667, 25.676000000000002], [92.47566666666667, 25.67075], [92.48083333333334, 25.67075], [92.48083333333334, 25.676000000000002], [92.47566666666667, 25.676000000000002]]]}, "properties": {"class_value": 1, "class_name": "Stable"}}, {"type": "Feature", "geometry": {"type": "Polygon", "coordinates": [[[92.5325, 25.676000000000002], [92.5325, 25.67075], [92.54283333333333, 25.67075], [92.54283333333333, 25.676000000000002], [92.5325, 25.676000000000002]]]}, "properties": {"class_value": 1, "class_name": "Stable"}}, {"type": "Feature", "geometry": {"type": "Polygon", "coordinates": [[[92.61516666666667, 25.676000000000002], [92.61516666666667, 25.67075], [92.62033333333333, 25.67075], [92.62033333333333, 25.676000000000002], [92.61516666666667, 25.676000000000002]]]}, "properties": {"class_value": 1, "class_name": "Stable"}}, {"type": "Feature", "geometry": {"type": "Polygon", "coordinates": [[[92.63583333333332, 25.676000000000002], [92.63583333333332, 25.67075], [92.64099999999999, 25.67075], [92.64099999999999, 25.676000000000002], [92.63583333333332, 25.676000000000002]]]}, "properties": {"class_value": 1, "class_name": "Stable"}}, {"type": "Feature", "geometry": {"type": "Polygon", "coordinates": [[[92.68233333333333, 25.676000000000002], [92.68233333333333, 25.67075], [92.6875, 25.67075], [92.6875, 25.676000000000002], [92.68233333333333, 25.676000000000002]]]}, "properties": {"class_value": 1, "class_name": "Stable"}}, {"type": "Feature", "geometry": {"type": "Polygon", "coordinates": [[[92.74433333333333, 25.676000000000002], [92.74433333333333, 25.67075], [92.7495, 25.67075], [92.7495, 25.676000000000002], [92.74433333333333, 25.676000000000002]]]}, "properties": {"class_value": 2, "class_name": "Degrading"}}, {"type": "Feature", "geometry": {"type": "Polygon", "coordinates": [[[92.982, 25.676000000000002], [92.982, 25.67075], [92.98716666666667, 25.67075], [92.98716666666667, 25.676000000000002], [92.982, 25.676000000000002]]]}, "properties": {"class_value": 1, "class_name": "Stable"}}, {"type": "Feature", "geometry": {"type": "Polygon", "coordinates": [[[93.15766666666666, 25.676000000000002], [93.15766666666666, 25.67075], [93.16283333333332, 25.67075], [93.16283333333332, 25.676000000000002], [93.15766666666666, 25.676000000000002]]]}, "properties": {"class_value": 1, "class_name": "Stable"}}, {"type": "Feature", "geometry": {"type": "Polygon", "coordinates": [[[93.38499999999999, 25.676000000000002], [93.38499999999999, 25.67075], [93.39016666666666, 25.67075], [93.39016666666666, 25.676000000000002], [93.38499999999999, 25.676000000000002]]]}, "properties": {"class_value": 1, "class_name": "Stable"}}, {"type": "Feature", "geometry": {"type": "Polygon", "coordinates": [[[93.74666666666667, 25.676000000000002], [93.74666666666667, 25.67075], [93.75183333333334, 25.67075], [93.75183333333334, 25.676000000000002], [93.74666666666667, 25.676000000000002]]]}, "properties": {"class_value": 1, "class_name": "Stable"}}, {"type": "Feature", "geometry": {"type": "Polygon", "coordinates": [[[93.82933333333332, 25.676000000000002], [93.82933333333332, 25.67075], [93.83449999999999, 25.67075], [93.83449999999999, 25.676000000000002], [93.82933333333332, 25.676000000000002]]]}, "properties": {"class_value": 1, "class_name": "Stable"}}, {"type": "Feature", "geometry": {"type": "Polygon", "coordinates": [[[92.35683333333333, 25.67075], [92.35683333333333, 25.6655], [92.362, 25.6655], [92.362, 25.67075], [92.35683333333333, 25.67075]]]}, "properties": {"class_value": 1, "class_name": "Stable"}}, {"type": "Feature", "geometry": {"type": "Polygon", "coordinates": [[[92.579, 25.67075], [92.579, 25.6655], [92.58416666666666, 25.6655], [92.58416666666666, 25.67075], [92.579, 25.67075]]]}, "properties": {"class_value": 1, "class_name": "Stable"}}, {"type": "Feature", "geometry": {"type": "Polygon", "coordinates": [[[92.65133333333333, 25.67075], [92.65133333333333, 25.6655], [92.6565, 25.6655], [92.6565, 25.67075], [92.65133333333333, 25.67075]]]}, "properties": {"class_value": 1, "class_name": "Stable"}}, {"type": "Feature", "geometry": {"type": "Polygon", "coordinates": [[[92.703, 25.67075], [92.703, 25.6655], [92.70816666666667, 25.6655], [92.70816666666667, 25.67075], [92.703, 25.67075]]]}, "properties": {"class_value": 1, "class_name": "Stable"}}, {"type": "Feature", "geometry": {"type": "Polygon", "coordinates": [[[92.72366666666666, 25.67075], [92.72366666666666, 25.6655], [92.72883333333333, 25.6655], [92.72883333333333, 25.67075], [92.72366666666666, 25.67075]]]}, "properties": {"class_value": 1, "class_name": "Stable"}}, {"type": "Feature", "geometry": {"type": "Polygon", "coordinates": [[[92.80116666666666, 25.67075], [92.80116666666666, 25.6655], [92.80633333333333, 25.6655], [92.80633333333333, 25.67075], [92.80116666666666, 25.67075]]]}, "properties": {"class_value": 1, "class_name": "Stable"}}, {"type": "Feature", "geometry": {"type": "Polygon", "coordinates": [[[92.94583333333333, 25.67075], [92.94583333333333, 25.6655], [92.951, 25.6655], [92.951, 25.67075], [92.94583333333333, 25.67075]]]}, "properties": {"class_value": 1, "class_name": "Stable"}}, {"type": "Feature", "geometry": {"type": "Polygon", "coordinates": [[[92.96133333333333, 25.67075], [92.96133333333333, 25.6655], [92.9665, 25.6655], [92.9665, 25.67075], [92.96133333333333, 25.67075]]]}, "properties": {"class_value": 2, "class_name": "Degrading"}}, {"type": "Feature", "geometry": {"type": "Polygon", "coordinates": [[[92.982, 25.67075], [92.982, 25.6655], [92.98716666666667, 25.6655], [92.98716666666667, 25.67075], [92.982, 25.67075]]]}, "properties": {"class_value": 2, "class_name": "Degrading"}}, {"type": "Feature", "geometry": {"type": "Polygon", "coordinates": [[[93.01299999999999, 25.67075], [93.01299999999999, 25.6655], [93.01816666666666, 25.6655], [93.01816666666666, 25.67075], [93.01299999999999, 25.67075]]]}, "properties": {"class_value": 1, "class_name": "Stable"}}, {"type": "Feature", "geometry": {"type": "Polygon", "coordinates": [[[93.03883333333333, 25.67075], [93.03883333333333, 25.6655], [93.044, 25.6655], [93.044, 25.67075], [93.03883333333333, 25.67075]]]}, "properties": {"class_value": 1, "class_name": "Stable"}}, {"type": "Feature", "geometry": {"type": "Polygon", "coordinates": [[[93.23516666666666, 25.67075], [93.23516666666666, 25.6655], [93.24549999999999, 25.6655], [93.24549999999999, 25.67075], [93.23516666666666, 25.67075]]]}, "properties": {"class_value": 1, "class_name": "Stable"}}, {"type": "Feature", "geometry": {"type": "Polygon", "coordinates": [[[93.3385, 25.67075], [93.3385, 25.6655], [93.34366666666666, 25.6655], [93.34366666666666, 25.67075], [93.3385, 25.67075]]]}, "properties": {"class_value": 1, "class_name": "Stable"}}, {"type": "Feature", "geometry": {"type": "Polygon", "coordinates": [[[93.56066666666666, 25.67075], [93.56066666666666, 25.6655], [93.56583333333333, 25.6655], [93.56583333333333, 25.67075], [93.56066666666666, 25.67075]]]}, "properties": {"class_value": 1, "class_name": "Stable"}}, {"type": "Feature", "geometry": {"type": "Polygon", "coordinates": [[[93.72083333333333, 25.67075], [93.72083333333333, 25.6655], [93.726, 25.6655], [93.726, 25.67075], [93.72083333333333, 25.67075]]]}, "properties": {"class_value": 1, "class_name": "Stable"}}, {"type": "Feature", "geometry": {"type": "Polygon", "coordinates": [[[92.42916666666666, 25.67075], [92.42916666666666, 25.66025], [92.43433333333333, 25.66025], [92.43433333333333, 25.67075], [92.42916666666666, 25.67075]]]}, "properties": {"class_value": 1, "class_name": "Stable"}}, {"type": "Feature", "geometry": {"type": "Polygon", "coordinates": [[[92.5015, 25.67075], [92.5015, 25.66025], [92.50666666666666, 25.66025], [92.50666666666666, 25.6655], [92.51183333333333, 25.6655], [92.51183333333333, 25.67075], [92.5015, 25.67075]]]}, "properties": {"class_value": 1, "class_name": "Stable"}}, {"type": "Feature", "geometry": {"type": "Polygon", "coordinates": [[[92.41366666666666, 25.6655], [92.41366666666666, 25.66025], [92.41883333333332, 25.66025], [92.41883333333332, 25.6655], [92.41366666666666, 25.6655]]]}, "properties": {"class_value": 1, "class_name": "Stable"}}, {"type": "Feature", "geometry": {"type": "Polygon", "coordinates": [[[92.46533333333333, 25.6655], [92.46533333333333, 25.66025], [92.4705, 25.66025], [92.4705, 25.6655], [92.46533333333333, 25.6655]]]}, "properties": {"class_value": 1, "class_name": "Stable"}}, {"type": "Feature", "geometry": {"type": "Polygon", "coordinates": [[[92.52733333333333, 25.6655], [92.52733333333333, 25.66025], [92.53766666666667, 25.66025], [92.53766666666667, 25.6655], [92.52733333333333, 25.6655]]]}, "properties": {"class_value": 1, "class_name": "Stable"}}, {"type": "Feature", "geometry": {"type": "Polygon", "coordinates": [[[92.58416666666666, 25.6655], [92.58416666666666, 25.66025], [92.5945, 25.66025], [92.5945, 25.6655], [92.58416666666666, 25.6655]]]}, "properties": {"class_value": 1, "class_name": "Stable"}}, {"type": "Feature", "geometry": {"type": "Polygon", "coordinates": [[[92.67716666666666, 25.6655], [92.67716666666666, 25.66025], [92.68233333333333, 25.66025], [92.68233333333333, 25.6655], [92.67716666666666, 25.6655]]]}, "properties": {"class_value": 5, "class_name": "Uncertain / Other"}}, {"type": "Feature", "geometry": {"type": "Polygon", "coordinates": [[[92.69783333333334, 25.6655], [92.69783333333334, 25.66025], [92.703, 25.66025], [92.703, 25.6655], [92.69783333333334, 25.6655]]]}, "properties": {"class_value": 1, "class_name": "Stable"}}, {"type": "Feature", "geometry": {"type": "Polygon", "coordinates": [[[92.80633333333333, 25.6655], [92.80633333333333, 25.66025], [92.8115, 25.66025], [92.8115, 25.6655], [92.80633333333333, 25.6655]]]}, "properties": {"class_value": 1, "class_name": "Stable"}}, {"type": "Feature", "geometry": {"type": "Polygon", "coordinates": [[[92.94066666666666, 25.6655], [92.94066666666666, 25.66025], [92.94583333333333, 25.66025], [92.94583333333333, 25.6655], [92.94066666666666, 25.6655]]]}, "properties": {"class_value": 1, "class_name": "Stable"}}, {"type": "Feature", "geometry": {"type": "Polygon", "coordinates": [[[93.04916666666666, 25.6655], [93.04916666666666, 25.66025], [93.05433333333333, 25.66025], [93.05433333333333, 25.6655], [93.04916666666666, 25.6655]]]}, "properties": {"class_value": 1, "class_name": "Stable"}}, {"type": "Feature", "geometry": {"type": "Polygon", "coordinates": [[[93.06983333333334, 25.6655], [93.06983333333334, 25.66025], [93.075, 25.66025], [93.075, 25.6655], [93.06983333333334, 25.6655]]]}, "properties": {"class_value": 1, "class_name": "Stable"}}, {"type": "Feature", "geometry": {"type": "Polygon", "coordinates": [[[93.16799999999999, 25.6655], [93.16799999999999, 25.66025], [93.17316666666666, 25.66025], [93.17316666666666, 25.6655], [93.16799999999999, 25.6655]]]}, "properties": {"class_value": 1, "class_name": "Stable"}}, {"type": "Feature", "geometry": {"type": "Polygon", "coordinates": [[[93.21966666666667, 25.6655], [93.21966666666667, 25.66025], [93.22483333333334, 25.66025], [93.22483333333334, 25.6655], [93.21966666666667, 25.6655]]]}, "properties": {"class_value": 1, "class_name": "Stable"}}, {"type": "Feature", "geometry": {"type": "Polygon", "coordinates": [[[93.2765, 25.6655], [93.2765, 25.66025], [93.28166666666667, 25.66025], [93.28166666666667, 25.6655], [93.2765, 25.6655]]]}, "properties": {"class_value": 1, "class_name": "Stable"}}, {"type": "Feature", "geometry": {"type": "Polygon", "coordinates": [[[93.39533333333333, 25.6655], [93.39533333333333, 25.66025], [93.4005, 25.66025], [93.4005, 25.6655], [93.39533333333333, 25.6655]]]}, "properties": {"class_value": 1, "class_name": "Stable"}}, {"type": "Feature", "geometry": {"type": "Polygon", "coordinates": [[[93.46249999999999, 25.6655], [93.46249999999999, 25.66025], [93.46766666666666, 25.66025], [93.46766666666666, 25.6655], [93.46249999999999, 25.6655]]]}, "properties": {"class_value": 1, "class_name": "Stable"}}, {"type": "Feature", "geometry": {"type": "Polygon", "coordinates": [[[93.47283333333333, 25.6655], [93.47283333333333, 25.66025], [93.478, 25.66025], [93.478, 25.6655], [93.47283333333333, 25.6655]]]}, "properties": {"class_value": 1, "class_name": "Stable"}}, {"type": "Feature", "geometry": {"type": "Polygon", "coordinates": [[[93.7415, 25.6655], [93.7415, 25.66025], [93.75183333333334, 25.66025], [93.75183333333334, 25.6655], [93.7415, 25.6655]]]}, "properties": {"class_value": 1, "class_name": "Stable"}}, {"type": "Feature", "geometry": {"type": "Polygon", "coordinates": [[[93.8035, 25.6655], [93.8035, 25.66025], [93.80866666666667, 25.66025], [93.80866666666667, 25.6655], [93.8035, 25.6655]]]}, "properties": {"class_value": 1, "class_name": "Stable"}}, {"type": "Feature", "geometry": {"type": "Polygon", "coordinates": [[[93.83449999999999, 25.6655], [93.83449999999999, 25.66025], [93.83966666666666, 25.66025], [93.83966666666666, 25.6655], [93.83449999999999, 25.6655]]]}, "properties": {"class_value": 1, "class_name": "Stable"}}, {"type": "Feature", "geometry": {"type": "Polygon", "coordinates": [[[93.34366666666666, 25.6655], [93.34366666666666, 25.655], [93.34883333333333, 25.655], [93.34883333333333, 25.6655], [93.34366666666666, 25.6655]]]}, "properties": {"class_value": 1, "class_name": "Stable"}}, {"type": "Feature", "geometry": {"type": "Polygon", "coordinates": [[[92.42399999999999, 25.66025], [92.42399999999999, 25.655], [92.42916666666666, 25.655], [92.42916666666666, 25.66025], [92.42399999999999, 25.66025]]]}, "properties": {"class_value": 1, "class_name": "Stable"}}, {"type": "Feature", "geometry": {"type": "Polygon", "coordinates": [[[92.81666666666666, 25.66025], [92.81666666666666, 25.655], [92.82183333333333, 25.655], [92.82183333333333, 25.66025], [92.81666666666666, 25.66025]]]}, "properties": {"class_value": 1, "class_name": "Stable"}}, {"type": "Feature", "geometry": {"type": "Polygon", "coordinates": [[[92.98716666666667, 25.66025], [92.98716666666667, 25.655], [92.99233333333333, 25.655], [92.99233333333333, 25.66025], [92.98716666666667, 25.66025]]]}, "properties": {"class_value": 1, "class_name": "Stable"}}, {"type": "Feature", "geometry": {"type": "Polygon", "coordinates": [[[93.075, 25.66025], [93.075, 25.655], [93.08016666666667, 25.655], [93.08016666666667, 25.66025], [93.075, 25.66025]]]}, "properties": {"class_value": 2, "class_name": "Degrading"}}, {"type": "Feature", "geometry": {"type": "Polygon", "coordinates": [[[93.199, 25.66025], [93.199, 25.655], [93.20416666666667, 25.655], [93.20416666666667, 25.66025], [93.199, 25.66025]]]}, "properties": {"class_value": 1, "class_name": "Stable"}}, {"type": "Feature", "geometry": {"type": "Polygon", "coordinates": [[[93.20933333333333, 25.66025], [93.20933333333333, 25.655], [93.2145, 25.655], [93.2145, 25.66025], [93.20933333333333, 25.66025]]]}, "properties": {"class_value": 1, "class_name": "Stable"}}, {"type": "Feature", "geometry": {"type": "Polygon", "coordinates": [[[93.31266666666666, 25.66025], [93.31266666666666, 25.655], [93.31783333333333, 25.655], [93.31783333333333, 25.66025], [93.31266666666666, 25.66025]]]}, "properties": {"class_value": 1, "class_name": "Stable"}}, {"type": "Feature", "geometry": {"type": "Polygon", "coordinates": [[[93.51416666666667, 25.66025], [93.51416666666667, 25.655], [93.51933333333334, 25.655], [93.51933333333334, 25.66025], [93.51416666666667, 25.66025]]]}, "properties": {"class_value": 1, "class_name": "Stable"}}, {"type": "Feature", "geometry": {"type": "Polygon", "coordinates": [[[93.59166666666667, 25.66025], [93.59166666666667, 25.655], [93.59683333333334, 25.655], [93.59683333333334, 25.66025], [93.59166666666667, 25.66025]]]}, "properties": {"class_value": 1, "class_name": "Stable"}}, {"type": "Feature", "geometry": {"type": "Polygon", "coordinates": [[[93.633, 25.66025], [93.633, 25.655], [93.63816666666666, 25.655], [93.63816666666666, 25.66025], [93.633, 25.66025]]]}, "properties": {"class_value": 1, "class_name": "Stable"}}, {"type": "Feature", "geometry": {"type": "Polygon", "coordinates": [[[93.65366666666667, 25.66025], [93.65366666666667, 25.655], [93.65883333333333, 25.655], [93.65883333333333, 25.66025], [93.65366666666667, 25.66025]]]}, "properties": {"class_value": 1, "class_name": "Stable"}}, {"type": "Feature", "geometry": {"type": "Polygon", "coordinates": [[[93.67949999999999, 25.66025], [93.67949999999999, 25.655], [93.68466666666666, 25.655], [93.68466666666666, 25.66025], [93.67949999999999, 25.66025]]]}, "properties": {"class_value": 1, "class_name": "Stable"}}, {"type": "Feature", "geometry": {"type": "Polygon", "coordinates": [[[93.76216666666666, 25.66025], [93.76216666666666, 25.655], [93.76733333333333, 25.655], [93.76733333333333, 25.66025], [93.76216666666666, 25.66025]]]}, "properties": {"class_value": 1, "class_name": "Stable"}}, {"type": "Feature", "geometry": {"type": "Polygon", "coordinates": [[[92.40333333333334, 25.655], [92.40333333333334, 25.64975], [92.4085, 25.64975], [92.4085, 25.655], [92.40333333333334, 25.655]]]}, "properties": {"class_value": 1, "class_name": "Stable"}}, {"type": "Feature", "geometry": {"type": "Polygon", "coordinates": [[[92.53766666666667, 25.655], [92.53766666666667, 25.64975], [92.54283333333333, 25.64975], [92.54283333333333, 25.655], [92.53766666666667, 25.655]]]}, "properties": {"class_value": 1, "class_name": "Stable"}}, {"type": "Feature", "geometry": {"type": "Polygon", "coordinates": [[[92.64099999999999, 25.655], [92.64099999999999, 25.64975], [92.64616666666666, 25.64975], [92.64616666666666, 25.655], [92.64099999999999, 25.655]]]}, "properties": {"class_value": 1, "class_name": "Stable"}}, {"type": "Feature", "geometry": {"type": "Polygon", "coordinates": [[[92.93549999999999, 25.655], [92.93549999999999, 25.64975], [92.94066666666666, 25.64975], [92.94066666666666, 25.655], [92.93549999999999, 25.655]]]}, "properties": {"class_value": 1, "class_name": "Stable"}}, {"type": "Feature", "geometry": {"type": "Polygon", "coordinates": [[[92.9975, 25.655], [92.9975, 25.64975], [93.00266666666667, 25.64975], [93.00266666666667, 25.655], [92.9975, 25.655]]]}, "properties": {"class_value": 1, "class_name": "Stable"}}, {"type": "Feature", "geometry": {"type": "Polygon", "coordinates": [[[93.05433333333333, 25.655], [93.05433333333333, 25.64975], [93.0595, 25.64975], [93.0595, 25.655], [93.05433333333333, 25.655]]]}, "properties": {"class_value": 1, "class_name": "Stable"}}, {"type": "Feature", "geometry": {"type": "Polygon", "coordinates": [[[93.18866666666666, 25.655], [93.18866666666666, 25.64975], [93.19383333333333, 25.64975], [93.19383333333333, 25.655], [93.18866666666666, 25.655]]]}, "properties": {"class_value": 1, "class_name": "Stable"}}, {"type": "Feature", "geometry": {"type": "Polygon", "coordinates": [[[93.39533333333333, 25.655], [93.39533333333333, 25.64975], [93.4005, 25.64975], [93.4005, 25.655], [93.39533333333333, 25.655]]]}, "properties": {"class_value": 4, "class_name": "Cyclic"}}, {"type": "Feature", "geometry": {"type": "Polygon", "coordinates": [[[93.47283333333333, 25.655], [93.47283333333333, 25.64975], [93.478, 25.64975], [93.478, 25.655], [93.47283333333333, 25.655]]]}, "properties": {"class_value": 1, "class_name": "Stable"}}, {"type": "Feature", "geometry": {"type": "Polygon", "coordinates": [[[93.53999999999999, 25.655], [93.53999999999999, 25.64975], [93.54516666666666, 25.64975], [93.54516666666666, 25.655], [93.53999999999999, 25.655]]]}, "properties": {"class_value": 1, "class_name": "Stable"}}, {"type": "Feature", "geometry": {"type": "Polygon", "coordinates": [[[93.571, 25.655], [93.571, 25.64975], [93.57616666666667, 25.64975], [93.57616666666667, 25.655], [93.571, 25.655]]]}, "properties": {"class_value": 5, "class_name": "Uncertain / Other"}}, {"type": "Feature", "geometry": {"type": "Polygon", "coordinates": [[[93.61233333333332, 25.655], [93.61233333333332, 25.64975], [93.61749999999999, 25.64975], [93.61749999999999, 25.655], [93.61233333333332, 25.655]]]}, "properties": {"class_value": 1, "class_name": "Stable"}}, {"type": "Feature", "geometry": {"type": "Polygon", "coordinates": [[[93.70533333333333, 25.655], [93.70533333333333, 25.64975], [93.7105, 25.64975], [93.7105, 25.655], [93.70533333333333, 25.655]]]}, "properties": {"class_value": 1, "class_name": "Stable"}}, {"type": "Feature", "geometry": {"type": "Polygon", "coordinates": [[[92.38266666666667, 25.64975], [92.38266666666667, 25.6445], [92.38783333333333, 25.6445], [92.38783333333333, 25.64975], [92.38266666666667, 25.64975]]]}, "properties": {"class_value": 1, "class_name": "Stable"}}, {"type": "Feature", "geometry": {"type": "Polygon", "coordinates": [[[92.46533333333333, 25.64975], [92.46533333333333, 25.6445], [92.4705, 25.6445], [92.4705, 25.64975], [92.46533333333333, 25.64975]]]}, "properties": {"class_value": 1, "class_name": "Stable"}}, {"type": "Feature", "geometry": {"type": "Polygon", "coordinates": [[[92.486, 25.64975], [92.486, 25.6445], [92.49633333333333, 25.6445], [92.49633333333333, 25.64975], [92.486, 25.64975]]]}, "properties": {"class_value": 1, "class_name": "Stable"}}, {"type": "Feature", "geometry": {"type": "Polygon", "coordinates": [[[92.6565, 25.64975], [92.6565, 25.6445], [92.66166666666666, 25.6445], [92.66166666666666, 25.64975], [92.6565, 25.64975]]]}, "properties": {"class_value": 1, "class_name": "Stable"}}, {"type": "Feature", "geometry": {"type": "Polygon", "coordinates": [[[92.7805, 25.64975], [92.7805, 25.6445], [92.78566666666666, 25.6445], [92.78566666666666, 25.64975], [92.7805, 25.64975]]]}, "properties": {"class_value": 1, "class_name": "Stable"}}, {"type": "Feature", "geometry": {"type": "Polygon", "coordinates": [[[92.88383333333333, 25.64975], [92.88383333333333, 25.6445], [92.89416666666666, 25.6445], [92.89416666666666, 25.64975], [92.88383333333333, 25.64975]]]}, "properties": {"class_value": 1, "class_name": "Stable"}}, {"type": "Feature", "geometry": {"type": "Polygon", "coordinates": [[[92.982, 25.64975], [92.982, 25.6445], [92.98716666666667, 25.6445], [92.98716666666667, 25.64975], [92.982, 25.64975]]]}, "properties": {"class_value": 1, "class_name": "Stable"}}, {"type": "Feature", "geometry": {"type": "Polygon", "coordinates": [[[93.44183333333334, 25.64975], [93.44183333333334, 25.6445], [93.447, 25.6445], [93.447, 25.64975], [93.44183333333334, 25.64975]]]}, "properties": {"class_value": 1, "class_name": "Stable"}}, {"type": "Feature", "geometry": {"type": "Polygon", "coordinates": [[[93.447, 25.64975], [93.447, 25.6445], [93.45216666666667, 25.6445], [93.45216666666667, 25.64975], [93.447, 25.64975]]]}, "properties": {"class_value": 4, "class_name": "Cyclic"}}, {"type": "Feature", "geometry": {"type": "Polygon", "coordinates": [[[93.46766666666666, 25.64975], [93.46766666666666, 25.6445], [93.47283333333333, 25.6445], [93.47283333333333, 25.64975], [93.46766666666666, 25.64975]]]}, "properties": {"class_value": 1, "class_name": "Stable"}}, {"type": "Feature", "geometry": {"type": "Polygon", "coordinates": [[[93.56066666666666, 25.64975], [93.56066666666666, 25.6445], [93.56583333333333, 25.6445], [93.56583333333333, 25.64975], [93.56066666666666, 25.64975]]]}, "properties": {"class_value": 1, "class_name": "Stable"}}, {"type": "Feature", "geometry": {"type": "Polygon", "coordinates": [[[93.59166666666667, 25.64975], [93.59166666666667, 25.6445], [93.59683333333334, 25.6445], [93.59683333333334, 25.64975], [93.59166666666667, 25.64975]]]}, "properties": {"class_value": 1, "class_name": "Stable"}}, {"type": "Feature", "geometry": {"type": "Polygon", "coordinates": [[[93.602, 25.64975], [93.602, 25.6445], [93.60716666666666, 25.6445], [93.60716666666666, 25.64975], [93.602, 25.64975]]]}, "properties": {"class_value": 1, "class_name": "Stable"}}, {"type": "Feature", "geometry": {"type": "Polygon", "coordinates": [[[93.1835, 25.64975], [93.1835, 25.63925], [93.18866666666666, 25.63925], [93.18866666666666, 25.64975], [93.1835, 25.64975]]]}, "properties": {"class_value": 1, "class_name": "Stable"}}, {"type": "Feature", "geometry": {"type": "Polygon", "coordinates": [[[92.41366666666666, 25.6445], [92.41366666666666, 25.63925], [92.41883333333332, 25.63925], [92.41883333333332, 25.6445], [92.41366666666666, 25.6445]]]}, "properties": {"class_value": 1, "class_name": "Stable"}}, {"type": "Feature", "geometry": {"type": "Polygon", "coordinates": [[[92.579, 25.6445], [92.579, 25.63925], [92.58416666666666, 25.63925], [92.58416666666666, 25.6445], [92.579, 25.6445]]]}, "properties": {"class_value": 1, "class_name": "Stable"}}, {"type": "Feature", "geometry": {"type": "Polygon", "coordinates": [[[92.63066666666667, 25.6445], [92.63066666666667, 25.63925], [92.63583333333332, 25.63925], [92.63583333333332, 25.6445], [92.63066666666667, 25.6445]]]}, "properties": {"class_value": 1, "class_name": "Stable"}}, {"type": "Feature", "geometry": {"type": "Polygon", "coordinates": [[[92.858, 25.6445], [92.858, 25.63925], [92.86316666666666, 25.63925], [92.86316666666666, 25.6445], [92.858, 25.6445]]]}, "properties": {"class_value": 1, "class_name": "Stable"}}, {"type": "Feature", "geometry": {"type": "Polygon", "coordinates": [[[92.96133333333333, 25.6445], [92.96133333333333, 25.63925], [92.9665, 25.63925], [92.9665, 25.6445], [92.96133333333333, 25.6445]]]}, "properties": {"class_value": 1, "class_name": "Stable"}}, {"type": "Feature", "geometry": {"type": "Polygon", "coordinates": [[[92.97683333333333, 25.6445], [92.97683333333333, 25.63925], [92.982, 25.63925], [92.982, 25.6445], [92.97683333333333, 25.6445]]]}, "properties": {"class_value": 1, "class_name": "Stable"}}, {"type": "Feature", "geometry": {"type": "Polygon", "coordinates": [[[93.06466666666667, 25.6445], [93.06466666666667, 25.63925], [93.06983333333334, 25.63925], [93.06983333333334, 25.6445], [93.06466666666667, 25.6445]]]}, "properties": {"class_value": 1, "class_name": "Stable"}}, {"type": "Feature", "geometry": {"type": "Polygon", "coordinates": [[[93.24033333333333, 25.6445], [93.24033333333333, 25.63925], [93.24549999999999, 25.63925], [93.24549999999999, 25.6445], [93.24033333333333, 25.6445]]]}, "properties": {"class_value": 1, "class_name": "Stable"}}, {"type": "Feature", "geometry": {"type": "Polygon", "coordinates": [[[93.43666666666667, 25.6445], [93.43666666666667, 25.63925], [93.44183333333334, 25.63925], [93.44183333333334, 25.6445], [93.43666666666667, 25.6445]]]}, "properties": {"class_value": 1, "class_name": "Stable"}}, {"type": "Feature", "geometry": {"type": "Polygon", "coordinates": [[[93.67949999999999, 25.6445], [93.67949999999999, 25.63925], [93.68983333333333, 25.63925], [93.68983333333333, 25.6445], [93.67949999999999, 25.6445]]]}, "properties": {"class_value": 1, "class_name": "Stable"}}, {"type": "Feature", "geometry": {"type": "Polygon", "coordinates": [[[92.331, 25.6445], [92.331, 25.634], [92.33616666666667, 25.634], [92.33616666666667, 25.6445], [92.331, 25.6445]]]}, "properties": {"class_value": 1, "class_name": "Stable"}}, {"type": "Feature", "geometry": {"type": "Polygon", "coordinates": [[[92.32066666666667, 25.63925], [92.32066666666667, 25.634], [92.32583333333334, 25.634], [92.32583333333334, 25.63925], [92.32066666666667, 25.63925]]]}, "properties": {"class_value": 5, "class_name": "Uncertain / Other"}}, {"type": "Feature", "geometry": {"type": "Polygon", "coordinates": [[[92.38266666666667, 25.63925], [92.38266666666667, 25.634], [92.38783333333333, 25.634], [92.38783333333333, 25.63925], [92.38266666666667, 25.63925]]]}, "properties": {"class_value": 1, "class_name": "Stable"}}, {"type": "Feature", "geometry": {"type": "Polygon", "coordinates": [[[92.39816666666667, 25.63925], [92.39816666666667, 25.634], [92.40333333333334, 25.634], [92.40333333333334, 25.63925], [92.39816666666667, 25.63925]]]}, "properties": {"class_value": 1, "class_name": "Stable"}}, {"type": "Feature", "geometry": {"type": "Polygon", "coordinates": [[[92.42916666666666, 25.63925], [92.42916666666666, 25.634], [92.43433333333333, 25.634], [92.43433333333333, 25.63925], [92.42916666666666, 25.63925]]]}, "properties": {"class_value": 1, "class_name": "Stable"}}, {"type": "Feature", "geometry": {"type": "Polygon", "coordinates": [[[92.55316666666667, 25.63925], [92.55316666666667, 25.634], [92.55833333333334, 25.634], [92.55833333333334, 25.63925], [92.55316666666667, 25.63925]]]}, "properties": {"class_value": 1, "class_name": "Stable"}}, {"type": "Feature", "geometry": {"type": "Polygon", "coordinates": [[[92.59966666666666, 25.63925], [92.59966666666666, 25.634], [92.60483333333333, 25.634], [92.60483333333333, 25.63925], [92.59966666666666, 25.63925]]]}, "properties": {"class_value": 1, "class_name": "Stable"}}, {"type": "Feature", "geometry": {"type": "Polygon", "coordinates": [[[92.67716666666666, 25.63925], [92.67716666666666, 25.634], [92.68233333333333, 25.634], [92.68233333333333, 25.63925], [92.67716666666666, 25.63925]]]}, "properties": {"class_value": 1, "class_name": "Stable"}}, {"type": "Feature", "geometry": {"type": "Polygon", "coordinates": [[[92.89416666666666, 25.63925], [92.89416666666666, 25.634], [92.89933333333333, 25.634], [92.89933333333333, 25.63925], [92.89416666666666, 25.63925]]]}, "properties": {"class_value": 5, "class_name": "Uncertain / Other"}}, {"type": "Feature", "geometry": {"type": "Polygon", "coordinates": [[[93.01816666666666, 25.63925], [93.01816666666666, 25.634], [93.02333333333333, 25.634], [93.02333333333333, 25.63925], [93.01816666666666, 25.63925]]]}, "properties": {"class_value": 2, "class_name": "Degrading"}}, {"type": "Feature", "geometry": {"type": "Polygon", "coordinates": [[[93.12666666666667, 25.63925], [93.12666666666667, 25.634], [93.13183333333333, 25.634], [93.13183333333333, 25.63925], [93.12666666666667, 25.63925]]]}, "properties": {"class_value": 2, "class_name": "Degrading"}}, {"type": "Feature", "geometry": {"type": "Polygon", "coordinates": [[[93.1835, 25.63925], [93.1835, 25.634], [93.18866666666666, 25.634], [93.18866666666666, 25.63925], [93.1835, 25.63925]]]}, "properties": {"class_value": 2, "class_name": "Degrading"}}, {"type": "Feature", "geometry": {"type": "Polygon", "coordinates": [[[93.2145, 25.63925], [93.2145, 25.634], [93.21966666666667, 25.634], [93.21966666666667, 25.63925], [93.2145, 25.63925]]]}, "properties": {"class_value": 1, "class_name": "Stable"}}, {"type": "Feature", "geometry": {"type": "Polygon", "coordinates": [[[93.46766666666666, 25.63925], [93.46766666666666, 25.634], [93.47283333333333, 25.634], [93.47283333333333, 25.63925], [93.46766666666666, 25.63925]]]}, "properties": {"class_value": 1, "class_name": "Stable"}}, {"type": "Feature", "geometry": {"type": "Polygon", "coordinates": [[[93.5865, 25.63925], [93.5865, 25.634], [93.59166666666667, 25.634], [93.59166666666667, 25.63925], [93.5865, 25.63925]]]}, "properties": {"class_value": 1, "class_name": "Stable"}}, {"type": "Feature", "geometry": {"type": "Polygon", "coordinates": [[[93.76733333333333, 25.63925], [93.76733333333333, 25.634], [93.7725, 25.634], [93.7725, 25.63925], [93.76733333333333, 25.63925]]]}, "properties": {"class_value": 1, "class_name": "Stable"}}, {"type": "Feature", "geometry": {"type": "Polygon", "coordinates": [[[93.61233333333332, 25.63925], [93.61233333333332, 25.62875], [93.61749999999999, 25.62875], [93.61749999999999, 25.63925], [93.61233333333332, 25.63925]]]}, "properties": {"class_value": 1, "class_name": "Stable"}}, {"type": "Feature", "geometry": {"type": "Polygon", "coordinates": [[[92.30516666666666, 25.634], [92.30516666666666, 25.62875], [92.3155, 25.62875], [92.3155, 25.634], [92.30516666666666, 25.634]]]}, "properties": {"class_value": 1, "class_name": "Stable"}}, {"type": "Feature", "geometry": {"type": "Polygon", "coordinates": [[[92.49116666666666, 25.634], [92.49116666666666, 25.62875], [92.49633333333333, 25.62875], [92.49633333333333, 25.634], [92.49116666666666, 25.634]]]}, "properties": {"class_value": 2, "class_name": "Degrading"}}, {"type": "Feature", "geometry": {"type": "Polygon", "coordinates": [[[92.517, 25.634], [92.517, 25.62875], [92.52216666666666, 25.62875], [92.52216666666666, 25.634], [92.517, 25.634]]]}, "properties": {"class_value": 1, "class_name": "Stable"}}, {"type": "Feature", "geometry": {"type": "Polygon", "coordinates": [[[92.548, 25.634], [92.548, 25.62875], [92.55316666666667, 25.62875], [92.55316666666667, 25.634], [92.548, 25.634]]]}, "properties": {"class_value": 1, "class_name": "Stable"}}, {"type": "Feature", "geometry": {"type": "Polygon", "coordinates": [[[92.61, 25.634], [92.61, 25.62875], [92.61516666666667, 25.62875], [92.61516666666667, 25.634], [92.61, 25.634]]]}, "properties": {"class_value": 1, "class_name": "Stable"}}, {"type": "Feature", "geometry": {"type": "Polygon", "coordinates": [[[92.6255, 25.634], [92.6255, 25.62875], [92.63066666666667, 25.62875], [92.63066666666667, 25.634], [92.6255, 25.634]]]}, "properties": {"class_value": 1, "class_name": "Stable"}}, {"type": "Feature", "geometry": {"type": "Polygon", "coordinates": [[[92.79599999999999, 25.634], [92.79599999999999, 25.62875], [92.80116666666666, 25.62875], [92.80116666666666, 25.634], [92.79599999999999, 25.634]]]}, "properties": {"class_value": 1, "class_name": "Stable"}}, {"type": "Feature", "geometry": {"type": "Polygon", "coordinates": [[[92.80633333333333, 25.634], [92.80633333333333, 25.62875], [92.8115, 25.62875], [92.8115, 25.634], [92.80633333333333, 25.634]]]}, "properties": {"class_value": 1, "class_name": "Stable"}}, {"type": "Feature", "geometry": {"type": "Polygon", "coordinates": [[[93.01816666666666, 25.634], [93.01816666666666, 25.62875], [93.02333333333333, 25.62875], [93.02333333333333, 25.634], [93.01816666666666, 25.634]]]}, "properties": {"class_value": 1, "class_name": "Stable"}}, {"type": "Feature", "geometry": {"type": "Polygon", "coordinates": [[[93.04916666666666, 25.634], [93.04916666666666, 25.62875], [93.05433333333333, 25.62875], [93.05433333333333, 25.634], [93.04916666666666, 25.634]]]}, "properties": {"class_value": 1, "class_name": "Stable"}}, {"type": "Feature", "geometry": {"type": "Polygon", "coordinates": [[[93.06983333333334, 25.634], [93.06983333333334, 25.62875], [93.08016666666667, 25.62875], [93.08016666666667, 25.634], [93.06983333333334, 25.634]]]}, "properties": {"class_value": 1, "class_name": "Stable"}}, {"type": "Feature", "geometry": {"type": "Polygon", "coordinates": [[[93.3385, 25.634], [93.3385, 25.62875], [93.34366666666666, 25.62875], [93.34366666666666, 25.634], [93.3385, 25.634]]]}, "properties": {"class_value": 1, "class_name": "Stable"}}, {"type": "Feature", "geometry": {"type": "Polygon", "coordinates": [[[93.3695, 25.634], [93.3695, 25.62875], [93.37466666666667, 25.62875], [93.37466666666667, 25.634], [93.3695, 25.634]]]}, "properties": {"class_value": 1, "class_name": "Stable"}}, {"type": "Feature", "geometry": {"type": "Polygon", "coordinates": [[[93.51416666666667, 25.634], [93.51416666666667, 25.62875], [93.51933333333334, 25.62875], [93.51933333333334, 25.634], [93.51416666666667, 25.634]]]}, "properties": {"class_value": 1, "class_name": "Stable"}}, {"type": "Feature", "geometry": {"type": "Polygon", "coordinates": [[[93.52966666666666, 25.634], [93.52966666666666, 25.62875], [93.53483333333332, 25.62875], [93.53483333333332, 25.634], [93.52966666666666, 25.634]]]}, "properties": {"class_value": 1, "class_name": "Stable"}}, {"type": "Feature", "geometry": {"type": "Polygon", "coordinates": [[[93.65366666666667, 25.634], [93.65366666666667, 25.62875], [93.65883333333333, 25.62875], [93.65883333333333, 25.634], [93.65366666666667, 25.634]]]}, "properties": {"class_value": 1, "class_name": "Stable"}}, {"type": "Feature", "geometry": {"type": "Polygon", "coordinates": [[[92.3775, 25.62875], [92.3775, 25.6235], [92.38266666666667, 25.6235], [92.38266666666667, 25.62875], [92.3775, 25.62875]]]}, "properties": {"class_value": 1, "class_name": "Stable"}}, {"type": "Feature", "geometry": {"type": "Polygon", "coordinates": [[[92.40333333333334, 25.62875], [92.40333333333334, 25.6235], [92.4085, 25.6235], [92.4085, 25.62875], [92.40333333333334, 25.62875]]]}, "properties": {"class_value": 1, "class_name": "Stable"}}, {"type": "Feature", "geometry": {"type": "Polygon", "coordinates": [[[92.486, 25.62875], [92.486, 25.6235], [92.49116666666666, 25.6235], [92.49116666666666, 25.62875], [92.486, 25.62875]]]}, "properties": {"class_value": 1, "class_name": "Stable"}}, {"type": "Feature", "geometry": {"type": "Polygon", "coordinates": [[[92.52216666666666, 25.62875], [92.52216666666666, 25.6235], [92.52733333333333, 25.6235], [92.52733333333333, 25.62875], [92.52216666666666, 25.62875]]]}, "properties": {"class_value": 1, "class_name": "Stable"}}, {"type": "Feature", "geometry": {"type": "Polygon", "coordinates": [[[92.55316666666667, 25.62875], [92.55316666666667, 25.6235], [92.55833333333334, 25.6235], [92.55833333333334, 25.62875], [92.55316666666667, 25.62875]]]}, "properties": {"class_value": 1, "class_name": "Stable"}}, {"type": "Feature", "geometry": {"type": "Polygon", "coordinates": [[[92.58933333333333, 25.62875], [92.58933333333333, 25.6235], [92.5945, 25.6235], [92.5945, 25.62875], [92.58933333333333, 25.62875]]]}, "properties": {"class_value": 1, "class_name": "Stable"}}, {"type": "Feature", "geometry": {"type": "Polygon", "coordinates": [[[92.734, 25.62875], [92.734, 25.6235], [92.73916666666666, 25.6235], [92.73916666666666, 25.62875], [92.734, 25.62875]]]}, "properties": {"class_value": 5, "class_name": "Uncertain / Other"}}, {"type": "Feature", "geometry": {"type": "Polygon", "coordinates": [[[92.77016666666667, 25.62875], [92.77016666666667, 25.6235], [92.7805, 25.6235], [92.7805, 25.62875], [92.77016666666667, 25.62875]]]}, "properties": {"class_value": 1, "class_name": "Stable"}}, {"type": "Feature", "geometry": {"type": "Polygon", "coordinates": [[[92.827, 25.62875], [92.827, 25.6235], [92.83216666666667, 25.6235], [92.83216666666667, 25.62875], [92.827, 25.62875]]]}, "properties": {"class_value": 2, "class_name": "Degrading"}}, {"type": "Feature", "geometry": {"type": "Polygon", "coordinates": [[[93.0595, 25.62875], [93.0595, 25.6235], [93.06466666666667, 25.6235], [93.06466666666667, 25.62875], [93.0595, 25.62875]]]}, "properties": {"class_value": 1, "class_name": "Stable"}}, {"type": "Feature", "geometry": {"type": "Polygon", "coordinates": [[[93.1215, 25.62875], [93.1215, 25.6235], [93.12666666666667, 25.6235], [93.12666666666667, 25.62875], [93.1215, 25.62875]]]}, "properties": {"class_value": 1, "class_name": "Stable"}}, {"type": "Feature", "geometry": {"type": "Polygon", "coordinates": [[[93.23516666666666, 25.62875], [93.23516666666666, 25.6235], [93.24033333333333, 25.6235], [93.24033333333333, 25.62875], [93.23516666666666, 25.62875]]]}, "properties": {"class_value": 1, "class_name": "Stable"}}, {"type": "Feature", "geometry": {"type": "Polygon", "coordinates": [[[93.25583333333333, 25.62875], [93.25583333333333, 25.6235], [93.261, 25.6235], [93.261, 25.62875], [93.25583333333333, 25.62875]]]}, "properties": {"class_value": 1, "class_name": "Stable"}}, {"type": "Feature", "geometry": {"type": "Polygon", "coordinates": [[[93.34883333333333, 25.62875], [93.34883333333333, 25.6235], [93.354, 25.6235], [93.354, 25.62875], [93.34883333333333, 25.62875]]]}, "properties": {"class_value": 1, "class_name": "Stable"}}, {"type": "Feature", "geometry": {"type": "Polygon", "coordinates": [[[93.36433333333333, 25.62875], [93.36433333333333, 25.6235], [93.3695, 25.6235], [93.3695, 25.62875], [93.36433333333333, 25.62875]]]}, "properties": {"class_value": 1, "class_name": "Stable"}}, {"type": "Feature", "geometry": {"type": "Polygon", "coordinates": [[[93.478, 25.62875], [93.478, 25.6235], [93.48316666666666, 25.6235], [93.48316666666666, 25.62875], [93.478, 25.62875]]]}, "properties": {"class_value": 1, "class_name": "Stable"}}, {"type": "Feature", "geometry": {"type": "Polygon", "coordinates": [[[93.55033333333333, 25.62875], [93.55033333333333, 25.6235], [93.5555, 25.6235], [93.5555, 25.62875], [93.55033333333333, 25.62875]]]}, "properties": {"class_value": 1, "class_name": "Stable"}}, {"type": "Feature", "geometry": {"type": "Polygon", "coordinates": [[[93.77766666666666, 25.62875], [93.77766666666666, 25.6235], [93.78283333333333, 25.6235], [93.78283333333333, 25.62875], [93.77766666666666, 25.62875]]]}, "properties": {"class_value": 1, "class_name": "Stable"}}, {"type": "Feature", "geometry": {"type": "Polygon", "coordinates": [[[93.83966666666666, 25.62875], [93.83966666666666, 25.6235], [93.84483333333333, 25.6235], [93.84483333333333, 25.62875], [93.83966666666666, 25.62875]]]}, "properties": {"class_value": 1, "class_name": "Stable"}}, {"type": "Feature", "geometry": {"type": "Polygon", "coordinates": [[[92.393, 25.6235], [92.393, 25.61825], [92.39816666666667, 25.61825], [92.39816666666667, 25.6235], [92.393, 25.6235]]]}, "properties": {"class_value": 2, "class_name": "Degrading"}}, {"type": "Feature", "geometry": {"type": "Polygon", "coordinates": [[[92.42399999999999, 25.6235], [92.42399999999999, 25.61825], [92.42916666666666, 25.61825], [92.42916666666666, 25.6235], [92.42399999999999, 25.6235]]]}, "properties": {"class_value": 1, "class_name": "Stable"}}, {"type": "Feature", "geometry": {"type": "Polygon", "coordinates": [[[92.49116666666666, 25.6235], [92.49116666666666, 25.61825], [92.49633333333333, 25.61825], [92.49633333333333, 25.6235], [92.49116666666666, 25.6235]]]}, "properties": {"class_value": 1, "class_name": "Stable"}}, {"type": "Feature", "geometry": {"type": "Polygon", "coordinates": [[[92.56349999999999, 25.6235], [92.56349999999999, 25.61825], [92.56866666666666, 25.61825], [92.56866666666666, 25.6235], [92.56349999999999, 25.6235]]]}, "properties": {"class_value": 1, "class_name": "Stable"}}, {"type": "Feature", "geometry": {"type": "Polygon", "coordinates": [[[92.66683333333333, 25.6235], [92.66683333333333, 25.61825], [92.672, 25.61825], [92.672, 25.6235], [92.66683333333333, 25.6235]]]}, "properties": {"class_value": 1, "class_name": "Stable"}}, {"type": "Feature", "geometry": {"type": "Polygon", "coordinates": [[[92.74433333333333, 25.6235], [92.74433333333333, 25.61825], [92.7495, 25.61825], [92.7495, 25.6235], [92.74433333333333, 25.6235]]]}, "properties": {"class_value": 1, "class_name": "Stable"}}, {"type": "Feature", "geometry": {"type": "Polygon", "coordinates": [[[93.05433333333333, 25.6235], [93.05433333333333, 25.61825], [93.0595, 25.61825], [93.0595, 25.6235], [93.05433333333333, 25.6235]]]}, "properties": {"class_value": 1, "class_name": "Stable"}}, {"type": "Feature", "geometry": {"type": "Polygon", "coordinates": [[[93.1525, 25.6235], [93.1525, 25.61825], [93.15766666666666, 25.61825], [93.15766666666666, 25.6235], [93.1525, 25.6235]]]}, "properties": {"class_value": 1, "class_name": "Stable"}}, {"type": "Feature", "geometry": {"type": "Polygon", "coordinates": [[[93.18866666666666, 25.6235], [93.18866666666666, 25.61825], [93.19383333333333, 25.61825], [93.19383333333333, 25.6235], [93.18866666666666, 25.6235]]]}, "properties": {"class_value": 1, "class_name": "Stable"}}, {"type": "Feature", "geometry": {"type": "Polygon", "coordinates": [[[93.23, 25.6235], [93.23, 25.61825], [93.23516666666666, 25.61825], [93.23516666666666, 25.6235], [93.23, 25.6235]]]}, "properties": {"class_value": 1, "class_name": "Stable"}}, {"type": "Feature", "geometry": {"type": "Polygon", "coordinates": [[[93.34366666666666, 25.6235], [93.34366666666666, 25.61825], [93.34883333333333, 25.61825], [93.34883333333333, 25.6235], [93.34366666666666, 25.6235]]]}, "properties": {"class_value": 1, "class_name": "Stable"}}, {"type": "Feature", "geometry": {"type": "Polygon", "coordinates": [[[93.47283333333333, 25.6235], [93.47283333333333, 25.61825], [93.478, 25.61825], [93.478, 25.6235], [93.47283333333333, 25.6235]]]}, "properties": {"class_value": 1, "class_name": "Stable"}}, {"type": "Feature", "geometry": {"type": "Polygon", "coordinates": [[[93.50383333333333, 25.6235], [93.50383333333333, 25.61825], [93.509, 25.61825], [93.509, 25.6235], [93.50383333333333, 25.6235]]]}, "properties": {"class_value": 1, "class_name": "Stable"}}, {"type": "Feature", "geometry": {"type": "Polygon", "coordinates": [[[93.63816666666666, 25.6235], [93.63816666666666, 25.613], [93.64333333333333, 25.613], [93.64333333333333, 25.6235], [93.63816666666666, 25.6235]]]}, "properties": {"class_value": 1, "class_name": "Stable"}}, {"type": "Feature", "geometry": {"type": "Polygon", "coordinates": [[[92.331, 25.61825], [92.331, 25.613], [92.33616666666667, 25.613], [92.33616666666667, 25.61825], [92.331, 25.61825]]]}, "properties": {"class_value": 1, "class_name": "Stable"}}, {"type": "Feature", "geometry": {"type": "Polygon", "coordinates": [[[92.37233333333333, 25.61825], [92.37233333333333, 25.613], [92.3775, 25.613], [92.3775, 25.61825], [92.37233333333333, 25.61825]]]}, "properties": {"class_value": 1, "class_name": "Stable"}}, {"type": "Feature", "geometry": {"type": "Polygon", "coordinates": [[[92.6255, 25.61825], [92.6255, 25.613], [92.63066666666667, 25.613], [92.63066666666667, 25.61825], [92.6255, 25.61825]]]}, "properties": {"class_value": 1, "class_name": "Stable"}}, {"type": "Feature", "geometry": {"type": "Polygon", "coordinates": [[[92.80116666666666, 25.61825], [92.80116666666666, 25.613], [92.80633333333333, 25.613], [92.80633333333333, 25.61825], [92.80116666666666, 25.61825]]]}, "properties": {"class_value": 1, "class_name": "Stable"}}, {"type": "Feature", "geometry": {"type": "Polygon", "coordinates": [[[92.84766666666667, 25.61825], [92.84766666666667, 25.613], [92.85283333333334, 25.613], [92.85283333333334, 25.61825], [92.84766666666667, 25.61825]]]}, "properties": {"class_value": 1, "class_name": "Stable"}}, {"type": "Feature", "geometry": {"type": "Polygon", "coordinates": [[[92.92, 25.61825], [92.92, 25.613], [92.92516666666667, 25.613], [92.92516666666667, 25.61825], [92.92, 25.61825]]]}, "properties": {"class_value": 1, "class_name": "Stable"}}, {"type": "Feature", "geometry": {"type": "Polygon", "coordinates": [[[92.98716666666667, 25.61825], [92.98716666666667, 25.613], [92.99233333333333, 25.613], [92.99233333333333, 25.61825], [92.98716666666667, 25.61825]]]}, "properties": {"class_value": 1, "class_name": "Stable"}}, {"type": "Feature", "geometry": {"type": "Polygon", "coordinates": [[[93.00783333333334, 25.61825], [93.00783333333334, 25.613], [93.01299999999999, 25.613], [93.01299999999999, 25.61825], [93.00783333333334, 25.61825]]]}, "properties": {"class_value": 1, "class_name": "Stable"}}, {"type": "Feature", "geometry": {"type": "Polygon", "coordinates": [[[93.26616666666666, 25.61825], [93.26616666666666, 25.613], [93.27133333333333, 25.613], [93.27133333333333, 25.61825], [93.26616666666666, 25.61825]]]}, "properties": {"class_value": 1, "class_name": "Stable"}}, {"type": "Feature", "geometry": {"type": "Polygon", "coordinates": [[[93.46249999999999, 25.61825], [93.46249999999999, 25.613], [93.46766666666666, 25.613], [93.46766666666666, 25.61825], [93.46249999999999, 25.61825]]]}, "properties": {"class_value": 1, "class_name": "Stable"}}, {"type": "Feature", "geometry": {"type": "Polygon", "coordinates": [[[93.509, 25.61825], [93.509, 25.613], [93.51416666666667, 25.613], [93.51416666666667, 25.61825], [93.509, 25.61825]]]}, "properties": {"class_value": 1, "class_name": "Stable"}}, {"type": "Feature", "geometry": {"type": "Polygon", "coordinates": [[[93.5555, 25.61825], [93.5555, 25.613], [93.56066666666666, 25.613], [93.56066666666666, 25.61825], [93.5555, 25.61825]]]}, "properties": {"class_value": 1, "class_name": "Stable"}}, {"type": "Feature", "geometry": {"type": "Polygon", "coordinates": [[[93.76216666666666, 25.61825], [93.76216666666666, 25.613], [93.76733333333333, 25.613], [93.76733333333333, 25.61825], [93.76216666666666, 25.61825]]]}, "properties": {"class_value": 5, "class_name": "Uncertain / Other"}}, {"type": "Feature", "geometry": {"type": "Polygon", "coordinates": [[[93.79316666666666, 25.61825], [93.79316666666666, 25.613], [93.79833333333333, 25.613], [93.79833333333333, 25.61825], [93.79316666666666, 25.61825]]]}, "properties": {"class_value": 1, "class_name": "Stable"}}, {"type": "Feature", "geometry": {"type": "Polygon", "coordinates": [[[92.32066666666667, 25.613], [92.32066666666667, 25.607750000000003], [92.32583333333334, 25.607750000000003], [92.32583333333334, 25.613], [92.32066666666667, 25.613]]]}, "properties": {"class_value": 1, "class_name": "Stable"}}, {"type": "Feature", "geometry": {"type": "Polygon", "coordinates": [[[92.52733333333333, 25.613], [92.52733333333333, 25.607750000000003], [92.5325, 25.607750000000003], [92.5325, 25.613], [92.52733333333333, 25.613]]]}, "properties": {"class_value": 1, "class_name": "Stable"}}, {"type": "Feature", "geometry": {"type": "Polygon", "coordinates": [[[92.66683333333333, 25.613], [92.66683333333333, 25.607750000000003], [92.672, 25.607750000000003], [92.672, 25.613], [92.66683333333333, 25.613]]]}, "properties": {"class_value": 1, "class_name": "Stable"}}, {"type": "Feature", "geometry": {"type": "Polygon", "coordinates": [[[92.7495, 25.613], [92.7495, 25.607750000000003], [92.75466666666667, 25.607750000000003], [92.75466666666667, 25.613], [92.7495, 25.613]]]}, "properties": {"class_value": 1, "class_name": "Stable"}}, {"type": "Feature", "geometry": {"type": "Polygon", "coordinates": [[[92.79599999999999, 25.613], [92.79599999999999, 25.607750000000003], [92.80116666666666, 25.607750000000003], [92.80116666666666, 25.613], [92.79599999999999, 25.613]]]}, "properties": {"class_value": 1, "class_name": "Stable"}}, {"type": "Feature", "geometry": {"type": "Polygon", "coordinates": [[[92.82183333333333, 25.613], [92.82183333333333, 25.607750000000003], [92.827, 25.607750000000003], [92.827, 25.613], [92.82183333333333, 25.613]]]}, "properties": {"class_value": 1, "class_name": "Stable"}}, {"type": "Feature", "geometry": {"type": "Polygon", "coordinates": [[[92.87866666666666, 25.613], [92.87866666666666, 25.607750000000003], [92.88383333333333, 25.607750000000003], [92.88383333333333, 25.613], [92.87866666666666, 25.613]]]}, "properties": {"class_value": 1, "class_name": "Stable"}}, {"type": "Feature", "geometry": {"type": "Polygon", "coordinates": [[[92.89933333333333, 25.613], [92.89933333333333, 25.607750000000003], [92.9045, 25.607750000000003], [92.9045, 25.613], [92.89933333333333, 25.613]]]}, "properties": {"class_value": 1, "class_name": "Stable"}}, {"type": "Feature", "geometry": {"type": "Polygon", "coordinates": [[[93.17833333333333, 25.613], [93.17833333333333, 25.607750000000003], [93.1835, 25.607750000000003], [93.1835, 25.613], [93.17833333333333, 25.613]]]}, "properties": {"class_value": 1, "class_name": "Stable"}}, {"type": "Feature", "geometry": {"type": "Polygon", "coordinates": [[[93.21966666666667, 25.613], [93.21966666666667, 25.607750000000003], [93.23, 25.607750000000003], [93.23, 25.613], [93.21966666666667, 25.613]]]}, "properties": {"class_value": 1, "class_name": "Stable"}}, {"type": "Feature", "geometry": {"type": "Polygon", "coordinates": [[[93.323, 25.613], [93.323, 25.607750000000003], [93.32816666666666, 25.607750000000003], [93.32816666666666, 25.613], [93.323, 25.613]]]}, "properties": {"class_value": 1, "class_name": "Stable"}}, {"type": "Feature", "geometry": {"type": "Polygon", "coordinates": [[[93.478, 25.613], [93.478, 25.607750000000003], [93.48316666666666, 25.607750000000003], [93.48316666666666, 25.613], [93.478, 25.613]]]}, "properties": {"class_value": 1, "class_name": "Stable"}}, {"type": "Feature", "geometry": {"type": "Polygon", "coordinates": [[[93.65883333333333, 25.613], [93.65883333333333, 25.607750000000003], [93.664, 25.607750000000003], [93.664, 25.613], [93.65883333333333, 25.613]]]}, "properties": {"class_value": 1, "class_name": "Stable"}}, {"type": "Feature", "geometry": {"type": "Polygon", "coordinates": [[[93.75183333333334, 25.613], [93.75183333333334, 25.607750000000003], [93.75699999999999, 25.607750000000003], [93.75699999999999, 25.613], [93.75183333333334, 25.613]]]}, "properties": {"class_value": 1, "class_name": "Stable"}}, {"type": "Feature", "geometry": {"type": "Polygon", "coordinates": [[[92.3775, 25.613], [92.3775, 25.602500000000003], [92.38266666666667, 25.602500000000003], [92.38266666666667, 25.613], [92.3775, 25.613]]]}, "properties": {"class_value": 1, "class_name": "Stable"}}, {"type": "Feature", "geometry": {"type": "Polygon", "coordinates": [[[92.53766666666667, 25.607750000000003], [92.53766666666667, 25.602500000000003], [92.54283333333333, 25.602500000000003], [92.54283333333333, 25.607750000000003], [92.53766666666667, 25.607750000000003]]]}, "properties": {"class_value": 1, "class_name": "Stable"}}, {"type": "Feature", "geometry": {"type": "Polygon", "coordinates": [[[92.55316666666667, 25.607750000000003], [92.55316666666667, 25.602500000000003], [92.55833333333334, 25.602500000000003], [92.55833333333334, 25.607750000000003], [92.55316666666667, 25.607750000000003]]]}, "properties": {"class_value": 1, "class_name": "Stable"}}, {"type": "Feature", "geometry": {"type": "Polygon", "coordinates": [[[92.74433333333333, 25.607750000000003], [92.74433333333333, 25.602500000000003], [92.7495, 25.602500000000003], [92.7495, 25.607750000000003], [92.74433333333333, 25.607750000000003]]]}, "properties": {"class_value": 1, "class_name": "Stable"}}, {"type": "Feature", "geometry": {"type": "Polygon", "coordinates": [[[93.075, 25.607750000000003], [93.075, 25.602500000000003], [93.08016666666667, 25.602500000000003], [93.08016666666667, 25.607750000000003], [93.075, 25.607750000000003]]]}, "properties": {"class_value": 1, "class_name": "Stable"}}, {"type": "Feature", "geometry": {"type": "Polygon", "coordinates": [[[93.14216666666667, 25.607750000000003], [93.14216666666667, 25.602500000000003], [93.14733333333334, 25.602500000000003], [93.14733333333334, 25.607750000000003], [93.14216666666667, 25.607750000000003]]]}, "properties": {"class_value": 1, "class_name": "Stable"}}, {"type": "Feature", "geometry": {"type": "Polygon", "coordinates": [[[93.2145, 25.607750000000003], [93.2145, 25.602500000000003], [93.21966666666667, 25.602500000000003], [93.21966666666667, 25.607750000000003], [93.2145, 25.607750000000003]]]}, "properties": {"class_value": 1, "class_name": "Stable"}}, {"type": "Feature", "geometry": {"type": "Polygon", "coordinates": [[[93.38499999999999, 25.607750000000003], [93.38499999999999, 25.602500000000003], [93.39016666666666, 25.602500000000003], [93.39016666666666, 25.607750000000003], [93.38499999999999, 25.607750000000003]]]}, "properties": {"class_value": 1, "class_name": "Stable"}}, {"type": "Feature", "geometry": {"type": "Polygon", "coordinates": [[[93.41083333333333, 25.607750000000003], [93.41083333333333, 25.602500000000003], [93.416, 25.602500000000003], [93.416, 25.607750000000003], [93.41083333333333, 25.607750000000003]]]}, "properties": {"class_value": 1, "class_name": "Stable"}}, {"type": "Feature", "geometry": {"type": "Polygon", "coordinates": [[[93.54516666666666, 25.607750000000003], [93.54516666666666, 25.602500000000003], [93.55033333333333, 25.602500000000003], [93.55033333333333, 25.607750000000003], [93.54516666666666, 25.607750000000003]]]}, "properties": {"class_value": 1, "class_name": "Stable"}}, {"type": "Feature", "geometry": {"type": "Polygon", "coordinates": [[[93.56066666666666, 25.607750000000003], [93.56066666666666, 25.602500000000003], [93.56583333333333, 25.602500000000003], [93.56583333333333, 25.607750000000003], [93.56066666666666, 25.607750000000003]]]}, "properties": {"class_value": 1, "class_name": "Stable"}}, {"type": "Feature", "geometry": {"type": "Polygon", "coordinates": [[[93.57616666666667, 25.607750000000003], [93.57616666666667, 25.602500000000003], [93.58133333333333, 25.602500000000003], [93.58133333333333, 25.607750000000003], [93.57616666666667, 25.607750000000003]]]}, "properties": {"class_value": 1, "class_name": "Stable"}}, {"type": "Feature", "geometry": {"type": "Polygon", "coordinates": [[[93.62266666666666, 25.607750000000003], [93.62266666666666, 25.602500000000003], [93.62783333333333, 25.602500000000003], [93.62783333333333, 25.607750000000003], [93.62266666666666, 25.607750000000003]]]}, "properties": {"class_value": 1, "class_name": "Stable"}}, {"type": "Feature", "geometry": {"type": "Polygon", "coordinates": [[[93.695, 25.607750000000003], [93.695, 25.602500000000003], [93.70016666666666, 25.602500000000003], [93.70016666666666, 25.607750000000003], [93.695, 25.607750000000003]]]}, "properties": {"class_value": 1, "class_name": "Stable"}}, {"type": "Feature", "geometry": {"type": "Polygon", "coordinates": [[[93.80866666666667, 25.607750000000003], [93.80866666666667, 25.602500000000003], [93.81383333333333, 25.602500000000003], [93.81383333333333, 25.607750000000003], [93.80866666666667, 25.607750000000003]]]}, "properties": {"class_value": 1, "class_name": "Stable"}}, {"type": "Feature", "geometry": {"type": "Polygon", "coordinates": [[[92.3, 25.602500000000003], [92.3, 25.597250000000003], [92.30516666666666, 25.597250000000003], [92.30516666666666, 25.602500000000003], [92.3, 25.602500000000003]]]}, "properties": {"class_value": 1, "class_name": "Stable"}}, {"type": "Feature", "geometry": {"type": "Polygon", "coordinates": [[[92.33616666666667, 25.602500000000003], [92.33616666666667, 25.597250000000003], [92.34133333333332, 25.597250000000003], [92.34133333333332, 25.602500000000003], [92.33616666666667, 25.602500000000003]]]}, "properties": {"class_value": 5, "class_name": "Uncertain / Other"}}, {"type": "Feature", "geometry": {"type": "Polygon", "coordinates": [[[92.42916666666666, 25.602500000000003], [92.42916666666666, 25.597250000000003], [92.43433333333333, 25.597250000000003], [92.43433333333333, 25.602500000000003], [92.42916666666666, 25.602500000000003]]]}, "properties": {"class_value": 1, "class_name": "Stable"}}, {"type": "Feature", "geometry": {"type": "Polygon", "coordinates": [[[92.52733333333333, 25.602500000000003], [92.52733333333333, 25.597250000000003], [92.5325, 25.597250000000003], [92.5325, 25.602500000000003], [92.52733333333333, 25.602500000000003]]]}, "properties": {"class_value": 1, "class_name": "Stable"}}, {"type": "Feature", "geometry": {"type": "Polygon", "coordinates": [[[92.58416666666666, 25.602500000000003], [92.58416666666666, 25.597250000000003], [92.58933333333333, 25.597250000000003], [92.58933333333333, 25.602500000000003], [92.58416666666666, 25.602500000000003]]]}, "properties": {"class_value": 1, "class_name": "Stable"}}, {"type": "Feature", "geometry": {"type": "Polygon", "coordinates": [[[92.66683333333333, 25.602500000000003], [92.66683333333333, 25.597250000000003], [92.672, 25.597250000000003], [92.672, 25.602500000000003], [92.66683333333333, 25.602500000000003]]]}, "properties": {"class_value": 1, "class_name": "Stable"}}, {"type": "Feature", "geometry": {"type": "Polygon", "coordinates": [[[93.04916666666666, 25.602500000000003], [93.04916666666666, 25.597250000000003], [93.05433333333333, 25.597250000000003], [93.05433333333333, 25.602500000000003], [93.04916666666666, 25.602500000000003]]]}, "properties": {"class_value": 1, "class_name": "Stable"}}, {"type": "Feature", "geometry": {"type": "Polygon", "coordinates": [[[93.1525, 25.602500000000003], [93.1525, 25.597250000000003], [93.15766666666666, 25.597250000000003], [93.15766666666666, 25.602500000000003], [93.1525, 25.602500000000003]]]}, "properties": {"class_value": 1, "class_name": "Stable"}}, {"type": "Feature", "geometry": {"type": "Polygon", "coordinates": [[[93.25066666666666, 25.602500000000003], [93.25066666666666, 25.597250000000003], [93.25583333333333, 25.597250000000003], [93.25583333333333, 25.602500000000003], [93.25066666666666, 25.602500000000003]]]}, "properties": {"class_value": 1, "class_name": "Stable"}}, {"type": "Feature", "geometry": {"type": "Polygon", "coordinates": [[[93.27133333333333, 25.602500000000003], [93.27133333333333, 25.597250000000003], [93.2765, 25.597250000000003], [93.2765, 25.602500000000003], [93.27133333333333, 25.602500000000003]]]}, "properties": {"class_value": 1, "class_name": "Stable"}}, {"type": "Feature", "geometry": {"type": "Polygon", "coordinates": [[[93.46249999999999, 25.602500000000003], [93.46249999999999, 25.597250000000003], [93.46766666666666, 25.597250000000003], [93.46766666666666, 25.602500000000003], [93.46249999999999, 25.602500000000003]]]}, "properties": {"class_value": 1, "class_name": "Stable"}}, {"type": "Feature", "geometry": {"type": "Polygon", "coordinates": [[[93.59683333333334, 25.602500000000003], [93.59683333333334, 25.597250000000003], [93.602, 25.597250000000003], [93.602, 25.602500000000003], [93.59683333333334, 25.602500000000003]]]}, "properties": {"class_value": 1, "class_name": "Stable"}}, {"type": "Feature", "geometry": {"type": "Polygon", "coordinates": [[[93.63816666666666, 25.602500000000003], [93.63816666666666, 25.597250000000003], [93.64333333333333, 25.597250000000003], [93.64333333333333, 25.602500000000003], [93.63816666666666, 25.602500000000003]]]}, "properties": {"class_value": 1, "class_name": "Stable"}}, {"type": "Feature", "geometry": {"type": "Polygon", "coordinates": [[[93.664, 25.602500000000003], [93.664, 25.597250000000003], [93.66916666666667, 25.597250000000003], [93.66916666666667, 25.602500000000003], [93.664, 25.602500000000003]]]}, "properties": {"class_value": 5, "class_name": "Uncertain / Other"}}, {"type": "Feature", "geometry": {"type": "Polygon", "coordinates": [[[93.7105, 25.602500000000003], [93.7105, 25.597250000000003], [93.71566666666666, 25.597250000000003], [93.71566666666666, 25.602500000000003], [93.7105, 25.602500000000003]]]}, "properties": {"class_value": 1, "class_name": "Stable"}}, {"type": "Feature", "geometry": {"type": "Polygon", "coordinates": [[[93.72083333333333, 25.602500000000003], [93.72083333333333, 25.597250000000003], [93.726, 25.597250000000003], [93.726, 25.602500000000003], [93.72083333333333, 25.602500000000003]]]}, "properties": {"class_value": 1, "class_name": "Stable"}}, {"type": "Feature", "geometry": {"type": "Polygon", "coordinates": [[[93.75183333333334, 25.602500000000003], [93.75183333333334, 25.597250000000003], [93.75699999999999, 25.597250000000003], [93.75699999999999, 25.602500000000003], [93.75183333333334, 25.602500000000003]]]}, "properties": {"class_value": 1, "class_name": "Stable"}}, {"type": "Feature", "geometry": {"type": "Polygon", "coordinates": [[[93.79833333333333, 25.602500000000003], [93.79833333333333, 25.597250000000003], [93.8035, 25.597250000000003], [93.8035, 25.602500000000003], [93.79833333333333, 25.602500000000003]]]}, "properties": {"class_value": 1, "class_name": "Stable"}}, {"type": "Feature", "geometry": {"type": "Polygon", "coordinates": [[[92.4395, 25.597250000000003], [92.4395, 25.592000000000002], [92.44466666666666, 25.592000000000002], [92.44466666666666, 25.597250000000003], [92.4395, 25.597250000000003]]]}, "properties": {"class_value": 1, "class_name": "Stable"}}, {"type": "Feature", "geometry": {"type": "Polygon", "coordinates": [[[92.4705, 25.597250000000003], [92.4705, 25.592000000000002], [92.47566666666667, 25.592000000000002], [92.47566666666667, 25.597250000000003], [92.4705, 25.597250000000003]]]}, "properties": {"class_value": 1, "class_name": "Stable"}}, {"type": "Feature", "geometry": {"type": "Polygon", "coordinates": [[[92.5945, 25.597250000000003], [92.5945, 25.592000000000002], [92.59966666666666, 25.592000000000002], [92.59966666666666, 25.597250000000003], [92.5945, 25.597250000000003]]]}, "properties": {"class_value": 1, "class_name": "Stable"}}, {"type": "Feature", "geometry": {"type": "Polygon", "coordinates": [[[92.69783333333334, 25.597250000000003], [92.69783333333334, 25.592000000000002], [92.703, 25.592000000000002], [92.703, 25.597250000000003], [92.69783333333334, 25.597250000000003]]]}, "properties": {"class_value": 1, "class_name": "Stable"}}, {"type": "Feature", "geometry": {"type": "Polygon", "coordinates": [[[92.79083333333332, 25.597250000000003], [92.79083333333332, 25.592000000000002], [92.79599999999999, 25.592000000000002], [92.79599999999999, 25.597250000000003], [92.79083333333332, 25.597250000000003]]]}, "properties": {"class_value": 1, "class_name": "Stable"}}, {"type": "Feature", "geometry": {"type": "Polygon", "coordinates": [[[92.97683333333333, 25.597250000000003], [92.97683333333333, 25.592000000000002], [92.982, 25.592000000000002], [92.982, 25.597250000000003], [92.97683333333333, 25.597250000000003]]]}, "properties": {"class_value": 2, "class_name": "Degrading"}}, {"type": "Feature", "geometry": {"type": "Polygon", "coordinates": [[[92.982, 25.597250000000003], [92.982, 25.592000000000002], [92.98716666666667, 25.592000000000002], [92.98716666666667, 25.597250000000003], [92.982, 25.597250000000003]]]}, "properties": {"class_value": 1, "class_name": "Stable"}}, {"type": "Feature", "geometry": {"type": "Polygon", "coordinates": [[[93.08533333333332, 25.597250000000003], [93.08533333333332, 25.592000000000002], [93.09566666666666, 25.592000000000002], [93.09566666666666, 25.597250000000003], [93.08533333333332, 25.597250000000003]]]}, "properties": {"class_value": 1, "class_name": "Stable"}}, {"type": "Feature", "geometry": {"type": "Polygon", "coordinates": [[[93.11633333333333, 25.597250000000003], [93.11633333333333, 25.592000000000002], [93.1215, 25.592000000000002], [93.1215, 25.597250000000003], [93.11633333333333, 25.597250000000003]]]}, "properties": {"class_value": 1, "class_name": "Stable"}}, {"type": "Feature", "geometry": {"type": "Polygon", "coordinates": [[[93.17316666666666, 25.597250000000003], [93.17316666666666, 25.592000000000002], [93.17833333333333, 25.592000000000002], [93.17833333333333, 25.597250000000003], [93.17316666666666, 25.597250000000003]]]}, "properties": {"class_value": 1, "class_name": "Stable"}}, {"type": "Feature", "geometry": {"type": "Polygon", "coordinates": [[[93.2145, 25.597250000000003], [93.2145, 25.592000000000002], [93.21966666666667, 25.592000000000002], [93.21966666666667, 25.597250000000003], [93.2145, 25.597250000000003]]]}, "properties": {"class_value": 5, "class_name": "Uncertain / Other"}}, {"type": "Feature", "geometry": {"type": "Polygon", "coordinates": [[[93.23, 25.597250000000003], [93.23, 25.592000000000002], [93.23516666666666, 25.592000000000002], [93.23516666666666, 25.597250000000003], [93.23, 25.597250000000003]]]}, "properties": {"class_value": 1, "class_name": "Stable"}}, {"type": "Feature", "geometry": {"type": "Polygon", "coordinates": [[[93.24549999999999, 25.597250000000003], [93.24549999999999, 25.592000000000002], [93.25066666666666, 25.592000000000002], [93.25066666666666, 25.597250000000003], [93.24549999999999, 25.597250000000003]]]}, "properties": {"class_value": 1, "class_name": "Stable"}}, {"type": "Feature", "geometry": {"type": "Polygon", "coordinates": [[[93.447, 25.597250000000003], [93.447, 25.592000000000002], [93.45216666666667, 25.592000000000002], [93.45216666666667, 25.597250000000003], [93.447, 25.597250000000003]]]}, "properties": {"class_value": 1, "class_name": "Stable"}}, {"type": "Feature", "geometry": {"type": "Polygon", "coordinates": [[[93.45733333333332, 25.597250000000003], [93.45733333333332, 25.592000000000002], [93.46249999999999, 25.592000000000002], [93.46249999999999, 25.597250000000003], [93.45733333333332, 25.597250000000003]]]}, "properties": {"class_value": 1, "class_name": "Stable"}}, {"type": "Feature", "geometry": {"type": "Polygon", "coordinates": [[[93.509, 25.597250000000003], [93.509, 25.592000000000002], [93.51416666666667, 25.592000000000002], [93.51416666666667, 25.597250000000003], [93.509, 25.597250000000003]]]}, "properties": {"class_value": 1, "class_name": "Stable"}}, {"type": "Feature", "geometry": {"type": "Polygon", "coordinates": [[[93.53999999999999, 25.597250000000003], [93.53999999999999, 25.592000000000002], [93.54516666666666, 25.592000000000002], [93.54516666666666, 25.597250000000003], [93.53999999999999, 25.597250000000003]]]}, "properties": {"class_value": 1, "class_name": "Stable"}}, {"type": "Feature", "geometry": {"type": "Polygon", "coordinates": [[[93.62266666666666, 25.597250000000003], [93.62266666666666, 25.592000000000002], [93.62783333333333, 25.592000000000002], [93.62783333333333, 25.597250000000003], [93.62266666666666, 25.597250000000003]]]}, "properties": {"class_value": 1, "class_name": "Stable"}}, {"type": "Feature", "geometry": {"type": "Polygon", "coordinates": [[[92.393, 25.592000000000002], [92.393, 25.586750000000002], [92.39816666666667, 25.586750000000002], [92.39816666666667, 25.592000000000002], [92.393, 25.592000000000002]]]}, "properties": {"class_value": 1, "class_name": "Stable"}}, {"type": "Feature", "geometry": {"type": "Polygon", "coordinates": [[[92.5015, 25.592000000000002], [92.5015, 25.586750000000002], [92.50666666666666, 25.586750000000002], [92.50666666666666, 25.592000000000002], [92.5015, 25.592000000000002]]]}, "properties": {"class_value": 1, "class_name": "Stable"}}, {"type": "Feature", "geometry": {"type": "Polygon", "coordinates": [[[92.517, 25.592000000000002], [92.517, 25.586750000000002], [92.52216666666666, 25.586750000000002], [92.52216666666666, 25.592000000000002], [92.517, 25.592000000000002]]]}, "properties": {"class_value": 1, "class_name": "Stable"}}, {"type": "Feature", "geometry": {"type": "Polygon", "coordinates": [[[92.703, 25.592000000000002], [92.703, 25.586750000000002], [92.70816666666667, 25.586750000000002], [92.70816666666667, 25.592000000000002], [92.703, 25.592000000000002]]]}, "properties": {"class_value": 1, "class_name": "Stable"}}, {"type": "Feature", "geometry": {"type": "Polygon", "coordinates": [[[92.827, 25.592000000000002], [92.827, 25.586750000000002], [92.83216666666667, 25.586750000000002], [92.83216666666667, 25.592000000000002], [92.827, 25.592000000000002]]]}, "properties": {"class_value": 1, "class_name": "Stable"}}, {"type": "Feature", "geometry": {"type": "Polygon", "coordinates": [[[92.8425, 25.592000000000002], [92.8425, 25.586750000000002], [92.84766666666667, 25.586750000000002], [92.84766666666667, 25.592000000000002], [92.8425, 25.592000000000002]]]}, "properties": {"class_value": 1, "class_name": "Stable"}}, {"type": "Feature", "geometry": {"type": "Polygon", "coordinates": [[[92.98716666666667, 25.592000000000002], [92.98716666666667, 25.586750000000002], [92.99233333333333, 25.586750000000002], [92.99233333333333, 25.592000000000002], [92.98716666666667, 25.592000000000002]]]}, "properties": {"class_value": 1, "class_name": "Stable"}}, {"type": "Feature", "geometry": {"type": "Polygon", "coordinates": [[[93.10083333333333, 25.592000000000002], [93.10083333333333, 25.586750000000002], [93.106, 25.586750000000002], [93.106, 25.592000000000002], [93.10083333333333, 25.592000000000002]]]}, "properties": {"class_value": 1, "class_name": "Stable"}}, {"type": "Feature", "geometry": {"type": "Polygon", "coordinates": [[[93.14733333333334, 25.592000000000002], [93.14733333333334, 25.586750000000002], [93.1525, 25.586750000000002], [93.1525, 25.592000000000002], [93.14733333333334, 25.592000000000002]]]}, "properties": {"class_value": 1, "class_name": "Stable"}}, {"type": "Feature", "geometry": {"type": "Polygon", "coordinates": [[[93.38499999999999, 25.592000000000002], [93.38499999999999, 25.586750000000002], [93.39016666666666, 25.586750000000002], [93.39016666666666, 25.592000000000002], [93.38499999999999, 25.592000000000002]]]}, "properties": {"class_value": 1, "class_name": "Stable"}}, {"type": "Feature", "geometry": {"type": "Polygon", "coordinates": [[[93.4315, 25.592000000000002], [93.4315, 25.586750000000002], [93.43666666666667, 25.586750000000002], [93.43666666666667, 25.592000000000002], [93.4315, 25.592000000000002]]]}, "properties": {"class_value": 1, "class_name": "Stable"}}, {"type": "Feature", "geometry": {"type": "Polygon", "coordinates": [[[93.67433333333334, 25.592000000000002], [93.67433333333334, 25.586750000000002], [93.67949999999999, 25.586750000000002], [93.67949999999999, 25.592000000000002], [93.67433333333334, 25.592000000000002]]]}, "properties": {"class_value": 1, "class_name": "Stable"}}, {"type": "Feature", "geometry": {"type": "Polygon", "coordinates": [[[93.73633333333333, 25.592000000000002], [93.73633333333333, 25.586750000000002], [93.7415, 25.586750000000002], [93.7415, 25.592000000000002], [93.73633333333333, 25.592000000000002]]]}, "properties": {"class_value": 1, "class_name": "Stable"}}, {"type": "Feature", "geometry": {"type": "Polygon", "coordinates": [[[92.6565, 25.592000000000002], [92.6565, 25.581500000000002], [92.66166666666666, 25.581500000000002], [92.66166666666666, 25.592000000000002], [92.6565, 25.592000000000002]]]}, "properties": {"class_value": 1, "class_name": "Stable"}}, {"type": "Feature", "geometry": {"type": "Polygon", "coordinates": [[[92.3, 25.586750000000002], [92.3, 25.581500000000002], [92.30516666666666, 25.581500000000002], [92.30516666666666, 25.586750000000002], [92.3, 25.586750000000002]]]}, "properties": {"class_value": 1, "class_name": "Stable"}}, {"type": "Feature", "geometry": {"type": "Polygon", "coordinates": [[[92.31033333333333, 25.586750000000002], [92.31033333333333, 25.581500000000002], [92.3155, 25.581500000000002], [92.3155, 25.586750000000002], [92.31033333333333, 25.586750000000002]]]}, "properties": {"class_value": 1, "class_name": "Stable"}}, {"type": "Feature", "geometry": {"type": "Polygon", "coordinates": [[[92.32583333333334, 25.586750000000002], [92.32583333333334, 25.581500000000002], [92.33616666666667, 25.581500000000002], [92.33616666666667, 25.586750000000002], [92.32583333333334, 25.586750000000002]]]}, "properties": {"class_value": 1, "class_name": "Stable"}}, {"type": "Feature", "geometry": {"type": "Polygon", "coordinates": [[[92.38783333333333, 25.586750000000002], [92.38783333333333, 25.581500000000002], [92.393, 25.581500000000002], [92.393, 25.586750000000002], [92.38783333333333, 25.586750000000002]]]}, "properties": {"class_value": 1, "class_name": "Stable"}}, {"type": "Feature", "geometry": {"type": "Polygon", "coordinates": [[[92.41366666666666, 25.586750000000002], [92.41366666666666, 25.581500000000002], [92.41883333333332, 25.581500000000002], [92.41883333333332, 25.586750000000002], [92.41366666666666, 25.586750000000002]]]}, "properties": {"class_value": 1, "class_name": "Stable"}}, {"type": "Feature", "geometry": {"type": "Polygon", "coordinates": [[[92.486, 25.586750000000002], [92.486, 25.581500000000002], [92.49116666666666, 25.581500000000002], [92.49116666666666, 25.586750000000002], [92.486, 25.586750000000002]]]}, "properties": {"class_value": 2, "class_name": "Degrading"}}, {"type": "Feature", "geometry": {"type": "Polygon", "coordinates": [[[92.55316666666667, 25.586750000000002], [92.55316666666667, 25.581500000000002], [92.55833333333334, 25.581500000000002], [92.55833333333334, 25.586750000000002], [92.55316666666667, 25.586750000000002]]]}, "properties": {"class_value": 1, "class_name": "Stable"}}, {"type": "Feature", "geometry": {"type": "Polygon", "coordinates": [[[92.56866666666666, 25.586750000000002], [92.56866666666666, 25.581500000000002], [92.57383333333333, 25.581500000000002], [92.57383333333333, 25.586750000000002], [92.56866666666666, 25.586750000000002]]]}, "properties": {"class_value": 1, "class_name": "Stable"}}, {"type": "Feature", "geometry": {"type": "Polygon", "coordinates": [[[92.60483333333333, 25.586750000000002], [92.60483333333333, 25.581500000000002], [92.61, 25.581500000000002], [92.61, 25.586750000000002], [92.60483333333333, 25.586750000000002]]]}, "properties": {"class_value": 1, "class_name": "Stable"}}, {"type": "Feature", "geometry": {"type": "Polygon", "coordinates": [[[92.66683333333333, 25.586750000000002], [92.66683333333333, 25.581500000000002], [92.672, 25.581500000000002], [92.672, 25.586750000000002], [92.66683333333333, 25.586750000000002]]]}, "properties": {"class_value": 1, "class_name": "Stable"}}, {"type": "Feature", "geometry": {"type": "Polygon", "coordinates": [[[92.75983333333333, 25.586750000000002], [92.75983333333333, 25.581500000000002], [92.765, 25.581500000000002], [92.765, 25.586750000000002], [92.75983333333333, 25.586750000000002]]]}, "properties": {"class_value": 1, "class_name": "Stable"}}, {"type": "Feature", "geometry": {"type": "Polygon", "coordinates": [[[92.77016666666667, 25.586750000000002], [92.77016666666667, 25.581500000000002], [92.77533333333334, 25.581500000000002], [92.77533333333334, 25.586750000000002], [92.77016666666667, 25.586750000000002]]]}, "properties": {"class_value": 1, "class_name": "Stable"}}, {"type": "Feature", "geometry": {"type": "Polygon", "coordinates": [[[92.93033333333334, 25.586750000000002], [92.93033333333334, 25.581500000000002], [92.93549999999999, 25.581500000000002], [92.93549999999999, 25.586750000000002], [92.93033333333334, 25.586750000000002]]]}, "properties": {"class_value": 1, "class_name": "Stable"}}, {"type": "Feature", "geometry": {"type": "Polygon", "coordinates": [[[93.08533333333332, 25.586750000000002], [93.08533333333332, 25.581500000000002], [93.09049999999999, 25.581500000000002], [93.09049999999999, 25.586750000000002], [93.08533333333332, 25.586750000000002]]]}, "properties": {"class_value": 1, "class_name": "Stable"}}, {"type": "Feature", "geometry": {"type": "Polygon", "coordinates": [[[93.22483333333334, 25.586750000000002], [93.22483333333334, 25.581500000000002], [93.23, 25.581500000000002], [93.23, 25.586750000000002], [93.22483333333334, 25.586750000000002]]]}, "properties": {"class_value": 1, "class_name": "Stable"}}, {"type": "Feature", "geometry": {"type": "Polygon", "coordinates": [[[93.64333333333333, 25.586750000000002], [93.64333333333333, 25.581500000000002], [93.6485, 25.581500000000002], [93.6485, 25.586750000000002], [93.64333333333333, 25.586750000000002]]]}, "properties": {"class_value": 1, "class_name": "Stable"}}, {"type": "Feature", "geometry": {"type": "Polygon", "coordinates": [[[93.73116666666667, 25.586750000000002], [93.73116666666667, 25.581500000000002], [93.73633333333333, 25.581500000000002], [93.73633333333333, 25.586750000000002], [93.73116666666667, 25.586750000000002]]]}, "properties": {"class_value": 1, "class_name": "Stable"}}, {"type": "Feature", "geometry": {"type": "Polygon", "coordinates": [[[93.81383333333333, 25.586750000000002], [93.81383333333333, 25.581500000000002], [93.819, 25.581500000000002], [93.819, 25.586750000000002], [93.81383333333333, 25.586750000000002]]]}, "properties": {"class_value": 1, "class_name": "Stable"}}, {"type": "Feature", "geometry": {"type": "Polygon", "coordinates": [[[93.83966666666666, 25.586750000000002], [93.83966666666666, 25.581500000000002], [93.84483333333333, 25.581500000000002], [93.84483333333333, 25.586750000000002], [93.83966666666666, 25.586750000000002]]]}, "properties": {"class_value": 1, "class_name": "Stable"}}, {"type": "Feature", "geometry": {"type": "Polygon", "coordinates": [[[92.44983333333333, 25.581500000000002], [92.44983333333333, 25.57625], [92.455, 25.57625], [92.455, 25.581500000000002], [92.44983333333333, 25.581500000000002]]]}, "properties": {"class_value": 1, "class_name": "Stable"}}, {"type": "Feature", "geometry": {"type": "Polygon", "coordinates": [[[92.65133333333333, 25.581500000000002], [92.65133333333333, 25.57625], [92.6565, 25.57625], [92.6565, 25.581500000000002], [92.65133333333333, 25.581500000000002]]]}, "properties": {"class_value": 1, "class_name": "Stable"}}, {"type": "Feature", "geometry": {"type": "Polygon", "coordinates": [[[92.703, 25.581500000000002], [92.703, 25.57625], [92.70816666666667, 25.57625], [92.70816666666667, 25.581500000000002], [92.703, 25.581500000000002]]]}, "properties": {"class_value": 1, "class_name": "Stable"}}, {"type": "Feature", "geometry": {"type": "Polygon", "coordinates": [[[93.03366666666666, 25.581500000000002], [93.03366666666666, 25.57625], [93.03883333333333, 25.57625], [93.03883333333333, 25.581500000000002], [93.03366666666666, 25.581500000000002]]]}, "properties": {"class_value": 1, "class_name": "Stable"}}, {"type": "Feature", "geometry": {"type": "Polygon", "coordinates": [[[93.075, 25.581500000000002], [93.075, 25.57625], [93.08016666666667, 25.57625], [93.08016666666667, 25.581500000000002], [93.075, 25.581500000000002]]]}, "properties": {"class_value": 1, "class_name": "Stable"}}, {"type": "Feature", "geometry": {"type": "Polygon", "coordinates": [[[93.15766666666666, 25.581500000000002], [93.15766666666666, 25.57625], [93.16283333333332, 25.57625], [93.16283333333332, 25.581500000000002], [93.15766666666666, 25.581500000000002]]]}, "properties": {"class_value": 1, "class_name": "Stable"}}, {"type": "Feature", "geometry": {"type": "Polygon", "coordinates": [[[93.5245, 25.581500000000002], [93.5245, 25.57625], [93.52966666666666, 25.57625], [93.52966666666666, 25.581500000000002], [93.5245, 25.581500000000002]]]}, "properties": {"class_value": 1, "class_name": "Stable"}}, {"type": "Feature", "geometry": {"type": "Polygon", "coordinates": [[[93.54516666666666, 25.581500000000002], [93.54516666666666, 25.57625], [93.55033333333333, 25.57625], [93.55033333333333, 25.581500000000002], [93.54516666666666, 25.581500000000002]]]}, "properties": {"class_value": 1, "class_name": "Stable"}}, {"type": "Feature", "geometry": {"type": "Polygon", "coordinates": [[[92.362, 25.57625], [92.362, 25.571], [92.37233333333333, 25.571], [92.37233333333333, 25.57625], [92.362, 25.57625]]]}, "properties": {"class_value": 1, "class_name": "Stable"}}, {"type": "Feature", "geometry": {"type": "Polygon", "coordinates": [[[92.39816666666667, 25.57625], [92.39816666666667, 25.571], [92.40333333333334, 25.571], [92.40333333333334, 25.57625], [92.39816666666667, 25.57625]]]}, "properties": {"class_value": 1, "class_name": "Stable"}}, {"type": "Feature", "geometry": {"type": "Polygon", "coordinates": [[[92.43433333333333, 25.57625], [92.43433333333333, 25.571], [92.4395, 25.571], [92.4395, 25.57625], [92.43433333333333, 25.57625]]]}, "properties": {"class_value": 2, "class_name": "Degrading"}}, {"type": "Feature", "geometry": {"type": "Polygon", "coordinates": [[[92.6875, 25.57625], [92.6875, 25.571], [92.69266666666667, 25.571], [92.69266666666667, 25.57625], [92.6875, 25.57625]]]}, "properties": {"class_value": 1, "class_name": "Stable"}}, {"type": "Feature", "geometry": {"type": "Polygon", "coordinates": [[[92.72883333333333, 25.57625], [92.72883333333333, 25.571], [92.734, 25.571], [92.734, 25.57625], [92.72883333333333, 25.57625]]]}, "properties": {"class_value": 1, "class_name": "Stable"}}, {"type": "Feature", "geometry": {"type": "Polygon", "coordinates": [[[92.77016666666667, 25.57625], [92.77016666666667, 25.571], [92.77533333333334, 25.571], [92.77533333333334, 25.57625], [92.77016666666667, 25.57625]]]}, "properties": {"class_value": 1, "class_name": "Stable"}}, {"type": "Feature", "geometry": {"type": "Polygon", "coordinates": [[[92.94583333333333, 25.57625], [92.94583333333333, 25.571], [92.951, 25.571], [92.951, 25.57625], [92.94583333333333, 25.57625]]]}, "properties": {"class_value": 1, "class_name": "Stable"}}, {"type": "Feature", "geometry": {"type": "Polygon", "coordinates": [[[92.982, 25.57625], [92.982, 25.571], [92.98716666666667, 25.571], [92.98716666666667, 25.57625], [92.982, 25.57625]]]}, "properties": {"class_value": 1, "class_name": "Stable"}}, {"type": "Feature", "geometry": {"type": "Polygon", "coordinates": [[[93.12666666666667, 25.57625], [93.12666666666667, 25.571], [93.13183333333333, 25.571], [93.13183333333333, 25.57625], [93.12666666666667, 25.57625]]]}, "properties": {"class_value": 1, "class_name": "Stable"}}, {"type": "Feature", "geometry": {"type": "Polygon", "coordinates": [[[93.16283333333332, 25.57625], [93.16283333333332, 25.571], [93.16799999999999, 25.571], [93.16799999999999, 25.57625], [93.16283333333332, 25.57625]]]}, "properties": {"class_value": 1, "class_name": "Stable"}}, {"type": "Feature", "geometry": {"type": "Polygon", "coordinates": [[[93.17316666666666, 25.57625], [93.17316666666666, 25.571], [93.17833333333333, 25.571], [93.17833333333333, 25.57625], [93.17316666666666, 25.57625]]]}, "properties": {"class_value": 1, "class_name": "Stable"}}, {"type": "Feature", "geometry": {"type": "Polygon", "coordinates": [[[93.199, 25.57625], [93.199, 25.571], [93.20416666666667, 25.571], [93.20416666666667, 25.57625], [93.199, 25.57625]]]}, "properties": {"class_value": 1, "class_name": "Stable"}}, {"type": "Feature", "geometry": {"type": "Polygon", "coordinates": [[[93.2145, 25.57625], [93.2145, 25.571], [93.21966666666667, 25.571], [93.21966666666667, 25.57625], [93.2145, 25.57625]]]}, "properties": {"class_value": 1, "class_name": "Stable"}}, {"type": "Feature", "geometry": {"type": "Polygon", "coordinates": [[[93.24033333333333, 25.57625], [93.24033333333333, 25.571], [93.24549999999999, 25.571], [93.24549999999999, 25.57625], [93.24033333333333, 25.57625]]]}, "properties": {"class_value": 1, "class_name": "Stable"}}, {"type": "Feature", "geometry": {"type": "Polygon", "coordinates": [[[93.261, 25.57625], [93.261, 25.571], [93.26616666666666, 25.571], [93.26616666666666, 25.57625], [93.261, 25.57625]]]}, "properties": {"class_value": 1, "class_name": "Stable"}}, {"type": "Feature", "geometry": {"type": "Polygon", "coordinates": [[[93.36433333333333, 25.57625], [93.36433333333333, 25.571], [93.3695, 25.571], [93.3695, 25.57625], [93.36433333333333, 25.57625]]]}, "properties": {"class_value": 1, "class_name": "Stable"}}, {"type": "Feature", "geometry": {"type": "Polygon", "coordinates": [[[93.416, 25.57625], [93.416, 25.571], [93.42116666666666, 25.571], [93.42116666666666, 25.57625], [93.416, 25.57625]]]}, "properties": {"class_value": 1, "class_name": "Stable"}}, {"type": "Feature", "geometry": {"type": "Polygon", "coordinates": [[[93.46766666666666, 25.57625], [93.46766666666666, 25.571], [93.47283333333333, 25.571], [93.47283333333333, 25.57625], [93.46766666666666, 25.57625]]]}, "properties": {"class_value": 1, "class_name": "Stable"}}, {"type": "Feature", "geometry": {"type": "Polygon", "coordinates": [[[92.43433333333333, 25.571], [92.43433333333333, 25.56575], [92.44466666666666, 25.56575], [92.44466666666666, 25.571], [92.43433333333333, 25.571]]]}, "properties": {"class_value": 1, "class_name": "Stable"}}, {"type": "Feature", "geometry": {"type": "Polygon", "coordinates": [[[92.83216666666667, 25.571], [92.83216666666667, 25.56575], [92.83733333333333, 25.56575], [92.83733333333333, 25.571], [92.83216666666667, 25.571]]]}, "properties": {"class_value": 5, "class_name": "Uncertain / Other"}}, {"type": "Feature", "geometry": {"type": "Polygon", "coordinates": [[[92.96133333333333, 25.571], [92.96133333333333, 25.56575], [92.9665, 25.56575], [92.9665, 25.571], [92.96133333333333, 25.571]]]}, "properties": {"class_value": 1, "class_name": "Stable"}}, {"type": "Feature", "geometry": {"type": "Polygon", "coordinates": [[[92.98716666666667, 25.571], [92.98716666666667, 25.56575], [92.99233333333333, 25.56575], [92.99233333333333, 25.571], [92.98716666666667, 25.571]]]}, "properties": {"class_value": 1, "class_name": "Stable"}}, {"type": "Feature", "geometry": {"type": "Polygon", "coordinates": [[[93.11633333333333, 25.571], [93.11633333333333, 25.56575], [93.1215, 25.56575], [93.1215, 25.571], [93.11633333333333, 25.571]]]}, "properties": {"class_value": 1, "class_name": "Stable"}}, {"type": "Feature", "geometry": {"type": "Polygon", "coordinates": [[[93.37466666666667, 25.571], [93.37466666666667, 25.56575], [93.37983333333334, 25.56575], [93.37983333333334, 25.571], [93.37466666666667, 25.571]]]}, "properties": {"class_value": 1, "class_name": "Stable"}}, {"type": "Feature", "geometry": {"type": "Polygon", "coordinates": [[[93.41083333333333, 25.571], [93.41083333333333, 25.56575], [93.416, 25.56575], [93.416, 25.571], [93.41083333333333, 25.571]]]}, "properties": {"class_value": 1, "class_name": "Stable"}}, {"type": "Feature", "geometry": {"type": "Polygon", "coordinates": [[[93.54516666666666, 25.571], [93.54516666666666, 25.56575], [93.55033333333333, 25.56575], [93.55033333333333, 25.571], [93.54516666666666, 25.571]]]}, "properties": {"class_value": 1, "class_name": "Stable"}}, {"type": "Feature", "geometry": {"type": "Polygon", "coordinates": [[[93.67433333333334, 25.571], [93.67433333333334, 25.56575], [93.67949999999999, 25.56575], [93.67949999999999, 25.571], [93.67433333333334, 25.571]]]}, "properties": {"class_value": 1, "class_name": "Stable"}}, {"type": "Feature", "geometry": {"type": "Polygon", "coordinates": [[[92.35683333333333, 25.56575], [92.35683333333333, 25.5605], [92.362, 25.5605], [92.362, 25.56575], [92.35683333333333, 25.56575]]]}, "properties": {"class_value": 1, "class_name": "Stable"}}, {"type": "Feature", "geometry": {"type": "Polygon", "coordinates": [[[92.39816666666667, 25.56575], [92.39816666666667, 25.5605], [92.40333333333334, 25.5605], [92.40333333333334, 25.56575], [92.39816666666667, 25.56575]]]}, "properties": {"class_value": 1, "class_name": "Stable"}}, {"type": "Feature", "geometry": {"type": "Polygon", "coordinates": [[[92.44466666666666, 25.56575], [92.44466666666666, 25.5605], [92.44983333333333, 25.5605], [92.44983333333333, 25.56575], [92.44466666666666, 25.56575]]]}, "properties": {"class_value": 1, "class_name": "Stable"}}, {"type": "Feature", "geometry": {"type": "Polygon", "coordinates": [[[92.46016666666667, 25.56575], [92.46016666666667, 25.5605], [92.46533333333333, 25.5605], [92.46533333333333, 25.56575], [92.46016666666667, 25.56575]]]}, "properties": {"class_value": 1, "class_name": "Stable"}}, {"type": "Feature", "geometry": {"type": "Polygon", "coordinates": [[[92.5015, 25.56575], [92.5015, 25.5605], [92.51183333333333, 25.5605], [92.51183333333333, 25.56575], [92.5015, 25.56575]]]}, "properties": {"class_value": 1, "class_name": "Stable"}}, {"type": "Feature", "geometry": {"type": "Polygon", "coordinates": [[[92.64616666666666, 25.56575], [92.64616666666666, 25.5605], [92.65133333333333, 25.5605], [92.65133333333333, 25.56575], [92.64616666666666, 25.56575]]]}, "properties": {"class_value": 1, "class_name": "Stable"}}, {"type": "Feature", "geometry": {"type": "Polygon", "coordinates": [[[92.74433333333333, 25.56575], [92.74433333333333, 25.5605], [92.7495, 25.5605], [92.7495, 25.56575], [92.74433333333333, 25.56575]]]}, "properties": {"class_value": 1, "class_name": "Stable"}}, {"type": "Feature", "geometry": {"type": "Polygon", "coordinates": [[[92.765, 25.56575], [92.765, 25.5605], [92.77016666666667, 25.5605], [92.77016666666667, 25.56575], [92.765, 25.56575]]]}, "properties": {"class_value": 1, "class_name": "Stable"}}, {"type": "Feature", "geometry": {"type": "Polygon", "coordinates": [[[93.04916666666666, 25.56575], [93.04916666666666, 25.5605], [93.05433333333333, 25.5605], [93.05433333333333, 25.56575], [93.04916666666666, 25.56575]]]}, "properties": {"class_value": 1, "class_name": "Stable"}}, {"type": "Feature", "geometry": {"type": "Polygon", "coordinates": [[[93.11116666666666, 25.56575], [93.11116666666666, 25.5605], [93.11633333333333, 25.5605], [93.11633333333333, 25.56575], [93.11116666666666, 25.56575]]]}, "properties": {"class_value": 1, "class_name": "Stable"}}, {"type": "Feature", "geometry": {"type": "Polygon", "coordinates": [[[93.16799999999999, 25.56575], [93.16799999999999, 25.5605], [93.17316666666666, 25.5605], [93.17316666666666, 25.56575], [93.16799999999999, 25.56575]]]}, "properties": {"class_value": 1, "class_name": "Stable"}}, {"type": "Feature", "geometry": {"type": "Polygon", "coordinates": [[[93.24549999999999, 25.56575], [93.24549999999999, 25.5605], [93.25066666666666, 25.5605], [93.25066666666666, 25.56575], [93.24549999999999, 25.56575]]]}, "properties": {"class_value": 1, "class_name": "Stable"}}, {"type": "Feature", "geometry": {"type": "Polygon", "coordinates": [[[93.45733333333332, 25.56575], [93.45733333333332, 25.5605], [93.46249999999999, 25.5605], [93.46249999999999, 25.56575], [93.45733333333332, 25.56575]]]}, "properties": {"class_value": 5, "class_name": "Uncertain / Other"}}, {"type": "Feature", "geometry": {"type": "Polygon", "coordinates": [[[93.60716666666666, 25.56575], [93.60716666666666, 25.5605], [93.61233333333332, 25.5605], [93.61233333333332, 25.56575], [93.60716666666666, 25.56575]]]}, "properties": {"class_value": 1, "class_name": "Stable"}}, {"type": "Feature", "geometry": {"type": "Polygon", "coordinates": [[[92.38266666666667, 25.5605], [92.38266666666667, 25.55525], [92.38783333333333, 25.55525], [92.38783333333333, 25.5605], [92.38266666666667, 25.5605]]]}, "properties": {"class_value": 1, "class_name": "Stable"}}, {"type": "Feature", "geometry": {"type": "Polygon", "coordinates": [[[92.40333333333334, 25.5605], [92.40333333333334, 25.55525], [92.4085, 25.55525], [92.4085, 25.5605], [92.40333333333334, 25.5605]]]}, "properties": {"class_value": 1, "class_name": "Stable"}}, {"type": "Feature", "geometry": {"type": "Polygon", "coordinates": [[[92.47566666666667, 25.5605], [92.47566666666667, 25.55525], [92.48083333333334, 25.55525], [92.48083333333334, 25.5605], [92.47566666666667, 25.5605]]]}, "properties": {"class_value": 5, "class_name": "Uncertain / Other"}}, {"type": "Feature", "geometry": {"type": "Polygon", "coordinates": [[[92.72366666666666, 25.5605], [92.72366666666666, 25.55525], [92.72883333333333, 25.55525], [92.72883333333333, 25.5605], [92.72366666666666, 25.5605]]]}, "properties": {"class_value": 1, "class_name": "Stable"}}, {"type": "Feature", "geometry": {"type": "Polygon", "coordinates": [[[93.24033333333333, 25.5605], [93.24033333333333, 25.55525], [93.24549999999999, 25.55525], [93.24549999999999, 25.5605], [93.24033333333333, 25.5605]]]}, "properties": {"class_value": 1, "class_name": "Stable"}}, {"type": "Feature", "geometry": {"type": "Polygon", "coordinates": [[[93.3695, 25.5605], [93.3695, 25.55525], [93.37466666666667, 25.55525], [93.37466666666667, 25.5605], [93.3695, 25.5605]]]}, "properties": {"class_value": 1, "class_name": "Stable"}}, {"type": "Feature", "geometry": {"type": "Polygon", "coordinates": [[[93.478, 25.5605], [93.478, 25.55525], [93.48316666666666, 25.55525], [93.48316666666666, 25.5605], [93.478, 25.5605]]]}, "properties": {"class_value": 1, "class_name": "Stable"}}, {"type": "Feature", "geometry": {"type": "Polygon", "coordinates": [[[93.51933333333334, 25.5605], [93.51933333333334, 25.55525], [93.5245, 25.55525], [93.5245, 25.5605], [93.51933333333334, 25.5605]]]}, "properties": {"class_value": 1, "class_name": "Stable"}}, {"type": "Feature", "geometry": {"type": "Polygon", "coordinates": [[[93.53483333333332, 25.5605], [93.53483333333332, 25.55525], [93.53999999999999, 25.55525], [93.53999999999999, 25.5605], [93.53483333333332, 25.5605]]]}, "properties": {"class_value": 1, "class_name": "Stable"}}, {"type": "Feature", "geometry": {"type": "Polygon", "coordinates": [[[93.57616666666667, 25.5605], [93.57616666666667, 25.55525], [93.58133333333333, 25.55525], [93.58133333333333, 25.5605], [93.57616666666667, 25.5605]]]}, "properties": {"class_value": 5, "class_name": "Uncertain / Other"}}, {"type": "Feature", "geometry": {"type": "Polygon", "coordinates": [[[93.72083333333333, 25.5605], [93.72083333333333, 25.55525], [93.726, 25.55525], [93.726, 25.5605], [93.72083333333333, 25.5605]]]}, "properties": {"class_value": 5, "class_name": "Uncertain / Other"}}, {"type": "Feature", "geometry": {"type": "Polygon", "coordinates": [[[93.82416666666667, 25.5605], [93.82416666666667, 25.55525], [93.82933333333332, 25.55525], [93.82933333333332, 25.5605], [93.82416666666667, 25.5605]]]}, "properties": {"class_value": 1, "class_name": "Stable"}}, {"type": "Feature", "geometry": {"type": "Polygon", "coordinates": [[[92.3, 25.55525], [92.3, 25.55], [92.30516666666666, 25.55], [92.30516666666666, 25.55525], [92.3, 25.55525]]]}, "properties": {"class_value": 1, "class_name": "Stable"}}, {"type": "Feature", "geometry": {"type": "Polygon", "coordinates": [[[92.42399999999999, 25.55525], [92.42399999999999, 25.55], [92.42916666666666, 25.55], [92.42916666666666, 25.55525], [92.42399999999999, 25.55525]]]}, "properties": {"class_value": 1, "class_name": "Stable"}}, {"type": "Feature", "geometry": {"type": "Polygon", "coordinates": [[[92.455, 25.55525], [92.455, 25.55], [92.46016666666667, 25.55], [92.46016666666667, 25.55525], [92.455, 25.55525]]]}, "properties": {"class_value": 1, "class_name": "Stable"}}, {"type": "Feature", "geometry": {"type": "Polygon", "coordinates": [[[92.49116666666666, 25.55525], [92.49116666666666, 25.55], [92.49633333333333, 25.55], [92.49633333333333, 25.55525], [92.49116666666666, 25.55525]]]}, "properties": {"class_value": 1, "class_name": "Stable"}}, {"type": "Feature", "geometry": {"type": "Polygon", "coordinates": [[[92.56866666666666, 25.55525], [92.56866666666666, 25.55], [92.57383333333333, 25.55], [92.57383333333333, 25.55525], [92.56866666666666, 25.55525]]]}, "properties": {"class_value": 1, "class_name": "Stable"}}, {"type": "Feature", "geometry": {"type": "Polygon", "coordinates": [[[92.61516666666667, 25.55525], [92.61516666666667, 25.55], [92.62033333333333, 25.55], [92.62033333333333, 25.55525], [92.61516666666667, 25.55525]]]}, "properties": {"class_value": 1, "class_name": "Stable"}}, {"type": "Feature", "geometry": {"type": "Polygon", "coordinates": [[[92.64099999999999, 25.55525], [92.64099999999999, 25.55], [92.64616666666666, 25.55], [92.64616666666666, 25.55525], [92.64099999999999, 25.55525]]]}, "properties": {"class_value": 1, "class_name": "Stable"}}, {"type": "Feature", "geometry": {"type": "Polygon", "coordinates": [[[92.672, 25.55525], [92.672, 25.55], [92.67716666666666, 25.55], [92.67716666666666, 25.55525], [92.672, 25.55525]]]}, "properties": {"class_value": 1, "class_name": "Stable"}}, {"type": "Feature", "geometry": {"type": "Polygon", "coordinates": [[[92.73916666666666, 25.55525], [92.73916666666666, 25.55], [92.74433333333333, 25.55], [92.74433333333333, 25.55525], [92.73916666666666, 25.55525]]]}, "properties": {"class_value": 5, "class_name": "Uncertain / Other"}}, {"type": "Feature", "geometry": {"type": "Polygon", "coordinates": [[[92.827, 25.55525], [92.827, 25.55], [92.83216666666667, 25.55], [92.83216666666667, 25.55525], [92.827, 25.55525]]]}, "properties": {"class_value": 5, "class_name": "Uncertain / Other"}}, {"type": "Feature", "geometry": {"type": "Polygon", "coordinates": [[[92.88383333333333, 25.55525], [92.88383333333333, 25.55], [92.889, 25.55], [92.889, 25.55525], [92.88383333333333, 25.55525]]]}, "properties": {"class_value": 1, "class_name": "Stable"}}, {"type": "Feature", "geometry": {"type": "Polygon", "coordinates": [[[93.02333333333333, 25.55525], [93.02333333333333, 25.55], [93.0285, 25.55], [93.0285, 25.55525], [93.02333333333333, 25.55525]]]}, "properties": {"class_value": 1, "class_name": "Stable"}}, {"type": "Feature", "geometry": {"type": "Polygon", "coordinates": [[[93.08533333333332, 25.55525], [93.08533333333332, 25.55], [93.09049999999999, 25.55], [93.09049999999999, 25.55525], [93.08533333333332, 25.55525]]]}, "properties": {"class_value": 5, "class_name": "Uncertain / Other"}}, {"type": "Feature", "geometry": {"type": "Polygon", "coordinates": [[[93.106, 25.55525], [93.106, 25.55], [93.11116666666666, 25.55], [93.11116666666666, 25.55525], [93.106, 25.55525]]]}, "properties": {"class_value": 1, "class_name": "Stable"}}, {"type": "Feature", "geometry": {"type": "Polygon", "coordinates": [[[93.11116666666666, 25.55525], [93.11116666666666, 25.55], [93.11633333333333, 25.55], [93.11633333333333, 25.55525], [93.11116666666666, 25.55525]]]}, "properties": {"class_value": 2, "class_name": "Degrading"}}, {"type": "Feature", "geometry": {"type": "Polygon", "coordinates": [[[93.20416666666667, 25.55525], [93.20416666666667, 25.55], [93.20933333333333, 25.55], [93.20933333333333, 25.55525], [93.20416666666667, 25.55525]]]}, "properties": {"class_value": 1, "class_name": "Stable"}}, {"type": "Feature", "geometry": {"type": "Polygon", "coordinates": [[[93.23516666666666, 25.55525], [93.23516666666666, 25.55], [93.24033333333333, 25.55], [93.24033333333333, 25.55525], [93.23516666666666, 25.55525]]]}, "properties": {"class_value": 1, "class_name": "Stable"}}, {"type": "Feature", "geometry": {"type": "Polygon", "coordinates": [[[93.33333333333333, 25.55525], [93.33333333333333, 25.55], [93.3385, 25.55], [93.3385, 25.55525], [93.33333333333333, 25.55525]]]}, "properties": {"class_value": 1, "class_name": "Stable"}}, {"type": "Feature", "geometry": {"type": "Polygon", "coordinates": [[[93.35916666666667, 25.55525], [93.35916666666667, 25.55], [93.36433333333333, 25.55], [93.36433333333333, 25.55525], [93.35916666666667, 25.55525]]]}, "properties": {"class_value": 1, "class_name": "Stable"}}, {"type": "Feature", "geometry": {"type": "Polygon", "coordinates": [[[93.49866666666667, 25.55525], [93.49866666666667, 25.55], [93.50383333333333, 25.55], [93.50383333333333, 25.55525], [93.49866666666667, 25.55525]]]}, "properties": {"class_value": 1, "class_name": "Stable"}}, {"type": "Feature", "geometry": {"type": "Polygon", "coordinates": [[[93.6485, 25.55525], [93.6485, 25.55], [93.65366666666667, 25.55], [93.65366666666667, 25.55525], [93.6485, 25.55525]]]}, "properties": {"class_value": 1, "class_name": "Stable"}}, {"type": "Feature", "geometry": {"type": "Polygon", "coordinates": [[[93.7105, 25.55525], [93.7105, 25.55], [93.71566666666666, 25.55], [93.71566666666666, 25.55525], [93.7105, 25.55525]]]}, "properties": {"class_value": 1, "class_name": "Stable"}}, {"type": "Feature", "geometry": {"type": "Polygon", "coordinates": [[[93.74666666666667, 25.55525], [93.74666666666667, 25.55], [93.75699999999999, 25.55], [93.75699999999999, 25.55525], [93.74666666666667, 25.55525]]]}, "properties": {"class_value": 1, "class_name": "Stable"}}]}