{
  "type": "FeatureCollection",
  "name": "Karbi_Anglong",
  "crs_of_coordinates": "EPSG:4326",
  "source": "geoBoundaries gbOpen, India ADM2",
  "features": [
    {
      "type": "Feature",
      "geometry": {
        "type": "MultiPolygon",
        "coordinates": [
          [
            [
              [
                93.77179,
                25.96216
              ],
              [
                93.77064,
                25.96254
              ],
              [
                93.76842,
                25.96328
              ],
              [
                93.76921,
                25.96445
              ],
              [
                93.77006,
                25.96571
              ],
              [
                93.77182,
                25.96653
              ],
              [
                93.77586,
                25.96795
              ],
              [
                93.77751,
                25.96748
              ],
              [
                93.77808,
                25.96732
              ],
              [
                93.77998,
                25.97334
              ],
              [
                93.78024,
                25.97417
              ],
              [
                93.78112,
                25.97695
              ],
              [
                93.78134,
                25.97767
              ],
              [
                93.78179,
                25.97909
              ],
              [
                93.78286,
                25.98019
              ],
              [
                93.78622,
                25.97889
              ],
              [
                93.78772,
                25.97634
              ],
              [
                93.78855,
                25.97493
              ],
              [
                93.78929,
                25.97367
              ],
              [
                93.79001,
                25.97378
              ],
              [
                93.79291,
                25.97421
              ],
              [
                93.79267,
                25.97701
              ],
              [
                93.79257,
                25.97817
              ],
              [
                93.79256,
                25.9783
              ],
              [
                93.79264,
                25.97826
              ],
              [
                93.79336,
                25.97791
              ],
              [
                93.79687,
                25.9762
              ],
              [
                93.80072,
                25.97727
              ],
              [
                93.80246,
                25.97695
              ],
              [
                93.80314,
                25.97682
              ],
              [
                93.80343,
                25.9797
              ],
              [
                93.80497,
                25.98231
              ],
              [
                93.80498,
                25.98233
              ],
              [
                93.8053,
                25.98287
              ],
              [
                93.80516,
                25.98307
              ],
              [
                93.80397,
                25.98477
              ],
              [
                93.8039,
                25.98472
              ],
              [
                93.80054,
                25.98237
              ],
              [
                93.79981,
                25.98186
              ],
              [
                93.79973,
                25.98169
              ],
              [
                93.799,
                25.98008
              ],
              [
                93.79676,
                25.98096
              ],
              [
                93.7964,
                25.9811
              ],
              [
                93.79639,
                25.98163
              ],
              [
                93.79631,
                25.9846
              ],
              [
                93.7957,
                25.98677
              ],
              [
                93.79494,
                25.98947
              ],
              [
                93.79424,
                25.99196
              ],
              [
                93.79502,
                25.99223
              ],
              [
                93.79608,
                25.9926
              ],
              [
                93.79808,
                25.9933
              ],
              [
                93.80007,
                25.99805
              ],
              [
                93.80643,
                25.99498
              ],
              [
                93.80323,
                26.00078
              ],
              [
                93.80102,
                26.00323
              ],
              [
                93.79745,
                26.00268
              ],
              [
                93.79601,
                26.0127
              ],
              [
                93.79585,
                26.01385
              ],
              [
                93.79508,
                26.01922
              ],
              [
                93.79499,
                26.01984
              ],
              [
                93.79487,
                26.02065
              ],
              [
                93.79601,
                26.02179
              ],
              [
                93.80216,
                26.02795
              ],
              [
                93.80424,
                26.03003
              ],
              [
                93.80421,
                26.03177
              ],
              [
                93.80414,
                26.0366
              ],
              [
                93.80411,
                26.03843
              ],
              [
                93.80407,
                26.04096
              ],
              [
                93.80399,
                26.04639
              ],
              [
                93.80398,
                26.04696
              ],
              [
                93.80397,
                26.04792
              ],
              [
                93.80393,
                26.05043
              ],
              [
                93.80388,
                26.05346
              ],
              [
                93.80541,
                26.05772
              ],
              [
                93.80585,
                26.05895
              ],
              [
                93.80615,
                26.05979
              ],
              [
                93.80758,
                26.06378
              ],
              [
                93.81139,
                26.07441
              ],
              [
                93.81353,
                26.08039
              ],
              [
                93.81408,
                26.08192
              ],
              [
                93.81417,
                26.08218
              ],
              [
                93.81434,
                26.08266
              ],
              [
                93.81903,
                26.09193
              ],
              [
                93.82155,
                26.09691
              ],
              [
                93.82498,
                26.1037
              ],
              [
                93.82887,
                26.11139
              ],
              [
                93.82948,
                26.11259
              ],
              [
                93.83309,
                26.12314
              ],
              [
                93.83341,
                26.12406
              ],
              [
                93.8361,
                26.13193
              ],
              [
                93.83611,
                26.13195
              ],
              [
                93.83849,
                26.13891
              ],
              [
                93.83942,
                26.14489
              ],
              [
                93.83968,
                26.14659
              ],
              [
                93.83969,
                26.14663
              ],
              [
                93.84004,
                26.14889
              ],
              [
                93.84027,
                26.15037
              ],
              [
                93.84076,
                26.15355
              ],
              [
                93.84093,
                26.1545
              ],
              [
                93.84101,
                26.15496
              ],
              [
                93.84103,
                26.15508
              ],
              [
                93.84106,
                26.15525
              ],
              [
                93.84139,
                26.15757
              ],
              [
                93.84221,
                26.16281
              ],
              [
                93.84242,
                26.16414
              ],
              [
                93.84258,
                26.16519
              ],
              [
                93.84296,
                26.16763
              ],
              [
                93.84309,
                26.16848
              ],
              [
                93.84344,
                26.17074
              ],
              [
                93.84354,
                26.17135
              ],
              [
                93.84556,
                26.18081
              ],
              [
                93.84669,
                26.18611
              ],
              [
                93.84684,
                26.18682
              ],
              [
                93.84707,
                26.18788
              ],
              [
                93.84733,
                26.18909
              ],
              [
                93.84913,
                26.19753
              ],
              [
                93.85011,
                26.20212
              ],
              [
                93.85039,
                26.20344
              ],
              [
                93.85095,
                26.20437
              ],
              [
                93.85201,
                26.20613
              ],
              [
                93.85247,
                26.20688
              ],
              [
                93.85375,
                26.20899
              ],
              [
                93.85582,
                26.21241
              ],
              [
                93.85657,
                26.21365
              ],
              [
                93.85689,
                26.21418
              ],
              [
                93.8589,
                26.2175
              ],
              [
                93.85967,
                26.21877
              ],
              [
                93.86162,
                26.222
              ],
              [
                93.86229,
                26.2231
              ],
              [
                93.86271,
                26.2238
              ],
              [
                93.86322,
                26.22464
              ],
              [
                93.86589,
                26.22904
              ],
              [
                93.86767,
                26.23291
              ],
              [
                93.86899,
                26.23579
              ],
              [
                93.86921,
                26.23627
              ],
              [
                93.86955,
                26.23701
              ],
              [
                93.86985,
                26.23766
              ],
              [
                93.87376,
                26.24618
              ],
              [
                93.87782,
                26.25503
              ],
              [
                93.87876,
                26.25709
              ],
              [
                93.87886,
                26.25732
              ],
              [
                93.8804,
                26.26067
              ],
              [
                93.88392,
                26.26834
              ],
              [
                93.88525,
                26.27281
              ],
              [
                93.88631,
                26.27637
              ],
              [
                93.88674,
                26.27782
              ],
              [
                93.88734,
                26.27984
              ],
              [
                93.88792,
                26.28179
              ],
              [
                93.88955,
                26.28725
              ],
              [
                93.89148,
                26.29375
              ],
              [
                93.89189,
                26.29513
              ],
              [
                93.89293,
                26.29862
              ],
              [
                93.89356,
                26.30041
              ],
              [
                93.89399,
                26.30163
              ],
              [
                93.8945,
                26.30308
              ],
              [
                93.89547,
                26.30583
              ],
              [
                93.89602,
                26.30741
              ],
              [
                93.89623,
                26.30802
              ],
              [
                93.89627,
                26.30812
              ],
              [
                93.89666,
                26.30924
              ],
              [
                93.89671,
                26.30937
              ],
              [
                93.89762,
                26.31196
              ],
              [
                93.89777,
                26.31429
              ],
              [
                93.89792,
                26.31648
              ],
              [
                93.89799,
                26.31747
              ],
              [
                93.8981,
                26.31913
              ],
              [
                93.8982,
                26.32072
              ],
              [
                93.89832,
                26.32251
              ],
              [
                93.89834,
                26.32278
              ],
              [
                93.89761,
                26.32563
              ],
              [
                93.89616,
                26.33129
              ],
              [
                93.89463,
                26.33725
              ],
              [
                93.89436,
                26.33683
              ],
              [
                93.89429,
                26.33631
              ],
              [
                93.89358,
                26.33615
              ],
              [
                93.89319,
                26.33606
              ],
              [
                93.89308,
                26.33603
              ],
              [
                93.893,
                26.33572
              ],
              [
                93.8929,
                26.33553
              ],
              [
                93.89177,
                26.33335
              ],
              [
                93.89169,
                26.333
              ],
              [
                93.88997,
                26.333
              ],
              [
                93.88962,
                26.33315
              ],
              [
                93.88886,
                26.33347
              ],
              [
                93.88882,
                26.3344
              ],
              [
                93.88899,
                26.33526
              ],
              [
                93.88987,
                26.33966
              ],
              [
                93.8904,
                26.34229
              ],
              [
                93.89004,
                26.34228
              ],
              [
                93.8867,
                26.34218
              ],
              [
                93.88585,
                26.34216
              ],
              [
                93.88416,
                26.34211
              ],
              [
                93.88431,
                26.3432
              ],
              [
                93.88442,
                26.34394
              ],
              [
                93.88482,
                26.34678
              ],
              [
                93.88515,
                26.34678
              ],
              [
                93.88612,
                26.34679
              ],
              [
                93.88889,
                26.34682
              ],
              [
                93.88842,
                26.34957
              ],
              [
                93.8875,
                26.35076
              ],
              [
                93.8864,
                26.35218
              ],
              [
                93.88519,
                26.35374
              ],
              [
                93.88505,
                26.35455
              ],
              [
                93.88497,
                26.35499
              ],
              [
                93.8848,
                26.35602
              ],
              [
                93.88556,
                26.3563
              ],
              [
                93.88626,
                26.35654
              ],
              [
                93.8877,
                26.35704
              ],
              [
                93.88769,
                26.35738
              ],
              [
                93.88765,
                26.35838
              ],
              [
                93.88761,
                26.35962
              ],
              [
                93.88754,
                26.36147
              ],
              [
                93.88722,
                26.36167
              ],
              [
                93.88592,
                26.36248
              ],
              [
                93.88584,
                26.36253
              ],
              [
                93.8852,
                26.36293
              ],
              [
                93.88465,
                26.36327
              ],
              [
                93.88914,
                26.36591
              ],
              [
                93.89015,
                26.36709
              ],
              [
                93.89091,
                26.36798
              ],
              [
                93.89135,
                26.36849
              ],
              [
                93.89192,
                26.36916
              ],
              [
                93.89258,
                26.37059
              ],
              [
                93.89293,
                26.37134
              ],
              [
                93.89347,
                26.37251
              ],
              [
                93.89099,
                26.37231
              ],
              [
                93.88971,
                26.37221
              ],
              [
                93.88769,
                26.37205
              ],
              [
                93.88668,
                26.37237
              ],
              [
                93.88456,
                26.37304
              ],
              [
                93.88202,
                26.37347
              ],
              [
                93.88108,
                26.37363
              ],
              [
                93.87265,
                26.37506
              ],
              [
                93.86625,
                26.37614
              ],
              [
                93.8594,
                26.37866
              ],
              [
                93.8524,
                26.38657
              ],
              [
                93.85111,
                26.38803
              ],
              [
                93.84498,
                26.39488
              ],
              [
                93.84066,
                26.39849
              ],
              [
                93.83713,
                26.39748
              ],
              [
                93.83643,
                26.39728
              ],
              [
                93.83561,
                26.39705
              ],
              [
                93.83455,
                26.39574
              ],
              [
                93.83336,
                26.39428
              ],
              [
                93.8314,
                26.39187
              ],
              [
                93.83092,
                26.39128
              ],
              [
                93.82914,
                26.39003
              ],
              [
                93.82911,
                26.39001
              ],
              [
                93.82732,
                26.38875
              ],
              [
                93.82716,
                26.38849
              ],
              [
                93.82329,
                26.38225
              ],
              [
                93.82263,
                26.38118
              ],
              [
                93.81398,
                26.37866
              ],
              [
                93.80749,
                26.37866
              ],
              [
                93.80565,
                26.37898
              ],
              [
                93.79919,
                26.3801
              ],
              [
                93.79728,
                26.38181
              ],
              [
                93.79582,
                26.38313
              ],
              [
                93.79274,
                26.3859
              ],
              [
                93.79105,
                26.38742
              ],
              [
                93.78875,
                26.38897
              ],
              [
                93.78802,
                26.38948
              ],
              [
                93.78468,
                26.38696
              ],
              [
                93.78041,
                26.38434
              ],
              [
                93.77838,
                26.3831
              ],
              [
                93.77582,
                26.3841
              ],
              [
                93.77714,
                26.38717
              ],
              [
                93.78006,
                26.38668
              ],
              [
                93.78622,
                26.39446
              ],
              [
                93.79046,
                26.39716
              ],
              [
                93.79076,
                26.398
              ],
              [
                93.7925,
                26.40284
              ],
              [
                93.79255,
                26.40299
              ],
              [
                93.79565,
                26.40521
              ],
              [
                93.79838,
                26.40599
              ],
              [
                93.80126,
                26.41028
              ],
              [
                93.79713,
                26.41
              ],
              [
                93.79638,
                26.4102
              ],
              [
                93.79379,
                26.41089
              ],
              [
                93.78938,
                26.41206
              ],
              [
                93.78799,
                26.41243
              ],
              [
                93.78665,
                26.41279
              ],
              [
                93.78643,
                26.41285
              ],
              [
                93.78504,
                26.41321
              ],
              [
                93.78494,
                26.41324
              ],
              [
                93.78437,
                26.41495
              ],
              [
                93.78411,
                26.41574
              ],
              [
                93.78406,
                26.41588
              ],
              [
                93.78379,
                26.41668
              ],
              [
                93.78323,
                26.41834
              ],
              [
                93.78279,
                26.42034
              ],
              [
                93.78229,
                26.42264
              ],
              [
                93.78331,
                26.42299
              ],
              [
                93.78504,
                26.42358
              ],
              [
                93.78858,
                26.42479
              ],
              [
                93.79483,
                26.42998
              ],
              [
                93.794,
                26.43294
              ],
              [
                93.79336,
                26.43519
              ],
              [
                93.79279,
                26.43514
              ],
              [
                93.78637,
                26.43454
              ],
              [
                93.78531,
                26.43797
              ],
              [
                93.78739,
                26.44019
              ],
              [
                93.78922,
                26.44048
              ],
              [
                93.792,
                26.44092
              ],
              [
                93.79274,
                26.44104
              ],
              [
                93.79324,
                26.44112
              ],
              [
                93.79155,
                26.44805
              ],
              [
                93.79098,
                26.4504
              ],
              [
                93.78718,
                26.45415
              ],
              [
                93.7879,
                26.45841
              ],
              [
                93.7874,
                26.46358
              ],
              [
                93.78584,
                26.46434
              ],
              [
                93.78471,
                26.46489
              ],
              [
                93.78356,
                26.46545
              ],
              [
                93.7825,
                26.46597
              ],
              [
                93.78152,
                26.46645
              ],
              [
                93.77844,
                26.46795
              ],
              [
                93.77686,
                26.46981
              ],
              [
                93.77673,
                26.46996
              ],
              [
                93.77544,
                26.47148
              ],
              [
                93.77244,
                26.47502
              ],
              [
                93.77247,
                26.47789
              ],
              [
                93.77491,
                26.47689
              ],
              [
                93.7769,
                26.4749
              ],
              [
                93.77904,
                26.47688
              ],
              [
                93.77909,
                26.47953
              ],
              [
                93.77879,
                26.48029
              ],
              [
                93.7785,
                26.48103
              ],
              [
                93.77666,
                26.4857
              ],
              [
                93.77588,
                26.4877
              ],
              [
                93.77392,
                26.49086
              ],
              [
                93.7738,
                26.49105
              ],
              [
                93.77206,
                26.49387
              ],
              [
                93.77165,
                26.49453
              ],
              [
                93.77061,
                26.4962
              ],
              [
                93.77022,
                26.49684
              ],
              [
                93.76957,
                26.49788
              ],
              [
                93.76827,
                26.49998
              ],
              [
                93.76815,
                26.50018
              ],
              [
                93.76748,
                26.50125
              ],
              [
                93.767,
                26.50203
              ],
              [
                93.76688,
                26.50259
              ],
              [
                93.766,
                26.50679
              ],
              [
                93.76216,
                26.50703
              ],
              [
                93.75821,
                26.50727
              ],
              [
                93.75767,
                26.50857
              ],
              [
                93.75658,
                26.51121
              ],
              [
                93.75632,
                26.51184
              ],
              [
                93.75833,
                26.51491
              ],
              [
                93.75707,
                26.51563
              ],
              [
                93.75557,
                26.51649
              ],
              [
                93.75555,
                26.51669
              ],
              [
                93.75543,
                26.51776
              ],
              [
                93.75515,
                26.52028
              ],
              [
                93.75824,
                26.52279
              ],
              [
                93.75846,
                26.52447
              ],
              [
                93.75878,
                26.52697
              ],
              [
                93.75883,
                26.52739
              ],
              [
                93.75532,
                26.52907
              ],
              [
                93.75178,
                26.53076
              ],
              [
                93.75122,
                26.53103
              ],
              [
                93.75108,
                26.5311
              ],
              [
                93.75091,
                26.53099
              ],
              [
                93.7471,
                26.52851
              ],
              [
                93.74595,
                26.53095
              ],
              [
                93.74568,
                26.53151
              ],
              [
                93.74267,
                26.5379
              ],
              [
                93.74064,
                26.53656
              ],
              [
                93.7388,
                26.53535
              ],
              [
                93.7376,
                26.53456
              ],
              [
                93.73715,
                26.53502
              ],
              [
                93.73674,
                26.53544
              ],
              [
                93.73451,
                26.53773
              ],
              [
                93.73495,
                26.54059
              ],
              [
                93.73499,
                26.54084
              ],
              [
                93.73915,
                26.54062
              ],
              [
                93.74021,
                26.54056
              ],
              [
                93.74107,
                26.54351
              ],
              [
                93.73976,
                26.54677
              ],
              [
                93.73968,
                26.54683
              ],
              [
                93.73768,
                26.54842
              ],
              [
                93.73591,
                26.54983
              ],
              [
                93.73597,
                26.55116
              ],
              [
                93.73601,
                26.55195
              ],
              [
                93.73661,
                26.55338
              ],
              [
                93.73793,
                26.55652
              ],
              [
                93.73759,
                26.55828
              ],
              [
                93.73744,
                26.55905
              ],
              [
                93.73734,
                26.55955
              ],
              [
                93.73726,
                26.55996
              ],
              [
                93.73877,
                26.56118
              ],
              [
                93.73916,
                26.56039
              ],
              [
                93.7393,
                26.56011
              ],
              [
                93.73982,
                26.55907
              ],
              [
                93.73987,
                26.55914
              ],
              [
                93.74093,
                26.56075
              ],
              [
                93.74168,
                26.56188
              ],
              [
                93.74212,
                26.56253
              ],
              [
                93.74232,
                26.56283
              ],
              [
                93.74221,
                26.56326
              ],
              [
                93.74142,
                26.56635
              ],
              [
                93.74094,
                26.56823
              ],
              [
                93.74068,
                26.56924
              ],
              [
                93.74053,
                26.56983
              ],
              [
                93.74262,
                26.57122
              ],
              [
                93.74641,
                26.57374
              ],
              [
                93.74743,
                26.57442
              ],
              [
                93.74863,
                26.57522
              ],
              [
                93.7516,
                26.5772
              ],
              [
                93.75222,
                26.57912
              ],
              [
                93.75114,
                26.58083
              ],
              [
                93.75083,
                26.58132
              ],
              [
                93.75021,
                26.5823
              ],
              [
                93.74819,
                26.58311
              ],
              [
                93.74727,
                26.58348
              ],
              [
                93.74268,
                26.5833
              ],
              [
                93.74176,
                26.58381
              ],
              [
                93.74105,
                26.5842
              ],
              [
                93.74055,
                26.58448
              ],
              [
                93.73883,
                26.58543
              ],
              [
                93.73851,
                26.58561
              ],
              [
                93.73783,
                26.58766
              ],
              [
                93.73726,
                26.58939
              ],
              [
                93.73643,
                26.59038
              ],
              [
                93.73568,
                26.59128
              ],
              [
                93.73364,
                26.59371
              ],
              [
                93.72029,
                26.59178
              ],
              [
                93.71808,
                26.59146
              ],
              [
                93.71187,
                26.59181
              ],
              [
                93.70798,
                26.59203
              ],
              [
                93.70664,
                26.5921
              ],
              [
                93.69554,
                26.59272
              ],
              [
                93.68166,
                26.59543
              ],
              [
                93.68062,
                26.59538
              ],
              [
                93.66976,
                26.59489
              ],
              [
                93.65805,
                26.59272
              ],
              [
                93.64723,
                26.58925
              ],
              [
                93.6353,
                26.58543
              ],
              [
                93.63191,
                26.58434
              ],
              [
                93.62893,
                26.58227
              ],
              [
                93.6283,
                26.57758
              ],
              [
                93.6238,
                26.56668
              ],
              [
                93.62254,
                26.56424
              ],
              [
                93.62082,
                26.56424
              ],
              [
                93.61839,
                26.5646
              ],
              [
                93.61605,
                26.56622
              ],
              [
                93.61424,
                26.56677
              ],
              [
                93.61073,
                26.5683
              ],
              [
                93.60433,
                26.56947
              ],
              [
                93.59793,
                26.56848
              ],
              [
                93.59503,
                26.56808
              ],
              [
                93.58894,
                26.56724
              ],
              [
                93.58747,
                26.56704
              ],
              [
                93.58394,
                26.56894
              ],
              [
                93.58378,
                26.56902
              ],
              [
                93.58361,
                26.56914
              ],
              [
                93.5793,
                26.57217
              ],
              [
                93.57383,
                26.57602
              ],
              [
                93.57016,
                26.5786
              ],
              [
                93.56888,
                26.5795
              ],
              [
                93.56737,
                26.58056
              ],
              [
                93.55154,
                26.58155
              ],
              [
                93.54785,
                26.58178
              ],
              [
                93.54299,
                26.58209
              ],
              [
                93.54292,
                26.58209
              ],
              [
                93.53731,
                26.58244
              ],
              [
                93.53644,
                26.5825
              ],
              [
                93.53431,
                26.58263
              ],
              [
                93.53377,
                26.58266
              ],
              [
                93.52968,
                26.58292
              ],
              [
                93.52813,
                26.58302
              ],
              [
                93.52718,
                26.58308
              ],
              [
                93.52574,
                26.58254
              ],
              [
                93.52425,
                26.58198
              ],
              [
                93.52209,
                26.58117
              ],
              [
                93.5032,
                26.57407
              ],
              [
                93.47453,
                26.56881
              ],
              [
                93.4109,
                26.55712
              ],
              [
                93.40173,
                26.55034
              ],
              [
                93.3913,
                26.57801
              ],
              [
                93.39046,
                26.57802
              ],
              [
                93.3888,
                26.57804
              ],
              [
                93.38736,
                26.57806
              ],
              [
                93.3868,
                26.57807
              ],
              [
                93.37899,
                26.57817
              ],
              [
                93.37814,
                26.57844
              ],
              [
                93.37586,
                26.57916
              ],
              [
                93.37071,
                26.58079
              ],
              [
                93.36823,
                26.58157
              ],
              [
                93.36162,
                26.58184
              ],
              [
                93.35414,
                26.58214
              ],
              [
                93.34904,
                26.58234
              ],
              [
                93.34342,
                26.58257
              ],
              [
                93.34327,
                26.58258
              ],
              [
                93.3421,
                26.58262
              ],
              [
                93.33949,
                26.58273
              ],
              [
                93.33843,
                26.58277
              ],
              [
                93.33545,
                26.58283
              ],
              [
                93.33532,
                26.58283
              ],
              [
                93.33472,
                26.58284
              ],
              [
                93.33406,
                26.58282
              ],
              [
                93.32861,
                26.58268
              ],
              [
                93.32042,
                26.58246
              ],
              [
                93.31434,
                26.58082
              ],
              [
                93.31008,
                26.57878
              ],
              [
                93.31006,
                26.57877
              ],
              [
                93.30791,
                26.5778
              ],
              [
                93.3035,
                26.5758
              ],
              [
                93.29965,
                26.57402
              ],
              [
                93.29892,
                26.57484
              ],
              [
                93.30153,
                26.57742
              ],
              [
                93.30317,
                26.57844
              ],
              [
                93.30256,
                26.57844
              ],
              [
                93.29955,
                26.57842
              ],
              [
                93.29634,
                26.57839
              ],
              [
                93.29448,
                26.57682
              ],
              [
                93.29036,
                26.57335
              ],
              [
                93.28681,
                26.57134
              ],
              [
                93.28042,
                26.57211
              ],
              [
                93.27546,
                26.5727
              ],
              [
                93.2672,
                26.56927
              ],
              [
                93.26335,
                26.56767
              ],
              [
                93.26084,
                26.56814
              ],
              [
                93.25825,
                26.56862
              ],
              [
                93.25658,
                26.56852
              ],
              [
                93.25351,
                26.56835
              ],
              [
                93.25264,
                26.5683
              ],
              [
                93.25235,
                26.56762
              ],
              [
                93.25176,
                26.56623
              ],
              [
                93.25158,
                26.5658
              ],
              [
                93.25067,
                26.56367
              ],
              [
                93.24702,
                26.56097
              ],
              [
                93.24214,
                26.55735
              ],
              [
                93.23979,
                26.55561
              ],
              [
                93.23939,
                26.55531
              ],
              [
                93.23926,
                26.55484
              ],
              [
                93.23851,
                26.55216
              ],
              [
                93.23842,
                26.55185
              ],
              [
                93.23979,
                26.54935
              ],
              [
                93.24161,
                26.54951
              ],
              [
                93.24182,
                26.54953
              ],
              [
                93.2439,
                26.54972
              ],
              [
                93.244,
                26.54973
              ],
              [
                93.24533,
                26.54985
              ],
              [
                93.24871,
                26.55015
              ],
              [
                93.24914,
                26.55019
              ],
              [
                93.25066,
                26.55032
              ],
              [
                93.2512,
                26.55037
              ],
              [
                93.25217,
                26.55046
              ],
              [
                93.25931,
                26.55069
              ],
              [
                93.26086,
                26.54911
              ],
              [
                93.25686,
                26.54761
              ],
              [
                93.2506,
                26.54525
              ],
              [
                93.25137,
                26.54382
              ],
              [
                93.25191,
                26.54281
              ],
              [
                93.25546,
                26.54356
              ],
              [
                93.25821,
                26.54178
              ],
              [
                93.26455,
                26.53769
              ],
              [
                93.26582,
                26.53351
              ],
              [
                93.2592,
                26.53288
              ],
              [
                93.25933,
                26.53215
              ],
              [
                93.25962,
                26.53064
              ],
              [
                93.26342,
                26.53085
              ],
              [
                93.26363,
                26.53086
              ],
              [
                93.26393,
                26.53088
              ],
              [
                93.26673,
                26.53102
              ],
              [
                93.26758,
                26.53107
              ],
              [
                93.26918,
                26.53431
              ],
              [
                93.27234,
                26.5407
              ],
              [
                93.27503,
                26.54361
              ],
              [
                93.2778,
                26.54217
              ],
              [
                93.27758,
                26.53585
              ],
              [
                93.27644,
                26.53117
              ],
              [
                93.27107,
                26.52746
              ],
              [
                93.27485,
                26.52287
              ],
              [
                93.27677,
                26.52184
              ],
              [
                93.27961,
                26.52031
              ],
              [
                93.2837,
                26.52102
              ],
              [
                93.28438,
                26.52114
              ],
              [
                93.29082,
                26.52067
              ],
              [
                93.29392,
                26.51757
              ],
              [
                93.29527,
                26.5143
              ],
              [
                93.29631,
                26.5118
              ],
              [
                93.29885,
                26.50828
              ],
              [
                93.29829,
                26.50385
              ],
              [
                93.29384,
                26.50251
              ],
              [
                93.29245,
                26.506
              ],
              [
                93.29025,
                26.50854
              ],
              [
                93.28691,
                26.50935
              ],
              [
                93.28822,
                26.51196
              ],
              [
                93.28809,
                26.51458
              ],
              [
                93.28803,
                26.51574
              ],
              [
                93.28591,
                26.51662
              ],
              [
                93.28029,
                26.51538
              ],
              [
                93.27829,
                26.51494
              ],
              [
                93.27477,
                26.51236
              ],
              [
                93.27644,
                26.50686
              ],
              [
                93.26804,
                26.50598
              ],
              [
                93.2683,
                26.50977
              ],
              [
                93.27316,
                26.51296
              ],
              [
                93.27418,
                26.51708
              ],
              [
                93.27465,
                26.51896
              ],
              [
                93.26882,
                26.51985
              ],
              [
                93.26857,
                26.51989
              ],
              [
                93.26787,
                26.52
              ],
              [
                93.26547,
                26.52037
              ],
              [
                93.25888,
                26.52138
              ],
              [
                93.25047,
                26.52094
              ],
              [
                93.24825,
                26.52696
              ],
              [
                93.24823,
                26.52702
              ],
              [
                93.24807,
                26.52745
              ],
              [
                93.24645,
                26.52874
              ],
              [
                93.24643,
                26.53064
              ],
              [
                93.23615,
                26.53539
              ],
              [
                93.23235,
                26.53383
              ],
              [
                93.22863,
                26.53555
              ],
              [
                93.22773,
                26.53575
              ],
              [
                93.22649,
                26.53603
              ],
              [
                93.2248,
                26.53641
              ],
              [
                93.22294,
                26.53682
              ],
              [
                93.22292,
                26.53676
              ],
              [
                93.22065,
                26.52805
              ],
              [
                93.214,
                26.52908
              ],
              [
                93.21347,
                26.52683
              ],
              [
                93.21696,
                26.52351
              ],
              [
                93.22004,
                26.5227
              ],
              [
                93.2197,
                26.51988
              ],
              [
                93.21483,
                26.52134
              ],
              [
                93.21301,
                26.51953
              ],
              [
                93.21806,
                26.50739
              ],
              [
                93.21468,
                26.50726
              ],
              [
                93.21011,
                26.50982
              ],
              [
                93.21018,
                26.51338
              ],
              [
                93.20896,
                26.51808
              ],
              [
                93.20564,
                26.52571
              ],
              [
                93.20074,
                26.53407
              ],
              [
                93.19624,
                26.5357
              ],
              [
                93.19077,
                26.531
              ],
              [
                93.18531,
                26.52981
              ],
              [
                93.16543,
                26.52186
              ],
              [
                93.16265,
                26.52456
              ],
              [
                93.17644,
                26.53074
              ],
              [
                93.17664,
                26.53095
              ],
              [
                93.17895,
                26.53343
              ],
              [
                93.18281,
                26.53482
              ],
              [
                93.18543,
                26.53865
              ],
              [
                93.18582,
                26.53884
              ],
              [
                93.18764,
                26.53976
              ],
              [
                93.18985,
                26.54087
              ],
              [
                93.1941,
                26.54198
              ],
              [
                93.19789,
                26.54045
              ],
              [
                93.19799,
                26.54051
              ],
              [
                93.20142,
                26.54298
              ],
              [
                93.20275,
                26.5446
              ],
              [
                93.20401,
                26.54615
              ],
              [
                93.20567,
                26.54818
              ],
              [
                93.20982,
                26.55141
              ],
              [
                93.21184,
                26.55488
              ],
              [
                93.21187,
                26.55493
              ],
              [
                93.21262,
                26.55623
              ],
              [
                93.2114,
                26.55756
              ],
              [
                93.21075,
                26.55826
              ],
              [
                93.20768,
                26.56159
              ],
              [
                93.20751,
                26.56167
              ],
              [
                93.20596,
                26.56245
              ],
              [
                93.20527,
                26.5628
              ],
              [
                93.20323,
                26.56382
              ],
              [
                93.2016,
                26.56464
              ],
              [
                93.19906,
                26.56592
              ],
              [
                93.19411,
                26.56669
              ],
              [
                93.19325,
                26.56683
              ],
              [
                93.18994,
                26.56735
              ],
              [
                93.18794,
                26.56766
              ],
              [
                93.18713,
                26.56703
              ],
              [
                93.18196,
                26.56274
              ],
              [
                93.18192,
                26.5627
              ],
              [
                93.17974,
                26.5609
              ],
              [
                93.17757,
                26.55911
              ],
              [
                93.17356,
                26.55581
              ],
              [
                93.17096,
                26.55366
              ],
              [
                93.16791,
                26.55238
              ],
              [
                93.15677,
                26.5477
              ],
              [
                93.15592,
                26.5481
              ],
              [
                93.15365,
                26.54918
              ],
              [
                93.15279,
                26.54959
              ],
              [
                93.14985,
                26.55433
              ],
              [
                93.14906,
                26.5556
              ],
              [
                93.14835,
                26.55531
              ],
              [
                93.14786,
                26.55511
              ],
              [
                93.14488,
                26.55391
              ],
              [
                93.13854,
                26.54747
              ],
              [
                93.13681,
                26.54089
              ],
              [
                93.13239,
                26.53891
              ],
              [
                93.12367,
                26.53805
              ],
              [
                93.12006,
                26.53625
              ],
              [
                93.12274,
                26.53252
              ],
              [
                93.11973,
                26.52925
              ],
              [
                93.10645,
                26.53106
              ],
              [
                93.10391,
                26.53411
              ],
              [
                93.10544,
                26.53787
              ],
              [
                93.10362,
                26.53945
              ],
              [
                93.09723,
                26.54042
              ],
              [
                93.09214,
                26.54355
              ],
              [
                93.08738,
                26.54191
              ],
              [
                93.08646,
                26.54203
              ],
              [
                93.078,
                26.54308
              ],
              [
                93.07184,
                26.54165
              ],
              [
                93.06385,
                26.54187
              ],
              [
                93.06355,
                26.54188
              ],
              [
                93.06252,
                26.54191
              ],
              [
                93.04575,
                26.53561
              ],
              [
                93.04672,
                26.53075
              ],
              [
                93.04686,
                26.53007
              ],
              [
                93.05082,
                26.52692
              ],
              [
                93.05119,
                26.52662
              ],
              [
                93.04623,
                26.52603
              ],
              [
                93.04096,
                26.51746
              ],
              [
                93.03511,
                26.51305
              ],
              [
                93.01906,
                26.50635
              ],
              [
                93.01899,
                26.50633
              ],
              [
                93.0164,
                26.50524
              ],
              [
                93.01412,
                26.50429
              ],
              [
                93.01316,
                26.49745
              ],
              [
                93.01144,
                26.49637
              ],
              [
                93.00827,
                26.49437
              ],
              [
                93.00778,
                26.49406
              ],
              [
                93.00755,
                26.49392
              ],
              [
                93.00877,
                26.49161
              ],
              [
                93.01098,
                26.48741
              ],
              [
                93.01119,
                26.4823
              ],
              [
                93.01606,
                26.47787
              ],
              [
                93.01632,
                26.47786
              ],
              [
                93.02052,
                26.47771
              ],
              [
                93.02135,
                26.47768
              ],
              [
                93.0222,
                26.47825
              ],
              [
                93.02255,
                26.47848
              ],
              [
                93.02411,
                26.47954
              ],
              [
                93.02533,
                26.47991
              ],
              [
                93.02779,
                26.48064
              ],
              [
                93.03089,
                26.48158
              ],
              [
                93.03218,
                26.48213
              ],
              [
                93.03808,
                26.48467
              ],
              [
                93.0392,
                26.48515
              ],
              [
                93.04082,
                26.48585
              ],
              [
                93.04617,
                26.48629
              ],
              [
                93.04913,
                26.48805
              ],
              [
                93.05972,
                26.48906
              ],
              [
                93.06446,
                26.48952
              ],
              [
                93.07077,
                26.48946
              ],
              [
                93.07094,
                26.49331
              ],
              [
                93.07095,
                26.49353
              ],
              [
                93.07005,
                26.49464
              ],
              [
                93.06861,
                26.49642
              ],
              [
                93.06893,
                26.49869
              ],
              [
                93.06906,
                26.49958
              ],
              [
                93.07051,
                26.50053
              ],
              [
                93.07364,
                26.49651
              ],
              [
                93.07424,
                26.49436
              ],
              [
                93.07445,
                26.4936
              ],
              [
                93.07473,
                26.49257
              ],
              [
                93.0765,
                26.49363
              ],
              [
                93.07788,
                26.49446
              ],
              [
                93.08115,
                26.49372
              ],
              [
                93.08196,
                26.49421
              ],
              [
                93.09187,
                26.50023
              ],
              [
                93.09447,
                26.4969
              ],
              [
                93.08611,
                26.49365
              ],
              [
                93.08169,
                26.48788
              ],
              [
                93.06769,
                26.4831
              ],
              [
                93.06667,
                26.47778
              ],
              [
                93.06665,
                26.4777
              ],
              [
                93.067,
                26.4777
              ],
              [
                93.07133,
                26.47771
              ],
              [
                93.07454,
                26.47771
              ],
              [
                93.07788,
                26.47652
              ],
              [
                93.07774,
                26.47313
              ],
              [
                93.07819,
                26.47193
              ],
              [
                93.07886,
                26.47014
              ],
              [
                93.07902,
                26.46971
              ],
              [
                93.08007,
                26.47026
              ],
              [
                93.08185,
                26.4712
              ],
              [
                93.08529,
                26.4703
              ],
              [
                93.08648,
                26.46999
              ],
              [
                93.08731,
                26.46977
              ],
              [
                93.08953,
                26.46918
              ],
              [
                93.09228,
                26.46846
              ],
              [
                93.09394,
                26.46505
              ],
              [
                93.0913,
                26.46265
              ],
              [
                93.09156,
                26.46069
              ],
              [
                93.0917,
                26.4596
              ],
              [
                93.09175,
                26.45928
              ],
              [
                93.09467,
                26.45928
              ],
              [
                93.10029,
                26.46243
              ],
              [
                93.1008,
                26.46272
              ],
              [
                93.10083,
                26.4627
              ],
              [
                93.10228,
                26.46169
              ],
              [
                93.10268,
                26.46141
              ],
              [
                93.10424,
                26.46032
              ],
              [
                93.10459,
                26.46008
              ],
              [
                93.10552,
                26.46188
              ],
              [
                93.10517,
                26.46406
              ],
              [
                93.1066,
                26.4658
              ],
              [
                93.10893,
                26.46697
              ],
              [
                93.1092,
                26.46711
              ],
              [
                93.10912,
                26.46736
              ],
              [
                93.10905,
                26.46757
              ],
              [
                93.10859,
                26.469
              ],
              [
                93.10607,
                26.47101
              ],
              [
                93.10366,
                26.47178
              ],
              [
                93.10328,
                26.4719
              ],
              [
                93.10114,
                26.47258
              ],
              [
                93.10282,
                26.47338
              ],
              [
                93.1043,
                26.47408
              ],
              [
                93.1071,
                26.47442
              ],
              [
                93.10738,
                26.47649
              ],
              [
                93.1121,
                26.47962
              ],
              [
                93.11578,
                26.48416
              ],
              [
                93.11624,
                26.48426
              ],
              [
                93.11902,
                26.48485
              ],
              [
                93.11963,
                26.48312
              ],
              [
                93.12046,
                26.48073
              ],
              [
                93.12069,
                26.48007
              ],
              [
                93.12163,
                26.48085
              ],
              [
                93.12302,
                26.482
              ],
              [
                93.12368,
                26.48426
              ],
              [
                93.12355,
                26.48462
              ],
              [
                93.12168,
                26.48986
              ],
              [
                93.12145,
                26.4905
              ],
              [
                93.12014,
                26.49417
              ],
              [
                93.12344,
                26.49566
              ],
              [
                93.12722,
                26.49735
              ],
              [
                93.12834,
                26.49525
              ],
              [
                93.1266,
                26.49382
              ],
              [
                93.12513,
                26.49261
              ],
              [
                93.13113,
                26.48807
              ],
              [
                93.13405,
                26.4895
              ],
              [
                93.12961,
                26.48448
              ],
              [
                93.13101,
                26.48127
              ],
              [
                93.13104,
                26.4812
              ],
              [
                93.13125,
                26.48073
              ],
              [
                93.13357,
                26.48266
              ],
              [
                93.13447,
                26.48341
              ],
              [
                93.13892,
                26.48713
              ],
              [
                93.13923,
                26.48415
              ],
              [
                93.13373,
                26.47733
              ],
              [
                93.13249,
                26.477
              ],
              [
                93.11563,
                26.47252
              ],
              [
                93.1142,
                26.47214
              ],
              [
                93.11342,
                26.46977
              ],
              [
                93.11427,
                26.46954
              ],
              [
                93.11516,
                26.46929
              ],
              [
                93.1177,
                26.46859
              ],
              [
                93.12415,
                26.46843
              ],
              [
                93.13025,
                26.46459
              ],
              [
                93.12792,
                26.46333
              ],
              [
                93.12708,
                26.46039
              ],
              [
                93.12465,
                26.4612
              ],
              [
                93.12253,
                26.45812
              ],
              [
                93.11271,
                26.45212
              ],
              [
                93.10828,
                26.44942
              ],
              [
                93.10972,
                26.44694
              ],
              [
                93.11278,
                26.44762
              ],
              [
                93.11432,
                26.44639
              ],
              [
                93.11252,
                26.4444
              ],
              [
                93.11273,
                26.44311
              ],
              [
                93.11286,
                26.44228
              ],
              [
                93.11521,
                26.44261
              ],
              [
                93.11761,
                26.44076
              ],
              [
                93.1102,
                26.4384
              ],
              [
                93.101,
                26.43244
              ],
              [
                93.10074,
                26.43347
              ],
              [
                93.10031,
                26.43518
              ],
              [
                93.10243,
                26.43785
              ],
              [
                93.10604,
                26.44007
              ],
              [
                93.1062,
                26.44017
              ],
              [
                93.10791,
                26.44122
              ],
              [
                93.10803,
                26.44209
              ],
              [
                93.10814,
                26.44289
              ],
              [
                93.10736,
                26.44339
              ],
              [
                93.10504,
                26.44488
              ],
              [
                93.10488,
                26.44498
              ],
              [
                93.10363,
                26.44578
              ],
              [
                93.10222,
                26.44668
              ],
              [
                93.10053,
                26.44543
              ],
              [
                93.09825,
                26.44375
              ],
              [
                93.09098,
                26.43997
              ],
              [
                93.08955,
                26.43923
              ],
              [
                93.08727,
                26.4384
              ],
              [
                93.084,
                26.43721
              ],
              [
                93.07646,
                26.43446
              ],
              [
                93.07511,
                26.43397
              ],
              [
                93.07465,
                26.43356
              ],
              [
                93.07192,
                26.43111
              ],
              [
                93.07379,
                26.42953
              ],
              [
                93.07487,
                26.42945
              ],
              [
                93.0751,
                26.42943
              ],
              [
                93.07948,
                26.42912
              ],
              [
                93.07978,
                26.4291
              ],
              [
                93.07994,
                26.42917
              ],
              [
                93.09204,
                26.4344
              ],
              [
                93.09637,
                26.43471
              ],
              [
                93.09494,
                26.4329
              ],
              [
                93.08936,
                26.43149
              ],
              [
                93.08039,
                26.42365
              ],
              [
                93.07923,
                26.42264
              ],
              [
                93.077,
                26.42069
              ],
              [
                93.0762,
                26.42064
              ],
              [
                93.07577,
                26.42061
              ],
              [
                93.07153,
                26.42032
              ],
              [
                93.07154,
                26.42313
              ],
              [
                93.06993,
                26.42403
              ],
              [
                93.06903,
                26.42209
              ],
              [
                93.06656,
                26.41676
              ],
              [
                93.06174,
                26.41676
              ],
              [
                93.06143,
                26.41676
              ],
              [
                93.06083,
                26.41676
              ],
              [
                93.06073,
                26.41673
              ],
              [
                93.05972,
                26.41644
              ],
              [
                93.05481,
                26.41503
              ],
              [
                93.05125,
                26.41479
              ],
              [
                93.0507,
                26.41624
              ],
              [
                93.05025,
                26.41742
              ],
              [
                93.05082,
                26.42105
              ],
              [
                93.05505,
                26.41958
              ],
              [
                93.05617,
                26.42142
              ],
              [
                93.05567,
                26.42403
              ],
              [
                93.05561,
                26.4244
              ],
              [
                93.05314,
                26.43412
              ],
              [
                93.0481,
                26.43467
              ],
              [
                93.04601,
                26.43763
              ],
              [
                93.0438,
                26.43561
              ],
              [
                93.03135,
                26.42426
              ],
              [
                93.0235,
                26.42159
              ],
              [
                93.01753,
                26.42106
              ],
              [
                93.01248,
                26.42302
              ],
              [
                93.00502,
                26.42592
              ],
              [
                92.99865,
                26.42328
              ],
              [
                92.99357,
                26.42029
              ],
              [
                92.9863,
                26.41849
              ],
              [
                92.98185,
                26.42135
              ],
              [
                92.98007,
                26.42148
              ],
              [
                92.97933,
                26.42106
              ],
              [
                92.97731,
                26.4199
              ],
              [
                92.97706,
                26.41976
              ],
              [
                92.97641,
                26.41917
              ],
              [
                92.97539,
                26.41824
              ],
              [
                92.97273,
                26.41583
              ],
              [
                92.97259,
                26.4157
              ],
              [
                92.97092,
                26.41501
              ],
              [
                92.96938,
                26.41436
              ],
              [
                92.96733,
                26.41439
              ],
              [
                92.96569,
                26.41441
              ],
              [
                92.9643,
                26.41375
              ],
              [
                92.96273,
                26.4115
              ],
              [
                92.96117,
                26.40925
              ],
              [
                92.95227,
                26.40379
              ],
              [
                92.95226,
                26.40342
              ],
              [
                92.95206,
                26.39836
              ],
              [
                92.95205,
                26.39812
              ],
              [
                92.95203,
                26.3978
              ],
              [
                92.95188,
                26.39762
              ],
              [
                92.95092,
                26.39651
              ],
              [
                92.94525,
                26.40003
              ],
              [
                92.9449,
                26.40041
              ],
              [
                92.9433,
                26.40212
              ],
              [
                92.94113,
                26.40209
              ],
              [
                92.93481,
                26.40029
              ],
              [
                92.92757,
                26.39824
              ],
              [
                92.9213,
                26.39479
              ],
              [
                92.91827,
                26.39391
              ],
              [
                92.91348,
                26.39251
              ],
              [
                92.91327,
                26.39607
              ],
              [
                92.912,
                26.39634
              ],
              [
                92.91044,
                26.39532
              ],
              [
                92.9078,
                26.3936
              ],
              [
                92.90753,
                26.39455
              ],
              [
                92.90614,
                26.39934
              ],
              [
                92.90399,
                26.39941
              ],
              [
                92.90357,
                26.3986
              ],
              [
                92.90074,
                26.39312
              ],
              [
                92.90068,
                26.393
              ],
              [
                92.90063,
                26.3929
              ],
              [
                92.89986,
                26.39141
              ],
              [
                92.89828,
                26.38836
              ],
              [
                92.89685,
                26.387
              ],
              [
                92.89607,
                26.38775
              ],
              [
                92.89589,
                26.38793
              ],
              [
                92.89557,
                26.38823
              ],
              [
                92.89398,
                26.38977
              ],
              [
                92.8932,
                26.38958
              ],
              [
                92.89222,
                26.38933
              ],
              [
                92.89186,
                26.38821
              ],
              [
                92.89129,
                26.3865
              ],
              [
                92.89103,
                26.3857
              ],
              [
                92.89074,
                26.38484
              ],
              [
                92.89071,
                26.38475
              ],
              [
                92.89068,
                26.38464
              ],
              [
                92.89007,
                26.38436
              ],
              [
                92.88836,
                26.38359
              ],
              [
                92.88783,
                26.38335
              ],
              [
                92.8876,
                26.38325
              ],
              [
                92.88575,
                26.38242
              ],
              [
                92.88477,
                26.38198
              ],
              [
                92.88461,
                26.38143
              ],
              [
                92.88407,
                26.37955
              ],
              [
                92.88559,
                26.37946
              ],
              [
                92.88588,
                26.37954
              ],
              [
                92.88748,
                26.37998
              ],
              [
                92.88812,
                26.38015
              ],
              [
                92.89108,
                26.38095
              ],
              [
                92.89465,
                26.38304
              ],
              [
                92.89894,
                26.38298
              ],
              [
                92.9001,
                26.38296
              ],
              [
                92.90494,
                26.38289
              ],
              [
                92.90841,
                26.37858
              ],
              [
                92.91094,
                26.37879
              ],
              [
                92.9118,
                26.37886
              ],
              [
                92.91259,
                26.37893
              ],
              [
                92.91614,
                26.37922
              ],
              [
                92.91835,
                26.37941
              ],
              [
                92.92056,
                26.3802
              ],
              [
                92.92115,
                26.3811
              ],
              [
                92.92197,
                26.38236
              ],
              [
                92.92302,
                26.38223
              ],
              [
                92.9249,
                26.38201
              ],
              [
                92.92766,
                26.38056
              ],
              [
                92.92545,
                26.37747
              ],
              [
                92.92021,
                26.37357
              ],
              [
                92.91927,
                26.36889
              ],
              [
                92.91917,
                26.36841
              ],
              [
                92.91914,
                26.36825
              ],
              [
                92.91533,
                26.36405
              ],
              [
                92.91393,
                26.3625
              ],
              [
                92.91279,
                26.35971
              ],
              [
                92.91284,
                26.3576
              ],
              [
                92.91284,
                26.35746
              ],
              [
                92.91372,
                26.35552
              ],
              [
                92.91507,
                26.35468
              ],
              [
                92.9171,
                26.35443
              ],
              [
                92.91862,
                26.35469
              ],
              [
                92.92431,
                26.35567
              ],
              [
                92.9305,
                26.35411
              ],
              [
                92.9336,
                26.35211
              ],
              [
                92.93622,
                26.35151
              ],
              [
                92.93874,
                26.35208
              ],
              [
                92.94002,
                26.35167
              ],
              [
                92.94213,
                26.351
              ],
              [
                92.94392,
                26.34233
              ],
              [
                92.94635,
                26.33616
              ],
              [
                92.94465,
                26.33168
              ],
              [
                92.94364,
                26.32902
              ],
              [
                92.94282,
                26.32686
              ],
              [
                92.94053,
                26.32458
              ],
              [
                92.94,
                26.32433
              ],
              [
                92.93778,
                26.32327
              ],
              [
                92.9371,
                26.32294
              ],
              [
                92.93609,
                26.32246
              ],
              [
                92.936,
                26.32241
              ],
              [
                92.92922,
                26.31807
              ],
              [
                92.9218,
                26.31333
              ],
              [
                92.92054,
                26.31348
              ],
              [
                92.91845,
                26.31598
              ],
              [
                92.91705,
                26.31589
              ],
              [
                92.91566,
                26.31581
              ],
              [
                92.91309,
                26.31478
              ],
              [
                92.90993,
                26.3135
              ],
              [
                92.90061,
                26.30791
              ],
              [
                92.89749,
                26.30538
              ],
              [
                92.89473,
                26.30175
              ],
              [
                92.89622,
                26.3
              ],
              [
                92.89688,
                26.29632
              ],
              [
                92.89454,
                26.29085
              ],
              [
                92.89285,
                26.28949
              ],
              [
                92.88311,
                26.28573
              ],
              [
                92.88019,
                26.28585
              ],
              [
                92.8719,
                26.29019
              ],
              [
                92.87102,
                26.29054
              ],
              [
                92.86685,
                26.29221
              ],
              [
                92.86217,
                26.29408
              ],
              [
                92.85867,
                26.29622
              ],
              [
                92.8574,
                26.29699
              ],
              [
                92.85544,
                26.29931
              ],
              [
                92.85612,
                26.30024
              ],
              [
                92.85661,
                26.30089
              ],
              [
                92.85524,
                26.30247
              ],
              [
                92.8527,
                26.30249
              ],
              [
                92.84897,
                26.30449
              ],
              [
                92.848,
                26.30295
              ],
              [
                92.8439,
                26.29649
              ],
              [
                92.84205,
                26.2858
              ],
              [
                92.84134,
                26.2839
              ],
              [
                92.8413,
                26.28378
              ],
              [
                92.84098,
                26.28291
              ],
              [
                92.84074,
                26.28228
              ],
              [
                92.84015,
                26.28069
              ],
              [
                92.83068,
                26.27088
              ],
              [
                92.8266,
                26.27155
              ],
              [
                92.82591,
                26.27143
              ],
              [
                92.82357,
                26.27104
              ],
              [
                92.82351,
                26.27103
              ],
              [
                92.82351,
                26.27098
              ],
              [
                92.82338,
                26.26884
              ],
              [
                92.82314,
                26.26485
              ],
              [
                92.82066,
                26.26539
              ],
              [
                92.82008,
                26.26301
              ],
              [
                92.82013,
                26.26206
              ],
              [
                92.82017,
                26.26144
              ],
              [
                92.82021,
                26.26075
              ],
              [
                92.8203,
                26.25921
              ],
              [
                92.81841,
                26.24722
              ],
              [
                92.81811,
                26.24531
              ],
              [
                92.81804,
                26.24484
              ],
              [
                92.81802,
                26.24473
              ],
              [
                92.81705,
                26.23857
              ],
              [
                92.81718,
                26.23795
              ],
              [
                92.81747,
                26.23658
              ],
              [
                92.81799,
                26.23405
              ],
              [
                92.82658,
                26.23053
              ],
              [
                92.82799,
                26.22727
              ],
              [
                92.82782,
                26.22375
              ],
              [
                92.81958,
                26.21529
              ],
              [
                92.81436,
                26.21651
              ],
              [
                92.81094,
                26.21627
              ],
              [
                92.80873,
                26.21751
              ],
              [
                92.80637,
                26.21883
              ],
              [
                92.80022,
                26.22103
              ],
              [
                92.79969,
                26.22122
              ],
              [
                92.79831,
                26.22172
              ],
              [
                92.79827,
                26.22146
              ],
              [
                92.79809,
                26.22024
              ],
              [
                92.79796,
                26.21935
              ],
              [
                92.79777,
                26.21803
              ],
              [
                92.7969,
                26.21207
              ],
              [
                92.79608,
                26.20647
              ],
              [
                92.80047,
                26.2034
              ],
              [
                92.80202,
                26.20232
              ],
              [
                92.80265457800004,
                26.202534938000042
              ],
              [
                92.80636,
                26.20379
              ],
              [
                92.80733,
                26.20394
              ],
              [
                92.80753,
                26.20398
              ],
              [
                92.8162,
                26.20534
              ],
              [
                92.81684,
                26.20544
              ],
              [
                92.82316,
                26.20644
              ],
              [
                92.82721,
                26.20517
              ],
              [
                92.82801,
                26.20492
              ],
              [
                92.84264,
                26.20589
              ],
              [
                92.85035,
                26.20166
              ],
              [
                92.86117,
                26.20252
              ],
              [
                92.8712,
                26.20467
              ],
              [
                92.88316,
                26.20859
              ],
              [
                92.88697,
                26.20797
              ],
              [
                92.88706050400003,
                26.20793825800007
              ],
              [
                92.90012057783626,
                26.203357854787583
              ],
              [
                92.9002,
                26.20333
              ],
              [
                92.90154301900009,
                26.20310759800003
              ],
              [
                92.90956,
                26.20178
              ],
              [
                92.9229,
                26.20354
              ],
              [
                92.92779,
                26.20346
              ],
              [
                92.92968578322206,
                26.202437218377938
              ],
              [
                92.93221670000008,
                26.201071780000063
              ],
              [
                92.94,
                26.20162
              ],
              [
                92.94192579600008,
                26.201217219000057
              ],
              [
                92.94306,
                26.20098
              ],
              [
                92.94379571449947,
                26.200254795707664
              ],
              [
                92.94656,
                26.19753
              ],
              [
                92.94774,
                26.19484
              ],
              [
                92.94796,
                26.19435
              ],
              [
                92.94837,
                26.19342
              ],
              [
                92.94858,
                26.19322
              ],
              [
                92.94865,
                26.19315
              ],
              [
                92.94942,
                26.19241
              ],
              [
                92.95023,
                26.19162
              ],
              [
                92.95204,
                26.18986
              ],
              [
                92.95314,
                26.1888
              ],
              [
                92.9537,
                26.18825
              ],
              [
                92.95408,
                26.18788
              ],
              [
                92.95495,
                26.18547
              ],
              [
                92.95479,
                26.18178
              ],
              [
                92.957,
                26.17359
              ],
              [
                92.95686,
                26.17262
              ],
              [
                92.9564,
                26.16966
              ],
              [
                92.95558,
                26.16834
              ],
              [
                92.95408,
                26.16593
              ],
              [
                92.95202,
                26.16437
              ],
              [
                92.95165,
                26.16408
              ],
              [
                92.9494,
                26.16238
              ],
              [
                92.94897,
                26.15904
              ],
              [
                92.94637,
                26.15704
              ],
              [
                92.94446,
                26.15557
              ],
              [
                92.94436,
                26.15549
              ],
              [
                92.9437,
                26.15429
              ],
              [
                92.94286,
                26.15277
              ],
              [
                92.9426,
                26.15229
              ],
              [
                92.93639235900008,
                26.150846363000028
              ],
              [
                92.93529,
                26.15059
              ],
              [
                92.93432,
                26.14964
              ],
              [
                92.9338,
                26.14912
              ],
              [
                92.93386,
                26.14857
              ],
              [
                92.93403905700006,
                26.146709447000035
              ],
              [
                92.93336087200004,
                26.146312074000036
              ],
              [
                92.93148,
                26.14521
              ],
              [
                92.93181627300004,
                26.144339647000038
              ],
              [
                92.93182,
                26.14433
              ],
              [
                92.93242,
                26.14274
              ],
              [
                92.93255,
                26.1424
              ],
              [
                92.93297,
                26.14127
              ],
              [
                92.93639,
                26.13846
              ],
              [
                92.93663947489998,
                26.138422844163834
              ],
              [
                92.9378,
                26.13825
              ],
              [
                92.93922,
                26.13804
              ],
              [
                92.94256,
                26.13754
              ],
              [
                92.94334,
                26.13712
              ],
              [
                92.94382774794273,
                26.136860690967158
              ],
              [
                92.94413,
                26.1367
              ],
              [
                92.94446,
                26.13652
              ],
              [
                92.94471629600008,
                26.13638743300004
              ],
              [
                92.94475,
                26.13637
              ],
              [
                92.95257,
                26.13861
              ],
              [
                92.954,
                26.13902
              ],
              [
                92.95765901082851,
                26.139001426340972
              ],
              [
                92.95794,
                26.139
              ],
              [
                92.95893,
                26.139
              ],
              [
                92.95995,
                26.13796
              ],
              [
                92.96279,
                26.13508
              ],
              [
                92.96286,
                26.13501
              ],
              [
                92.96332,
                26.13454
              ],
              [
                92.9638,
                26.13405
              ],
              [
                92.96756,
                26.13024
              ],
              [
                92.9678,
                26.12999
              ],
              [
                92.96811,
                26.12967
              ],
              [
                92.96906,
                26.12871
              ],
              [
                92.96978934875474,
                26.128543040646505
              ],
              [
                92.97072,
                26.12833
              ],
              [
                92.97153,
                26.12876
              ],
              [
                92.97226381100006,
                26.129147939000063
              ],
              [
                92.97306769800008,
                26.129558949000057
              ],
              [
                92.97427121100009,
                26.12929568000004
              ],
              [
                92.97912487813801,
                26.128233940594885
              ],
              [
                92.97985,
                26.12807
              ],
              [
                92.98053,
                26.12792
              ],
              [
                92.98208,
                26.12757
              ],
              [
                92.98214,
                26.12754
              ],
              [
                92.98297,
                26.12717
              ],
              [
                92.98458,
                26.12644
              ],
              [
                92.98512162757496,
                26.126194634352437
              ],
              [
                92.99171,
                26.12321
              ],
              [
                92.99363,
                26.12234
              ],
              [
                92.99866,
                26.12092
              ],
              [
                92.99947,
                26.11942
              ],
              [
                92.99957,
                26.11923
              ],
              [
                93.00025,
                26.11798
              ],
              [
                93.00032325400008,
                26.117843958000037
              ],
              [
                93.00043415800008,
                26.117632231000073
              ],
              [
                93.00046,
                26.11759
              ],
              [
                93.00272,
                26.11546
              ],
              [
                93.0027505099002,
                26.11545626409385
              ],
              [
                93.00615,
                26.11504
              ],
              [
                93.01044,
                26.11139
              ],
              [
                93.01189,
                26.1116
              ],
              [
                93.01485,
                26.11202
              ],
              [
                93.01514743600006,
                26.112991623000028
              ],
              [
                93.01558,
                26.11287
              ],
              [
                93.01581,
                26.1128
              ],
              [
                93.0195,
                26.11222
              ],
              [
                93.02032,
                26.11209
              ],
              [
                93.02161,
                26.11174
              ],
              [
                93.02222,
                26.11193
              ],
              [
                93.02222156100004,
                26.111919928000077
              ],
              [
                93.02253,
                26.10993
              ],
              [
                93.02261,
                26.10944
              ],
              [
                93.02271672211755,
                26.108755199745712
              ],
              [
                93.02285,
                26.1079
              ],
              [
                93.02449,
                26.10701
              ],
              [
                93.02798,
                26.10513
              ],
              [
                93.02914,
                26.10451
              ],
              [
                93.03073,
                26.10513
              ],
              [
                93.03179,
                26.10554
              ],
              [
                93.03255302300005,
                26.105835717000048
              ],
              [
                93.03592674300006,
                26.10714323600007
              ],
              [
                93.03710140200008,
                26.106864709000035
              ],
              [
                93.03717894100004,
                26.10684632300007
              ],
              [
                93.03762,
                26.10673
              ],
              [
                93.03788977500005,
                26.10527121900003
              ],
              [
                93.03595083400006,
                26.102982919000056
              ],
              [
                93.03649535300008,
                26.100892670000064
              ],
              [
                93.03962194400003,
                26.096624345000066
              ],
              [
                93.03905118900008,
                26.094553056000052
              ],
              [
                93.03864,
                26.09312
              ],
              [
                93.03851,
                26.09265
              ],
              [
                93.03871974300006,
                26.090222976000064
              ],
              [
                93.03921,
                26.08989
              ],
              [
                93.04067,
                26.0889
              ],
              [
                93.04466605800008,
                26.086182681000025
              ],
              [
                93.04468,
                26.08617
              ],
              [
                93.04903,
                26.08729
              ],
              [
                93.04941,
                26.08739
              ],
              [
                93.05105697400006,
                26.086980752000045
              ],
              [
                93.05156,
                26.08575
              ],
              [
                93.05172574900007,
                26.08535025200007
              ],
              [
                93.05173,
                26.08534
              ],
              [
                93.05348198600007,
                26.08562868000007
              ],
              [
                93.05444088400009,
                26.086255959000027
              ],
              [
                93.05763176000005,
                26.08834332400005
              ],
              [
                93.05772319100004,
                26.08747742500003
              ],
              [
                93.05773581900007,
                26.087338516000045
              ],
              [
                93.05783697600003,
                26.08622579300004
              ],
              [
                93.05785852591977,
                26.086203758082178
              ],
              [
                93.05786,
                26.08619
              ],
              [
                93.0585,
                26.08553
              ],
              [
                93.06148,
                26.08248
              ],
              [
                93.0625,
                26.08144
              ],
              [
                93.06476,
                26.0823
              ],
              [
                93.06508,
                26.08242
              ],
              [
                93.06798,
                26.08083
              ],
              [
                93.06931,
                26.0801
              ],
              [
                93.06946,
                26.08127
              ],
              [
                93.06965,
                26.08274
              ],
              [
                93.07067,
                26.08261
              ],
              [
                93.07138,
                26.08252
              ],
              [
                93.07269701300004,
                26.082354749000046
              ],
              [
                93.07311,
                26.08453
              ],
              [
                93.07504,
                26.08399
              ],
              [
                93.07706,
                26.08342
              ],
              [
                93.07767161700008,
                26.082155441000054
              ],
              [
                93.0778,
                26.08189
              ],
              [
                93.07865,
                26.08013
              ],
              [
                93.07872,
                26.07998
              ],
              [
                93.0789,
                26.07961
              ],
              [
                93.08273,
                26.07865
              ],
              [
                93.08240272100005,
                26.079443022000078
              ],
              [
                93.08221,
                26.07991
              ],
              [
                93.08166652300008,
                26.081209897000065
              ],
              [
                93.08328,
                26.08269
              ],
              [
                93.08449,
                26.0838
              ],
              [
                93.08473,
                26.08402
              ],
              [
                93.08495,
                26.08403
              ],
              [
                93.08561,
                26.08404
              ],
              [
                93.08555,
                26.08329
              ],
              [
                93.0854291714838,
                26.081729298332245
              ],
              [
                93.08530882600007,
                26.08020938800007
              ],
              [
                93.08531,
                26.08019
              ],
              [
                93.08738,
                26.07764
              ],
              [
                93.09199,
                26.07933
              ],
              [
                93.09257918000009,
                26.078259125000045
              ],
              [
                93.09033,
                26.07586
              ],
              [
                93.09115449900008,
                26.07473469000007
              ],
              [
                93.09117,
                26.07473
              ],
              [
                93.092,
                26.07509
              ],
              [
                93.09422,
                26.07604
              ],
              [
                93.09658197726081,
                26.077052275968924
              ],
              [
                93.09808473600003,
                26.077115611000067
              ],
              [
                93.09946,
                26.07717
              ],
              [
                93.10039286800009,
                26.076914781000028
              ],
              [
                93.10298074400004,
                26.076184867000052
              ],
              [
                93.10315360600003,
                26.075976792000063
              ],
              [
                93.10348,
                26.07558
              ],
              [
                93.10419682200006,
                26.074723795000068
              ],
              [
                93.1052,
                26.0749
              ],
              [
                93.107,
                26.07523
              ],
              [
                93.10696,
                26.07034
              ],
              [
                93.10623,
                26.068
              ],
              [
                93.10575,
                26.06644
              ],
              [
                93.10516,
                26.06453
              ],
              [
                93.10451,
                26.06242
              ],
              [
                93.10374,
                26.05993
              ],
              [
                93.1021,
                26.05463
              ],
              [
                93.10137,
                26.05227
              ],
              [
                93.10029,
                26.04877
              ],
              [
                93.09992,
                26.04758
              ],
              [
                93.09686,
                26.03767
              ],
              [
                93.09622,
                26.03561
              ],
              [
                93.09517,
                26.03221
              ],
              [
                93.09758,
                26.0327
              ],
              [
                93.10097509800005,
                26.033390693000058
              ],
              [
                93.10878227800004,
                26.034932550000065
              ],
              [
                93.11200862900006,
                26.03487388900004
              ],
              [
                93.11827,
                26.03472
              ],
              [
                93.12011550500006,
                26.03372406400007
              ],
              [
                93.12412123560125,
                26.03153653676392
              ],
              [
                93.12568,
                26.02991
              ],
              [
                93.12617,
                26.02941
              ],
              [
                93.12768109700005,
                26.027840785000024
              ],
              [
                93.12773,
                26.02779
              ],
              [
                93.12927,
                26.02484
              ],
              [
                93.13028,
                26.02289
              ],
              [
                93.1305,
                26.02279
              ],
              [
                93.13766,
                26.01943
              ],
              [
                93.14167,
                26.01755
              ],
              [
                93.1436,
                26.0149
              ],
              [
                93.14431,
                26.01392
              ],
              [
                93.14433988346893,
                26.013797045727248
              ],
              [
                93.14482444900005,
                26.01180332200005
              ],
              [
                93.14597,
                26.00709
              ],
              [
                93.14604,
                26.00702
              ],
              [
                93.14607,
                26.00698
              ],
              [
                93.14793,
                26.005
              ],
              [
                93.14973,
                26.00309
              ],
              [
                93.15185,
                26.00082
              ],
              [
                93.15199,
                26.00067
              ],
              [
                93.15286,
                25.99746
              ],
              [
                93.15333,
                25.9957
              ],
              [
                93.15341,
                25.99539
              ],
              [
                93.15348849400004,
                25.995102187000043
              ],
              [
                93.1535,
                25.99506
              ],
              [
                93.15374,
                25.99477
              ],
              [
                93.15409,
                25.99435
              ],
              [
                93.15424,
                25.99417
              ],
              [
                93.15568,
                25.99244
              ],
              [
                93.15572986800004,
                25.992412539000043
              ],
              [
                93.15620474121685,
                25.992151037775855
              ],
              [
                93.15864,
                25.99081
              ],
              [
                93.15888,
                25.99068
              ],
              [
                93.15822,
                25.98681
              ],
              [
                93.15783,
                25.98454
              ],
              [
                93.15715,
                25.98054
              ],
              [
                93.15956,
                25.97677
              ],
              [
                93.16065,
                25.97505
              ],
              [
                93.1615,
                25.96764
              ],
              [
                93.1607,
                25.96607
              ],
              [
                93.16219,
                25.9624
              ],
              [
                93.16518232449512,
                25.957524505955956
              ],
              [
                93.16594,
                25.95629
              ],
              [
                93.16791,
                25.95488
              ],
              [
                93.16808,
                25.95476
              ],
              [
                93.16849,
                25.95447
              ],
              [
                93.17059251064025,
                25.95422125226228
              ],
              [
                93.17204,
                25.95405
              ],
              [
                93.17281,
                25.95241
              ],
              [
                93.17348,
                25.95098
              ],
              [
                93.17387,
                25.95015
              ],
              [
                93.17371781319804,
                25.948224049782052
              ],
              [
                93.17358,
                25.94648
              ],
              [
                93.17348567273439,
                25.945329207359503
              ],
              [
                93.17348,
                25.94526
              ],
              [
                93.17503882000005,
                25.94322789000006
              ],
              [
                93.17705296700007,
                25.940502867000077
              ],
              [
                93.18115950000004,
                25.924308305000068
              ],
              [
                93.18284072900008,
                25.91766158300004
              ],
              [
                93.18322,
                25.91615
              ],
              [
                93.18331,
                25.9158
              ],
              [
                93.18366,
                25.91441
              ],
              [
                93.18515,
                25.9085
              ],
              [
                93.18635,
                25.90372
              ],
              [
                93.18654,
                25.90297
              ],
              [
                93.18665,
                25.90251
              ],
              [
                93.18751,
                25.90132
              ],
              [
                93.18864,
                25.89975
              ],
              [
                93.19048537500004,
                25.897176451000064
              ],
              [
                93.19294,
                25.8954
              ],
              [
                93.19456,
                25.89423
              ],
              [
                93.19854,
                25.89135
              ],
              [
                93.19899,
                25.89102
              ],
              [
                93.20047,
                25.88951
              ],
              [
                93.20209,
                25.88786
              ],
              [
                93.20642,
                25.88345
              ],
              [
                93.20813,
                25.88153
              ],
              [
                93.21424,
                25.87466
              ],
              [
                93.21455,
                25.87406
              ],
              [
                93.21542,
                25.87239
              ],
              [
                93.21611,
                25.87107
              ],
              [
                93.21683,
                25.86969
              ],
              [
                93.22048,
                25.86539
              ],
              [
                93.22142,
                25.86428
              ],
              [
                93.22221,
                25.86335
              ],
              [
                93.22563,
                25.86077
              ],
              [
                93.22879116027691,
                25.858373923542445
              ],
              [
                93.23096,
                25.85673
              ],
              [
                93.23548,
                25.85331
              ],
              [
                93.23643394000004,
                25.84995373000004
              ],
              [
                93.23738257826543,
                25.846616112071402
              ],
              [
                93.23739,
                25.84659
              ],
              [
                93.24396,
                25.83699
              ],
              [
                93.2446288691244,
                25.83475665733041
              ],
              [
                93.24571132300008,
                25.831103378000023
              ],
              [
                93.24497029400004,
                25.82632786000005
              ],
              [
                93.24650724300005,
                25.819246921000058
              ],
              [
                93.24497502000008,
                25.81513215700005
              ],
              [
                93.24484,
                25.81478
              ],
              [
                93.24515691888102,
                25.814069375724927
              ],
              [
                93.24610080800005,
                25.811952903000076
              ],
              [
                93.24703090300005,
                25.809715647000075
              ],
              [
                93.24999940800006,
                25.807871309000063
              ],
              [
                93.24978956300004,
                25.805130217000055
              ],
              [
                93.24954,
                25.8024
              ],
              [
                93.24978787100008,
                25.80074752400003
              ],
              [
                93.25024990800006,
                25.79709743500007
              ],
              [
                93.24903460000007,
                25.792445738000026
              ],
              [
                93.24823,
                25.78966
              ],
              [
                93.24873483800008,
                25.78912163800004
              ],
              [
                93.25065194200005,
                25.78671156400003
              ],
              [
                93.24924482400007,
                25.78155213100007
              ],
              [
                93.24830573900005,
                25.779999030000056
              ],
              [
                93.24747,
                25.77866
              ],
              [
                93.24582,
                25.77671
              ],
              [
                93.24207,
                25.77227
              ],
              [
                93.24036,
                25.77024
              ],
              [
                93.24033,
                25.76986
              ],
              [
                93.24003,
                25.76632
              ],
              [
                93.23942,
                25.76611
              ],
              [
                93.23648,
                25.76509
              ],
              [
                93.2362,
                25.76499
              ],
              [
                93.23593,
                25.7649
              ],
              [
                93.23387,
                25.76418
              ],
              [
                93.23303,
                25.76074
              ],
              [
                93.23281,
                25.75984
              ],
              [
                93.23258874466619,
                25.758954978664736
              ],
              [
                93.23254,
                25.75876
              ],
              [
                93.23311,
                25.75604
              ],
              [
                93.23349,
                25.75427
              ],
              [
                93.23374,
                25.75308
              ],
              [
                93.23371,
                25.75262
              ],
              [
                93.23337,
                25.74766
              ],
              [
                93.23203,
                25.74437
              ],
              [
                93.23122,
                25.74237
              ],
              [
                93.23086,
                25.74148
              ],
              [
                93.22978,
                25.73882
              ],
              [
                93.22741641300007,
                25.732987668000078
              ],
              [
                93.22685626200007,
                25.731613431000028
              ],
              [
                93.22164161700005,
                25.72552052900005
              ],
              [
                93.21284565100007,
                25.727469002000078
              ],
              [
                93.20987212700004,
                25.72812769500007
              ],
              [
                93.20863244800006,
                25.728402307000067
              ],
              [
                93.20474370000005,
                25.728603389000057
              ],
              [
                93.20265,
                25.72872
              ],
              [
                93.20116,
                25.7288
              ],
              [
                93.19456,
                25.72915
              ],
              [
                93.1937,
                25.7292
              ],
              [
                93.19057,
                25.72937
              ],
              [
                93.18537,
                25.72964
              ],
              [
                93.18374,
                25.72973
              ],
              [
                93.18303,
                25.72929
              ],
              [
                93.18172,
                25.72848
              ],
              [
                93.17945,
                25.72708
              ],
              [
                93.17798,
                25.72617
              ],
              [
                93.17656,
                25.7253
              ],
              [
                93.17634,
                25.72516
              ],
              [
                93.17609,
                25.7249
              ],
              [
                93.17437,
                25.7231
              ],
              [
                93.17345,
                25.72213
              ],
              [
                93.17137,
                25.71995
              ],
              [
                93.17036,
                25.71889
              ],
              [
                93.16992,
                25.71843
              ],
              [
                93.16868,
                25.71714
              ],
              [
                93.16733,
                25.71692
              ],
              [
                93.16448,
                25.71647
              ],
              [
                93.16346,
                25.71631
              ],
              [
                93.15862,
                25.71553
              ],
              [
                93.15673,
                25.71523
              ],
              [
                93.15409,
                25.71481
              ],
              [
                93.15201,
                25.71448
              ],
              [
                93.14621,
                25.71355
              ],
              [
                93.14384,
                25.71317
              ],
              [
                93.14214,
                25.71176
              ],
              [
                93.14053,
                25.71043
              ],
              [
                93.13805,
                25.70642
              ],
              [
                93.13721,
                25.70228
              ],
              [
                93.13783,
                25.69422
              ],
              [
                93.13673,
                25.69047
              ],
              [
                93.13208,
                25.68402
              ],
              [
                93.13609,
                25.6767
              ],
              [
                93.13782,
                25.66912
              ],
              [
                93.14173,
                25.66416
              ],
              [
                93.14517,
                25.66132
              ],
              [
                93.16406,
                25.66073
              ],
              [
                93.16995,
                25.65894
              ],
              [
                93.17377,
                25.65179
              ],
              [
                93.17278,
                25.64972
              ],
              [
                93.17526,
                25.64796
              ],
              [
                93.17899,
                25.64293
              ],
              [
                93.18313,
                25.63917
              ],
              [
                93.19,
                25.62918
              ],
              [
                93.19068,
                25.62556
              ],
              [
                93.18075,
                25.61665
              ],
              [
                93.17952,
                25.61444
              ],
              [
                93.17888,
                25.60977
              ],
              [
                93.17975,
                25.60523
              ],
              [
                93.17947,
                25.60247
              ],
              [
                93.17423,
                25.59962
              ],
              [
                93.17158,
                25.59818
              ],
              [
                93.17179,
                25.59558
              ],
              [
                93.17469,
                25.59338
              ],
              [
                93.17609,
                25.59231
              ],
              [
                93.18051,
                25.58895
              ],
              [
                93.18349,
                25.58363
              ],
              [
                93.18817,
                25.58247
              ],
              [
                93.19191,
                25.56979
              ],
              [
                93.19613,
                25.56523
              ],
              [
                93.1993,
                25.56371
              ],
              [
                93.20133,
                25.56362
              ],
              [
                93.2013,
                25.56017
              ],
              [
                93.19944,
                25.55732
              ],
              [
                93.2013,
                25.55562
              ],
              [
                93.20444,
                25.55588
              ],
              [
                93.20755,
                25.5539
              ],
              [
                93.21145,
                25.54428
              ],
              [
                93.21361,
                25.54332
              ],
              [
                93.21549,
                25.54501
              ],
              [
                93.21689,
                25.54882
              ],
              [
                93.22212,
                25.5487
              ],
              [
                93.23075,
                25.54448
              ],
              [
                93.23541,
                25.54424
              ],
              [
                93.24184,
                25.54552
              ],
              [
                93.25129,
                25.54613
              ],
              [
                93.26051,
                25.54508
              ],
              [
                93.26397,
                25.54546
              ],
              [
                93.26686,
                25.54164
              ],
              [
                93.26679,
                25.5368
              ],
              [
                93.26981,
                25.53079
              ],
              [
                93.27638,
                25.52913
              ],
              [
                93.28868,
                25.54031
              ],
              [
                93.29658,
                25.545
              ],
              [
                93.30208,
                25.53193
              ],
              [
                93.30565,
                25.52885
              ],
              [
                93.31057,
                25.52879
              ],
              [
                93.32127,
                25.53
              ],
              [
                93.32433,
                25.5329
              ],
              [
                93.33008,
                25.54279
              ],
              [
                93.33052,
                25.54356
              ],
              [
                93.33214,
                25.54577
              ],
              [
                93.34001,
                25.5516
              ],
              [
                93.34286,
                25.55582
              ],
              [
                93.34424,
                25.55785
              ],
              [
                93.34481,
                25.55828
              ],
              [
                93.34642,
                25.55948
              ],
              [
                93.34706,
                25.55996
              ],
              [
                93.35315,
                25.56192
              ],
              [
                93.3592,
                25.55733
              ],
              [
                93.35945,
                25.55714
              ],
              [
                93.36291,
                25.55735
              ],
              [
                93.36471,
                25.55995
              ],
              [
                93.36396,
                25.56593
              ],
              [
                93.36389,
                25.56646
              ],
              [
                93.36689,
                25.5668
              ],
              [
                93.36817,
                25.56695
              ],
              [
                93.37016,
                25.5664
              ],
              [
                93.37216,
                25.56584
              ],
              [
                93.37472,
                25.56771
              ],
              [
                93.37558,
                25.57042
              ],
              [
                93.37538,
                25.57242
              ],
              [
                93.37522,
                25.57399
              ],
              [
                93.3756,
                25.57392
              ],
              [
                93.38142,
                25.57284
              ],
              [
                93.38348,
                25.57458
              ],
              [
                93.38376,
                25.57787
              ],
              [
                93.38185,
                25.57947
              ],
              [
                93.38149,
                25.58044
              ],
              [
                93.38114,
                25.58141
              ],
              [
                93.38935,
                25.58576
              ],
              [
                93.38881,
                25.59132
              ],
              [
                93.3888,
                25.59138
              ],
              [
                93.38943,
                25.59148
              ],
              [
                93.39387,
                25.59216
              ],
              [
                93.39894,
                25.59293
              ],
              [
                93.40556,
                25.59311
              ],
              [
                93.40798,
                25.59704
              ],
              [
                93.40838,
                25.60073
              ],
              [
                93.40717,
                25.60193
              ],
              [
                93.40596,
                25.60313
              ],
              [
                93.40637,
                25.60606
              ],
              [
                93.40708,
                25.6072
              ],
              [
                93.40779,
                25.60833
              ],
              [
                93.411,
                25.61031
              ],
              [
                93.41552,
                25.6115
              ],
              [
                93.41362,
                25.61327
              ],
              [
                93.41533,
                25.61548
              ],
              [
                93.41704,
                25.61768
              ],
              [
                93.41871,
                25.61816
              ],
              [
                93.41912,
                25.61828
              ],
              [
                93.42119,
                25.61887
              ],
              [
                93.42204,
                25.62041
              ],
              [
                93.42627,
                25.62807
              ],
              [
                93.42977,
                25.6258
              ],
              [
                93.43291,
                25.62647
              ],
              [
                93.43782,
                25.62893
              ],
              [
                93.43787,
                25.62996
              ],
              [
                93.43792,
                25.63099
              ],
              [
                93.44026,
                25.63136
              ],
              [
                93.44313,
                25.63461
              ],
              [
                93.44552,
                25.63538
              ],
              [
                93.44864,
                25.6315
              ],
              [
                93.45071,
                25.63405
              ],
              [
                93.45806,
                25.62969
              ],
              [
                93.46065,
                25.62994
              ],
              [
                93.46029,
                25.63152
              ],
              [
                93.46011,
                25.63229
              ],
              [
                93.45993,
                25.6331
              ],
              [
                93.45731,
                25.63497
              ],
              [
                93.45585,
                25.63715
              ],
              [
                93.45697,
                25.63745
              ],
              [
                93.45943,
                25.63811
              ],
              [
                93.46427,
                25.64074
              ],
              [
                93.46723,
                25.6403
              ],
              [
                93.47036,
                25.64056
              ],
              [
                93.47348,
                25.64082
              ],
              [
                93.47465,
                25.64452
              ],
              [
                93.48205,
                25.64228
              ],
              [
                93.48217,
                25.64508
              ],
              [
                93.48227,
                25.64751
              ],
              [
                93.4823,
                25.64827
              ],
              [
                93.48411,
                25.64762
              ],
              [
                93.48592,
                25.64698
              ],
              [
                93.48942,
                25.64994
              ],
              [
                93.4889,
                25.65247
              ],
              [
                93.49262,
                25.65175
              ],
              [
                93.49374,
                25.65199
              ],
              [
                93.49618,
                25.6525
              ],
              [
                93.49862,
                25.65302
              ],
              [
                93.49969,
                25.65576
              ],
              [
                93.50077,
                25.65851
              ],
              [
                93.50698,
                25.66328
              ],
              [
                93.50889,
                25.6675
              ],
              [
                93.5098,
                25.66864
              ],
              [
                93.51374,
                25.67357
              ],
              [
                93.51899,
                25.68014
              ],
              [
                93.51809,
                25.68243
              ],
              [
                93.51555,
                25.68454
              ],
              [
                93.52143,
                25.68966
              ],
              [
                93.52302,
                25.69284
              ],
              [
                93.52358,
                25.69396
              ],
              [
                93.52466,
                25.69613
              ],
              [
                93.52568,
                25.69379
              ],
              [
                93.52642,
                25.69209
              ],
              [
                93.52724,
                25.69022
              ],
              [
                93.52927,
                25.68915
              ],
              [
                93.53021,
                25.69048
              ],
              [
                93.53131,
                25.69203
              ],
              [
                93.5315,
                25.6923
              ],
              [
                93.53167,
                25.69254
              ],
              [
                93.53298,
                25.69439
              ],
              [
                93.53503,
                25.69729
              ],
              [
                93.53669,
                25.69963
              ],
              [
                93.54008,
                25.69872
              ],
              [
                93.54226,
                25.69813
              ],
              [
                93.54236,
                25.69861
              ],
              [
                93.54246,
                25.69909
              ],
              [
                93.54311,
                25.70233
              ],
              [
                93.54387,
                25.70447
              ],
              [
                93.54429,
                25.70563
              ],
              [
                93.54464,
                25.70661
              ],
              [
                93.54544,
                25.70787
              ],
              [
                93.54751,
                25.71113
              ],
              [
                93.548,
                25.71326
              ],
              [
                93.54809,
                25.71367
              ],
              [
                93.54848,
                25.71539
              ],
              [
                93.54753,
                25.71608
              ],
              [
                93.54492,
                25.71795
              ],
              [
                93.54355,
                25.7234
              ],
              [
                93.54543,
                25.73091
              ],
              [
                93.54668,
                25.73011
              ],
              [
                93.54861,
                25.72886
              ],
              [
                93.5495,
                25.72953
              ],
              [
                93.55212,
                25.73151
              ],
              [
                93.5526,
                25.73187
              ],
              [
                93.55563,
                25.73416
              ],
              [
                93.55512,
                25.73764
              ],
              [
                93.55502,
                25.73836
              ],
              [
                93.55662,
                25.73808
              ],
              [
                93.56067,
                25.73736
              ],
              [
                93.56216,
                25.73752
              ],
              [
                93.5642,
                25.73774
              ],
              [
                93.56581,
                25.74139
              ],
              [
                93.56649,
                25.74294
              ],
              [
                93.56878,
                25.74814
              ],
              [
                93.56863,
                25.74878
              ],
              [
                93.56829,
                25.75019
              ],
              [
                93.56799,
                25.75142
              ],
              [
                93.56977,
                25.7521
              ],
              [
                93.57215,
                25.75301
              ],
              [
                93.57239,
                25.75481
              ],
              [
                93.57256,
                25.75606
              ],
              [
                93.57227,
                25.75663
              ],
              [
                93.57198,
                25.7572
              ],
              [
                93.57678,
                25.7558
              ],
              [
                93.58072,
                25.75465
              ],
              [
                93.5825,
                25.75413
              ],
              [
                93.58589,
                25.75582
              ],
              [
                93.58588,
                25.75646
              ],
              [
                93.58586,
                25.75888
              ],
              [
                93.58584,
                25.76193
              ],
              [
                93.58639,
                25.76323
              ],
              [
                93.58693,
                25.76448
              ],
              [
                93.58695,
                25.76453
              ],
              [
                93.58707,
                25.76448
              ],
              [
                93.5914,
                25.76261
              ],
              [
                93.59242,
                25.76065
              ],
              [
                93.59706,
                25.76472
              ],
              [
                93.60146,
                25.76718
              ],
              [
                93.60427,
                25.7638
              ],
              [
                93.60441,
                25.76898
              ],
              [
                93.60678,
                25.77321
              ],
              [
                93.61013,
                25.77283
              ],
              [
                93.61055,
                25.77296
              ],
              [
                93.61377,
                25.77394
              ],
              [
                93.61558,
                25.77449
              ],
              [
                93.62018,
                25.77588
              ],
              [
                93.62104,
                25.77614
              ],
              [
                93.62148,
                25.77761
              ],
              [
                93.62211,
                25.77971
              ],
              [
                93.62227,
                25.78024
              ],
              [
                93.6205,
                25.78119
              ],
              [
                93.61984,
                25.78155
              ],
              [
                93.61996,
                25.78179
              ],
              [
                93.62253,
                25.78675
              ],
              [
                93.62484,
                25.78761
              ],
              [
                93.62567,
                25.78792
              ],
              [
                93.62621,
                25.79458
              ],
              [
                93.62624,
                25.79495
              ],
              [
                93.62837,
                25.79635
              ],
              [
                93.62784,
                25.80004
              ],
              [
                93.62772,
                25.80071
              ],
              [
                93.62949,
                25.80105
              ],
              [
                93.63207,
                25.80155
              ],
              [
                93.63278,
                25.80628
              ],
              [
                93.63442,
                25.80922
              ],
              [
                93.63485,
                25.80999
              ],
              [
                93.63693,
                25.80986
              ],
              [
                93.63902,
                25.80973
              ],
              [
                93.63937,
                25.81198
              ],
              [
                93.63973,
                25.81423
              ],
              [
                93.64307,
                25.81586
              ],
              [
                93.64423,
                25.81709
              ],
              [
                93.64721,
                25.82027
              ],
              [
                93.64812,
                25.81999
              ],
              [
                93.65107,
                25.81909
              ],
              [
                93.65308,
                25.82071
              ],
              [
                93.65547,
                25.82263
              ],
              [
                93.65629,
                25.82223
              ],
              [
                93.65953,
                25.82066
              ],
              [
                93.66537,
                25.82083
              ],
              [
                93.66731,
                25.82089
              ],
              [
                93.6674,
                25.82131
              ],
              [
                93.66768,
                25.82259
              ],
              [
                93.66776,
                25.82296
              ],
              [
                93.66822,
                25.82503
              ],
              [
                93.66868,
                25.82493
              ],
              [
                93.67126,
                25.82437
              ],
              [
                93.67675,
                25.82511
              ],
              [
                93.68012,
                25.82993
              ],
              [
                93.68156,
                25.83199
              ],
              [
                93.68153,
                25.83239
              ],
              [
                93.68121,
                25.83694
              ],
              [
                93.68442,
                25.83809
              ],
              [
                93.68702,
                25.83902
              ],
              [
                93.69073,
                25.84035
              ],
              [
                93.68925,
                25.84379
              ],
              [
                93.69247,
                25.84347
              ],
              [
                93.69548,
                25.84646
              ],
              [
                93.69655,
                25.84753
              ],
              [
                93.69774,
                25.84798
              ],
              [
                93.70127,
                25.84932
              ],
              [
                93.70228,
                25.8497
              ],
              [
                93.70231,
                25.8459
              ],
              [
                93.70111,
                25.84328
              ],
              [
                93.70116,
                25.84324
              ],
              [
                93.70313,
                25.84428
              ],
              [
                93.70416,
                25.84482
              ],
              [
                93.70503,
                25.849
              ],
              [
                93.70513,
                25.84949
              ],
              [
                93.7046,
                25.85074
              ],
              [
                93.70358,
                25.85311
              ],
              [
                93.70222,
                25.85628
              ],
              [
                93.69987,
                25.86176
              ],
              [
                93.69974,
                25.86208
              ],
              [
                93.69956,
                25.86249
              ],
              [
                93.69682,
                25.86886
              ],
              [
                93.69283,
                25.87814
              ],
              [
                93.69158,
                25.88105
              ],
              [
                93.69067,
                25.88316
              ],
              [
                93.69055,
                25.88344
              ],
              [
                93.69006,
                25.88461
              ],
              [
                93.68967,
                25.88552
              ],
              [
                93.68921,
                25.88694
              ],
              [
                93.68902,
                25.88755
              ],
              [
                93.68893,
                25.88782
              ],
              [
                93.68885,
                25.88806
              ],
              [
                93.68845,
                25.88929
              ],
              [
                93.68725,
                25.89302
              ],
              [
                93.68708,
                25.89355
              ],
              [
                93.68667,
                25.89482
              ],
              [
                93.68626,
                25.8961
              ],
              [
                93.6852,
                25.89942
              ],
              [
                93.68498,
                25.90011
              ],
              [
                93.68465,
                25.90114
              ],
              [
                93.6849,
                25.90185
              ],
              [
                93.68578,
                25.90401
              ],
              [
                93.68605,
                25.90468
              ],
              [
                93.6863,
                25.90528
              ],
              [
                93.68647,
                25.90571
              ],
              [
                93.68691,
                25.90602
              ],
              [
                93.68706,
                25.90613
              ],
              [
                93.68722,
                25.90626
              ],
              [
                93.68738,
                25.90638
              ],
              [
                93.68801,
                25.90686
              ],
              [
                93.68836,
                25.90712
              ],
              [
                93.68867,
                25.90736
              ],
              [
                93.68914,
                25.90772
              ],
              [
                93.69185,
                25.90981
              ],
              [
                93.69204,
                25.90995
              ],
              [
                93.69363,
                25.91116
              ],
              [
                93.69394,
                25.91139
              ],
              [
                93.69636,
                25.91323
              ],
              [
                93.69648,
                25.91332
              ],
              [
                93.69679,
                25.9135
              ],
              [
                93.69941,
                25.915
              ],
              [
                93.69945,
                25.91502
              ],
              [
                93.70016,
                25.91543
              ],
              [
                93.70035,
                25.91554
              ],
              [
                93.70095,
                25.91589
              ],
              [
                93.70123,
                25.91606
              ],
              [
                93.70184,
                25.9164
              ],
              [
                93.70246,
                25.91673
              ],
              [
                93.70345,
                25.9173
              ],
              [
                93.70385,
                25.91753
              ],
              [
                93.70398,
                25.91755
              ],
              [
                93.70457,
                25.91766
              ],
              [
                93.70758,
                25.91821
              ],
              [
                93.70963,
                25.91859
              ],
              [
                93.7101,
                25.91868
              ],
              [
                93.71017,
                25.91869
              ],
              [
                93.7106,
                25.91877
              ],
              [
                93.7113,
                25.9189
              ],
              [
                93.71151,
                25.91885
              ],
              [
                93.71215,
                25.9187
              ],
              [
                93.71323,
                25.91842
              ],
              [
                93.71389,
                25.91827
              ],
              [
                93.71452,
                25.91813
              ],
              [
                93.71518,
                25.91797
              ],
              [
                93.71529,
                25.91795
              ],
              [
                93.71554,
                25.91808
              ],
              [
                93.7161,
                25.91833
              ],
              [
                93.71652,
                25.9186
              ],
              [
                93.71687,
                25.91881
              ],
              [
                93.71718,
                25.91898
              ],
              [
                93.71791,
                25.91937
              ],
              [
                93.71865,
                25.91977
              ],
              [
                93.71926,
                25.9201
              ],
              [
                93.71987,
                25.92042
              ],
              [
                93.72046,
                25.92073
              ],
              [
                93.72472,
                25.92301
              ],
              [
                93.72609,
                25.92374
              ],
              [
                93.72618,
                25.9238
              ],
              [
                93.72674,
                25.92409
              ],
              [
                93.72705,
                25.92426
              ],
              [
                93.72771,
                25.9246
              ],
              [
                93.7285,
                25.92482
              ],
              [
                93.72892,
                25.92494
              ],
              [
                93.72922,
                25.92501
              ],
              [
                93.72984,
                25.92519
              ],
              [
                93.73269,
                25.92601
              ],
              [
                93.73313,
                25.92614
              ],
              [
                93.73318,
                25.92615
              ],
              [
                93.73521,
                25.92673
              ],
              [
                93.73557,
                25.9269
              ],
              [
                93.73584,
                25.92704
              ],
              [
                93.73607,
                25.92715
              ],
              [
                93.73707,
                25.92764
              ],
              [
                93.73768,
                25.92794
              ],
              [
                93.73964,
                25.92893
              ],
              [
                93.73997,
                25.92912
              ],
              [
                93.7421,
                25.93014
              ],
              [
                93.74603,
                25.93207
              ],
              [
                93.74631,
                25.93221
              ],
              [
                93.74656,
                25.93233
              ],
              [
                93.74686,
                25.93248
              ],
              [
                93.74769,
                25.93288
              ],
              [
                93.74803,
                25.93305
              ],
              [
                93.74883,
                25.93345
              ],
              [
                93.74965,
                25.93303
              ],
              [
                93.75062,
                25.93253
              ],
              [
                93.7507,
                25.93402
              ],
              [
                93.75072,
                25.9346
              ],
              [
                93.75073,
                25.9348
              ],
              [
                93.75075,
                25.93537
              ],
              [
                93.75076,
                25.9358
              ],
              [
                93.74948,
                25.93699
              ],
              [
                93.74817,
                25.93822
              ],
              [
                93.7505,
                25.94009
              ],
              [
                93.75084,
                25.94023
              ],
              [
                93.75131,
                25.94042
              ],
              [
                93.75287,
                25.94152
              ],
              [
                93.75762,
                25.94485
              ],
              [
                93.7579,
                25.9453
              ],
              [
                93.75936,
                25.94761
              ],
              [
                93.76155,
                25.95109
              ],
              [
                93.76416,
                25.95114
              ],
              [
                93.76612,
                25.95117
              ],
              [
                93.76718,
                25.95119
              ],
              [
                93.7681,
                25.95042
              ],
              [
                93.76849,
                25.9501
              ],
              [
                93.76903,
                25.94965
              ],
              [
                93.76849,
                25.95299
              ],
              [
                93.7683,
                25.95413
              ],
              [
                93.76886,
                25.95542
              ],
              [
                93.77179,
                25.96216
              ]
            ]
          ],
          [
            [
              [
                92.16477,
                25.68342
              ],
              [
                92.16535,
                25.68004
              ],
              [
                92.16587,
                25.67698
              ],
              [
                92.16585394300006,
                25.676963424000064
              ],
              [
                92.16585772500008,
                25.67694027400006
              ],
              [
                92.16096899500008,
                25.671794242000033
              ],
              [
                92.16101309316888,
                25.671088662299045
              ],
              [
                92.16105476200005,
                25.67042196700004
              ],
              [
                92.16230177600005,
                25.66962031500003
              ],
              [
                92.16487,
                25.66789
              ],
              [
                92.16601,
                25.66726
              ],
              [
                92.16995633100004,
                25.66507712600003
              ],
              [
                92.17006140400008,
                25.665019006000023
              ],
              [
                92.17015,
                25.66497
              ],
              [
                92.17134,
                25.66544
              ],
              [
                92.17137531825846,
                25.665469490745807
              ],
              [
                92.17393402800008,
                25.667606013000068
              ],
              [
                92.17534,
                25.66878
              ],
              [
                92.18517,
                25.67968
              ],
              [
                92.18561789700004,
                25.680010181000057
              ],
              [
                92.19248844000003,
                25.684787972000038
              ],
              [
                92.19437531800008,
                25.684573554000053
              ],
              [
                92.19600224300007,
                25.685107768000023
              ],
              [
                92.19729,
                25.68549
              ],
              [
                92.19868,
                25.68488
              ],
              [
                92.19990082600003,
                25.685521451000056
              ],
              [
                92.20059343900004,
                25.685860062000074
              ],
              [
                92.2012931853547,
                25.687209572969696
              ],
              [
                92.20192,
                25.68825
              ],
              [
                92.211,
                25.69443
              ],
              [
                92.21259,
                25.69644
              ],
              [
                92.21305,
                25.69702
              ],
              [
                92.2253,
                25.71247
              ],
              [
                92.22599873100006,
                25.712853617000064
              ],
              [
                92.22938,
                25.71471
              ],
              [
                92.2329,
                25.71363
              ],
              [
                92.233,
                25.7136
              ],
              [
                92.23401514167163,
                25.709327945465212
              ],
              [
                92.23417129700005,
                25.708631252000032
              ],
              [
                92.23418562400008,
                25.70861049800004
              ],
              [
                92.2342,
                25.70855
              ],
              [
                92.23456,
                25.70805
              ],
              [
                92.2351,
                25.7073
              ],
              [
                92.23719,
                25.70687
              ],
              [
                92.24708882400006,
                25.709132588000045
              ],
              [
                92.24836757400004,
                25.709424873000046
              ],
              [
                92.24839,
                25.70943
              ],
              [
                92.25055337400005,
                25.709096872000032
              ],
              [
                92.25392154200006,
                25.708591442000056
              ],
              [
                92.25445997400004,
                25.708737505000045
              ],
              [
                92.25604,
                25.70919
              ],
              [
                92.26117,
                25.70879
              ],
              [
                92.266,
                25.70908
              ],
              [
                92.27083,
                25.70937
              ],
              [
                92.27782736100005,
                25.711808399000063
              ],
              [
                92.28492,
                25.71428
              ],
              [
                92.28614706225356,
                25.714290988617197
              ],
              [
                92.28806134247772,
                25.714308131425174
              ],
              [
                92.28825324700006,
                25.714309850000063
              ],
              [
                92.29036848714415,
                25.714833686631337
              ],
              [
                92.29382444000004,
                25.715689550000036
              ],
              [
                92.29385520400007,
                25.715703811000026
              ],
              [
                92.29388,
                25.71571
              ],
              [
                92.30636593700007,
                25.721503605000066
              ],
              [
                92.30792674500003,
                25.723668598000074
              ],
              [
                92.30854401200008,
                25.724524806000034
              ],
              [
                92.31174086400006,
                25.72445454600006
              ],
              [
                92.31213983900005,
                25.72422614800007
              ],
              [
                92.31416485100004,
                25.72306690100004
              ],
              [
                92.31417471100008,
                25.723064734000047
              ],
              [
                92.31562853000008,
                25.72274528500003
              ],
              [
                92.31808187300004,
                25.722206210000024
              ],
              [
                92.32670172600007,
                25.722954395000045
              ],
              [
                92.32703110308005,
                25.722983506585358
              ],
              [
                92.33367334600007,
                25.723570573000075
              ],
              [
                92.33600413100004,
                25.724241558000074
              ],
              [
                92.33926,
                25.72521
              ],
              [
                92.34713535700007,
                25.729618109000057
              ],
              [
                92.34794148200007,
                25.730073051000034
              ],
              [
                92.34981120100008,
                25.731446722000044
              ],
              [
                92.35205,
                25.73319
              ],
              [
                92.35980778800007,
                25.73433003400004
              ],
              [
                92.36322862800006,
                25.734852
              ],
              [
                92.36853485800003,
                25.738797660000046
              ],
              [
                92.36816,
                25.73973
              ],
              [
                92.36777,
                25.7407
              ],
              [
                92.36973,
                25.74274
              ],
              [
                92.37158690400008,
                25.744662885000025
              ],
              [
                92.37162809200004,
                25.744705536000026
              ],
              [
                92.3717,
                25.74478
              ],
              [
                92.37879,
                25.74846
              ],
              [
                92.37959,
                25.74888
              ],
              [
                92.38533,
                25.75185
              ],
              [
                92.38560444119055,
                25.75169048105799
              ],
              [
                92.38693,
                25.75092
              ],
              [
                92.38717,
                25.75078
              ],
              [
                92.38647,
                25.7502
              ],
              [
                92.38455,
                25.74862
              ],
              [
                92.38422536300004,
                25.74744725000005
              ],
              [
                92.38373041800008,
                25.745802755000057
              ],
              [
                92.38375579200004,
                25.745750926000028
              ],
              [
                92.38375,
                25.74573
              ],
              [
                92.38397106000008,
                25.745311231000073
              ],
              [
                92.38516753000005,
                25.743044679000036
              ],
              [
                92.38531632200005,
                25.742920016000028
              ],
              [
                92.38705132400008,
                25.741466366000054
              ],
              [
                92.38707834900003,
                25.74146350600006
              ],
              [
                92.38716,
                25.7414
              ],
              [
                92.39232017900008,
                25.740881990000048
              ],
              [
                92.39271035200005,
                25.740712521000034
              ],
              [
                92.39495562900004,
                25.73973729900007
              ],
              [
                92.39539567700007,
                25.739832859000046
              ],
              [
                92.40509163269503,
                25.741938415933806
              ],
              [
                92.40749,
                25.74171
              ],
              [
                92.41092,
                25.74139
              ],
              [
                92.41264,
                25.74059
              ],
              [
                92.41488,
                25.73954
              ],
              [
                92.41657,
                25.73875
              ],
              [
                92.41263,
                25.73565
              ],
              [
                92.41303,
                25.73393
              ],
              [
                92.41343,
                25.73221
              ],
              [
                92.41293,
                25.73122
              ],
              [
                92.41405,
                25.73034
              ],
              [
                92.41713,
                25.72793
              ],
              [
                92.4215,
                25.72769
              ],
              [
                92.43215,
                25.73018
              ],
              [
                92.43220769900006,
                25.730154411000058
              ],
              [
                92.43261788300003,
                25.729972504000045
              ],
              [
                92.43293092300007,
                25.72982343700005
              ],
              [
                92.43333066690758,
                25.72963308204412
              ],
              [
                92.43747,
                25.72465
              ],
              [
                92.43993,
                25.7217
              ],
              [
                92.44207567700005,
                25.719123228000058
              ],
              [
                92.44212,
                25.71907
              ],
              [
                92.43942,
                25.71652
              ],
              [
                92.43656,
                25.71382
              ],
              [
                92.43650811900005,
                25.713801299000068
              ],
              [
                92.43552063600004,
                25.713465393000035
              ],
              [
                92.42980454100007,
                25.71151519600005
              ],
              [
                92.42739621300007,
                25.708668991000025
              ],
              [
                92.43165026600008,
                25.702466306000076
              ],
              [
                92.43223654973787,
                25.699441826305094
              ],
              [
                92.43344,
                25.69345
              ],
              [
                92.43324,
                25.69275
              ],
              [
                92.43223438200005,
                25.689279631000034
              ],
              [
                92.43360706351592,
                25.687009425839175
              ],
              [
                92.43436737100006,
                25.68575199600008
              ],
              [
                92.43439111600009,
                25.68575422200007
              ],
              [
                92.4344,
                25.68574
              ],
              [
                92.43804579600004,
                25.686096847000044
              ],
              [
                92.44051516300004,
                25.686328351000043
              ],
              [
                92.44051042200005,
                25.686338083000066
              ],
              [
                92.44053,
                25.68634
              ],
              [
                92.44010713500006,
                25.68734200700004
              ],
              [
                92.44150580400003,
                25.68664267300005
              ],
              [
                92.44306759500006,
                25.68586177800006
              ],
              [
                92.44310684091205,
                25.68585683926281
              ],
              [
                92.44312,
                25.68585
              ],
              [
                92.45118045000004,
                25.684820380000076
              ],
              [
                92.45140472600008,
                25.684687922000023
              ],
              [
                92.45522595300008,
                25.682431090000023
              ],
              [
                92.45983679700004,
                25.681168597000067
              ],
              [
                92.45985983142407,
                25.681166554317187
              ],
              [
                92.45992,
                25.68115
              ],
              [
                92.46544254600008,
                25.680632572000036
              ],
              [
                92.46556756200005,
                25.680479526000056
              ],
              [
                92.46916804100005,
                25.676071764000028
              ],
              [
                92.46921,
                25.67602
              ],
              [
                92.47157,
                25.67311
              ],
              [
                92.47298948600007,
                25.672361798000054
              ],
              [
                92.4736,
                25.67204
              ],
              [
                92.47467,
                25.67147
              ],
              [
                92.47584,
                25.66982
              ],
              [
                92.48059,
                25.66311
              ],
              [
                92.48134,
                25.66204
              ],
              [
                92.48571,
                25.65324
              ],
              [
                92.48825,
                25.64813
              ],
              [
                92.49050515300146,
                25.641793659178074
              ],
              [
                92.49072,
                25.64119
              ],
              [
                92.49319,
                25.63425
              ],
              [
                92.49502,
                25.63064
              ],
              [
                92.49783,
                25.62509
              ],
              [
                92.49860531800005,
                25.624256252000066
              ],
              [
                92.50152651600007,
                25.62100805400007
              ],
              [
                92.51036396800004,
                25.615271945000075
              ],
              [
                92.51092216400008,
                25.61550862000007
              ],
              [
                92.51718417161054,
                25.618163710834875
              ],
              [
                92.53311,
                25.61402
              ],
              [
                92.53321089300005,
                25.614045434000047
              ],
              [
                92.54029,
                25.61583
              ],
              [
                92.54033,
                25.61579
              ],
              [
                92.54236180900006,
                25.614030443000047
              ],
              [
                92.54436,
                25.6123
              ],
              [
                92.54961880900004,
                25.612046709000026
              ],
              [
                92.5530969066953,
                25.611872804015267
              ],
              [
                92.55745,
                25.61002
              ],
              [
                92.55842822200003,
                25.606985515000076
              ],
              [
                92.55603328400008,
                25.603991843000074
              ],
              [
                92.55603759258986,
                25.603947768490645
              ],
              [
                92.556,
                25.6039
              ],
              [
                92.55645982900006,
                25.599628902000063
              ],
              [
                92.55699387700008,
                25.59416635300005
              ],
              [
                92.55614306600006,
                25.59090033800004
              ],
              [
                92.55967682246649,
                25.58302389291218
              ],
              [
                92.56071,
                25.58075
              ],
              [
                92.56072987800007,
                25.572341221000045
              ],
              [
                92.56073,
                25.57229
              ],
              [
                92.56239690700005,
                25.569599709000045
              ],
              [
                92.56441514100004,
                25.566280624000058
              ],
              [
                92.56795634900004,
                25.563519249000024
              ],
              [
                92.56929,
                25.56247
              ],
              [
                92.5697459201449,
                25.561841946739168
              ],
              [
                92.5714862466736,
                25.559444558153714
              ],
              [
                92.57223,
                25.55842
              ],
              [
                92.57408953600003,
                25.55801549000006
              ],
              [
                92.57450962800004,
                25.557919826000045
              ],
              [
                92.57574464400005,
                25.557638585000063
              ],
              [
                92.57581254800004,
                25.557640138000068
              ],
              [
                92.57582771000006,
                25.557640485000036
              ],
              [
                92.57602413100005,
                25.55764497800004
              ],
              [
                92.57661,
                25.55766
              ],
              [
                92.58112112300006,
                25.557759804000057
              ],
              [
                92.58157,
                25.55727
              ],
              [
                92.58253,
                25.55619
              ],
              [
                92.58610424700004,
                25.552186195000047
              ],
              [
                92.58719,
                25.55097
              ],
              [
                92.58806258600004,
                25.551097782000056
              ],
              [
                92.59309898400005,
                25.551877224000066
              ],
              [
                92.59314397100007,
                25.55189450000006
              ],
              [
                92.60230821182039,
                25.55541384793105
              ],
              [
                92.60276620700006,
                25.55727099300003
              ],
              [
                92.6032,
                25.55903
              ],
              [
                92.6064,
                25.5619
              ],
              [
                92.60744271900006,
                25.56283323300005
              ],
              [
                92.60838064000006,
                25.563663421000058
              ],
              [
                92.60997379200006,
                25.563590340000076
              ],
              [
                92.61219,
                25.56345
              ],
              [
                92.62079715500005,
                25.566239078000024
              ],
              [
                92.62578767600007,
                25.565929322000045
              ],
              [
                92.62764197254343,
                25.56692966663529
              ],
              [
                92.62855,
                25.56741
              ],
              [
                92.63025,
                25.56859
              ],
              [
                92.63093946100008,
                25.569651305000036
              ],
              [
                92.63292,
                25.5727
              ],
              [
                92.63382919000009,
                25.576796347000027
              ],
              [
                92.64033159700006,
                25.585286086000053
              ],
              [
                92.64800755500005,
                25.590221885000062
              ],
              [
                92.64884796982614,
                25.590356566491433
              ],
              [
                92.65087,
                25.59062
              ],
              [
                92.65314,
                25.59007
              ],
              [
                92.65343306170665,
                25.58984843402371
              ],
              [
                92.66029099892576,
                25.580876288450252
              ],
              [
                92.66601442600006,
                25.57338840700004
              ],
              [
                92.66629,
                25.57322
              ],
              [
                92.66882,
                25.57359
              ],
              [
                92.67252,
                25.57451
              ],
              [
                92.68221,
                25.57691
              ],
              [
                92.68261,
                25.57701
              ],
              [
                92.68357,
                25.57838
              ],
              [
                92.68423,
                25.57932
              ],
              [
                92.68067,
                25.58153
              ],
              [
                92.68141,
                25.58476
              ],
              [
                92.69056,
                25.59384
              ],
              [
                92.69085,
                25.59413
              ],
              [
                92.69468,
                25.59677
              ],
              [
                92.69712,
                25.59846
              ],
              [
                92.69814,
                25.59877
              ],
              [
                92.69819623000006,
                25.598787177000077
              ],
              [
                92.70197,
                25.59994
              ],
              [
                92.70213,
                25.59993
              ],
              [
                92.70527,
                25.59973
              ],
              [
                92.70828,
                25.59954
              ],
              [
                92.71003,
                25.59994
              ],
              [
                92.71068,
                25.60009
              ],
              [
                92.71447,
                25.59932
              ],
              [
                92.71536192900004,
                25.596954565000033
              ],
              [
                92.71789,
                25.59025
              ],
              [
                92.71884,
                25.59026
              ],
              [
                92.74076883800006,
                25.59547972400003
              ],
              [
                92.74608444600005,
                25.597754063000025
              ],
              [
                92.74955,
                25.60041
              ],
              [
                92.75104,
                25.60393
              ],
              [
                92.75043,
                25.60519
              ],
              [
                92.74983,
                25.60644
              ],
              [
                92.74975,
                25.60662
              ],
              [
                92.74989,
                25.60704
              ],
              [
                92.75039,
                25.60849
              ],
              [
                92.75198,
                25.61315
              ],
              [
                92.75474,
                25.6144
              ],
              [
                92.7561,
                25.61501
              ],
              [
                92.75966,
                25.61662
              ],
              [
                92.76242,
                25.61787
              ],
              [
                92.76401703056835,
                25.617284039143982
              ],
              [
                92.7652,
                25.61685
              ],
              [
                92.76620566900004,
                25.618114863000073
              ],
              [
                92.76714,
                25.61929
              ],
              [
                92.76709,
                25.6199
              ],
              [
                92.76693,
                25.62193
              ],
              [
                92.76674454000005,
                25.622115460000032
              ],
              [
                92.76664,
                25.62222
              ],
              [
                92.76249,
                25.62625
              ],
              [
                92.7624900977922,
                25.626266136566542
              ],
              [
                92.76250580200008,
                25.628857468000035
              ],
              [
                92.76487,
                25.63078
              ],
              [
                92.76805,
                25.63337
              ],
              [
                92.76909,
                25.63422
              ],
              [
                92.77093,
                25.63822
              ],
              [
                92.77164,
                25.63977
              ],
              [
                92.77333,
                25.64122
              ],
              [
                92.77617,
                25.64365
              ],
              [
                92.77943,
                25.64644
              ],
              [
                92.78055,
                25.6474
              ],
              [
                92.7873,
                25.65576
              ],
              [
                92.78769,
                25.66129
              ],
              [
                92.78713,
                25.66235
              ],
              [
                92.7857,
                25.66505
              ],
              [
                92.78385,
                25.66856
              ],
              [
                92.77824,
                25.67461
              ],
              [
                92.77789,
                25.67538
              ],
              [
                92.77686530190465,
                25.677674623085306
              ],
              [
                92.77664,
                25.67817
              ],
              [
                92.77693,
                25.6784
              ],
              [
                92.77822,
                25.67945
              ],
              [
                92.78053,
                25.68132
              ],
              [
                92.78154,
                25.68183
              ],
              [
                92.78933,
                25.68578
              ],
              [
                92.79241,
                25.68816
              ],
              [
                92.79474,
                25.68847
              ],
              [
                92.79758,
                25.68885
              ],
              [
                92.79760062600008,
                25.688879749000023
              ],
              [
                92.79914,
                25.6911
              ],
              [
                92.80115,
                25.69419
              ],
              [
                92.80181,
                25.69521
              ],
              [
                92.8036,
                25.69796
              ],
              [
                92.80543497300005,
                25.700772296000025
              ],
              [
                92.80697,
                25.70114
              ],
              [
                92.81156,
                25.70222
              ],
              [
                92.81156851800006,
                25.702237833000027
              ],
              [
                92.8137,
                25.7067
              ],
              [
                92.81573,
                25.71095
              ],
              [
                92.81811,
                25.71293
              ],
              [
                92.81813207700009,
                25.71298801300003
              ],
              [
                92.81905,
                25.7154
              ],
              [
                92.82076,
                25.71989
              ],
              [
                92.82288,
                25.72547
              ],
              [
                92.82311,
                25.72829
              ],
              [
                92.82097,
                25.73628
              ],
              [
                92.82097334700006,
                25.736410885000055
              ],
              [
                92.8209874803176,
                25.736963480418105
              ],
              [
                92.82107,
                25.74019
              ],
              [
                92.82225,
                25.74124
              ],
              [
                92.82591,
                25.74295
              ],
              [
                92.82792,
                25.74389
              ],
              [
                92.82936,
                25.74397
              ],
              [
                92.83158,
                25.7441
              ],
              [
                92.83285,
                25.74479
              ],
              [
                92.83404,
                25.74676
              ],
              [
                92.83453,
                25.74757
              ],
              [
                92.83742,
                25.74967
              ],
              [
                92.83916,
                25.74954
              ],
              [
                92.84286,
                25.74926
              ],
              [
                92.84346,
                25.74956
              ],
              [
                92.84463,
                25.74998
              ],
              [
                92.8454,
                25.75025
              ],
              [
                92.84599,
                25.75043
              ],
              [
                92.84636,
                25.75049
              ],
              [
                92.84658,
                25.75054
              ],
              [
                92.84754,
                25.75073
              ],
              [
                92.84772064600008,
                25.75078419400006
              ],
              [
                92.84974,
                25.75139
              ],
              [
                92.85277149700005,
                25.75139
              ],
              [
                92.85491,
                25.75139
              ],
              [
                92.85636,
                25.75139
              ],
              [
                92.85726,
                25.75166
              ],
              [
                92.86608,
                25.7543
              ],
              [
                92.86885,
                25.75513
              ],
              [
                92.86887757389472,
                25.75513478006522
              ],
              [
                92.88131,
                25.75729
              ],
              [
                92.88473565888714,
                25.75788396504898
              ],
              [
                92.88627,
                25.75815
              ],
              [
                92.89102030100008,
                25.76061829300005
              ],
              [
                92.89137,
                25.7608
              ],
              [
                92.89800829859672,
                25.762690798845327
              ],
              [
                92.90594,
                25.76495
              ],
              [
                92.91004,
                25.76688
              ],
              [
                92.91317,
                25.76925
              ],
              [
                92.91412,
                25.76997
              ],
              [
                92.91571,
                25.77021
              ],
              [
                92.91624,
                25.77029
              ],
              [
                92.92088,
                25.771
              ],
              [
                92.9264,
                25.77669
              ],
              [
                92.92859,
                25.78103
              ],
              [
                92.9278,
                25.78512
              ],
              [
                92.93059,
                25.79939
              ],
              [
                92.93119,
                25.80245
              ],
              [
                92.93134,
                25.80322
              ],
              [
                92.93067,
                25.80585
              ],
              [
                92.9304,
                25.80692
              ],
              [
                92.93039,
                25.80695
              ],
              [
                92.93019,
                25.80774
              ],
              [
                92.93017,
                25.80782
              ],
              [
                92.93052,
                25.80771
              ],
              [
                92.93543,
                25.80619
              ],
              [
                92.93708,
                25.80595
              ],
              [
                92.93954,
                25.80559
              ],
              [
                92.94005,
                25.80552
              ],
              [
                92.94100582579782,
                25.805379991714123
              ],
              [
                92.9436,
                25.805
              ],
              [
                92.94438,
                25.80556
              ],
              [
                92.94656,
                25.80715
              ],
              [
                92.94872,
                25.80872
              ],
              [
                92.95024,
                25.80983
              ],
              [
                92.95184,
                25.81099
              ],
              [
                92.95286095300008,
                25.810929944000065
              ],
              [
                92.95354,
                25.81089
              ],
              [
                92.9546,
                25.81169
              ],
              [
                92.9555,
                25.81237
              ],
              [
                92.95618,
                25.81289
              ],
              [
                92.96192,
                25.81723
              ],
              [
                92.96206,
                25.81725
              ],
              [
                92.96245,
                25.81732
              ],
              [
                92.96441666100009,
                25.817656013000033
              ],
              [
                92.96444,
                25.81766
              ],
              [
                92.96477,
                25.81752
              ],
              [
                92.96641,
                25.81681
              ],
              [
                92.96606525538478,
                25.815849640000454
              ],
              [
                92.96585,
                25.81525
              ],
              [
                92.963122616279,
                25.812751542843124
              ],
              [
                92.95894,
                25.80892
              ],
              [
                92.95848,
                25.80801
              ],
              [
                92.95791327200004,
                25.806883454000058
              ],
              [
                92.95731741100008,
                25.805676835000043
              ],
              [
                92.95734429400005,
                25.804917386000056
              ],
              [
                92.95748,
                25.80186
              ],
              [
                92.95752937000003,
                25.800803475000066
              ],
              [
                92.96478394615731,
                25.795865949121158
              ],
              [
                92.96749,
                25.79403
              ],
              [
                92.96852,
                25.79333
              ],
              [
                92.97081462900007,
                25.790432544000055
              ],
              [
                92.97088,
                25.79035
              ],
              [
                92.96921712210766,
                25.787469895490485
              ],
              [
                92.96846714600008,
                25.786079031000043
              ],
              [
                92.96851363182988,
                25.785404983467664
              ],
              [
                92.96864,
                25.78481
              ],
              [
                92.96908613699766,
                25.784578669704914
              ],
              [
                92.96971077000006,
                25.78427792000008
              ],
              [
                92.97016269400007,
                25.784425487000078
              ],
              [
                92.97042560031147,
                25.78451133344869
              ],
              [
                92.97161,
                25.78495
              ],
              [
                92.97489708591942,
                25.787475119911146
              ],
              [
                92.97532,
                25.7878
              ],
              [
                92.97752,
                25.78884
              ],
              [
                92.97866983616709,
                25.789385503669966
              ],
              [
                92.97967,
                25.78986
              ],
              [
                92.98111,
                25.79054
              ],
              [
                92.98189,
                25.79091
              ],
              [
                92.98198,
                25.79095
              ],
              [
                92.9825,
                25.7912
              ],
              [
                92.98293344955557,
                25.790811390285796
              ],
              [
                92.98307967800008,
                25.79068028900008
              ],
              [
                92.98304860500008,
                25.790593305000073
              ],
              [
                92.98158952700004,
                25.78650786700007
              ],
              [
                92.98374805600008,
                25.784411010000042
              ],
              [
                92.98386,
                25.78431
              ],
              [
                92.98476,
                25.7835
              ],
              [
                92.98587,
                25.78461
              ],
              [
                92.98696,
                25.78571
              ],
              [
                92.98725190700009,
                25.78600190700007
              ],
              [
                92.98823,
                25.78698
              ],
              [
                92.98901,
                25.79123
              ],
              [
                92.98937,
                25.79318
              ],
              [
                92.98980569200006,
                25.79554660100007
              ],
              [
                92.98981,
                25.79557
              ],
              [
                92.98961617889964,
                25.796370984436855
              ],
              [
                92.988,
                25.80305
              ],
              [
                92.98672151736194,
                25.804216450654305
              ],
              [
                92.98412,
                25.80659
              ],
              [
                92.9841187522089,
                25.806627433732945
              ],
              [
                92.98403389200007,
                25.809173239998014
              ],
              [
                92.98403,
                25.80929
              ],
              [
                92.98403389200007,
                25.80930023289905
              ],
              [
                92.98492,
                25.81163
              ],
              [
                92.98522490452963,
                25.81243884396055
              ],
              [
                92.98564,
                25.81354
              ],
              [
                92.98683,
                25.81668
              ],
              [
                92.98801,
                25.8198
              ],
              [
                92.98807,
                25.81988
              ],
              [
                92.98968,
                25.82208
              ],
              [
                92.98971,
                25.82212
              ],
              [
                92.99076552200006,
                25.82299439700006
              ],
              [
                92.9914,
                25.82352
              ],
              [
                92.99194,
                25.82325
              ],
              [
                92.99422,
                25.82214
              ],
              [
                92.99448,
                25.82201
              ],
              [
                92.99526973000008,
                25.82162353600006
              ],
              [
                92.99865719900004,
                25.81999995700005
              ],
              [
                93.00616182900006,
                25.80679180800007
              ],
              [
                93.00972116700007,
                25.79178254900006
              ],
              [
                93.01100265600007,
                25.79145156900006
              ],
              [
                93.01584822700005,
                25.790200064000032
              ],
              [
                93.01623985300006,
                25.790103525000063
              ],
              [
                93.01903891500007,
                25.796000580000054
              ],
              [
                93.01906,
                25.79604
              ],
              [
                93.01993,
                25.79603
              ],
              [
                93.02274,
                25.79598
              ],
              [
                93.02407,
                25.79596
              ],
              [
                93.02444733162052,
                25.7959551312049
              ],
              [
                93.02562,
                25.79594
              ],
              [
                93.02648,
                25.7949
              ],
              [
                93.02726,
                25.79395
              ],
              [
                93.02943,
                25.79131
              ],
              [
                93.0322,
                25.78994
              ],
              [
                93.03451,
                25.7888
              ],
              [
                93.03591,
                25.78811
              ],
              [
                93.03614,
                25.788
              ],
              [
                93.0508,
                25.781
              ],
              [
                93.05152,
                25.78065
              ],
              [
                93.05234,
                25.78026
              ],
              [
                93.05282,
                25.78003
              ],
              [
                93.05384,
                25.77983
              ],
              [
                93.05412,
                25.77978
              ],
              [
                93.05447,
                25.77971
              ],
              [
                93.06196,
                25.77828
              ],
              [
                93.0662,
                25.77672
              ],
              [
                93.07132871900006,
                25.774830464000047
              ],
              [
                93.07150436800003,
                25.774974521000047
              ],
              [
                93.07149689200008,
                25.774999567000066
              ],
              [
                93.07352263000007,
                25.77669321700006
              ],
              [
                93.07473738600004,
                25.77678342200005
              ],
              [
                93.07626602600004,
                25.776896935000025
              ],
              [
                93.07687443000003,
                25.77697100200004
              ],
              [
                93.07687406900004,
                25.77698752300006
              ],
              [
                93.0769,
                25.77699
              ],
              [
                93.07685,
                25.77811
              ],
              [
                93.07684872000004,
                25.778145107000057
              ],
              [
                93.07676731000004,
                25.78186284000003
              ],
              [
                93.07671290000008,
                25.781870455000046
              ],
              [
                93.07671,
                25.78195
              ],
              [
                93.07263,
                25.78252
              ],
              [
                93.06221,
                25.78398
              ],
              [
                93.06202092200004,
                25.78414064800006
              ],
              [
                93.05669,
                25.78867
              ],
              [
                93.05633,
                25.78898
              ],
              [
                93.05574732100007,
                25.789377742000056
              ],
              [
                93.05452648700003,
                25.790396873000077
              ],
              [
                93.05405393000007,
                25.790533666000044
              ],
              [
                93.05403,
                25.79055
              ],
              [
                93.05325,
                25.79077
              ],
              [
                93.05253,
                25.79103
              ],
              [
                93.05213,
                25.79122
              ],
              [
                93.05175,
                25.79143
              ],
              [
                93.05159681100008,
                25.791540637000026
              ],
              [
                93.04976908800006,
                25.793479132000073
              ],
              [
                93.04936736100007,
                25.793716516000075
              ],
              [
                93.0493,
                25.79379
              ],
              [
                93.04784804300004,
                25.794779550000044
              ],
              [
                93.04435701800008,
                25.798133289000077
              ],
              [
                93.04164,
                25.80077
              ],
              [
                93.03573676100007,
                25.806498543000032
              ],
              [
                93.02993542300004,
                25.812843757000053
              ],
              [
                93.02984315600008,
                25.812912957000037
              ],
              [
                93.02963,
                25.81316
              ],
              [
                93.02912,
                25.81348
              ],
              [
                93.02887,
                25.81367
              ],
              [
                93.02879,
                25.81373
              ],
              [
                93.02839,
                25.8141
              ],
              [
                93.02813468600004,
                25.81438172600008
              ],
              [
                93.02646469900009,
                25.817259242000034
              ],
              [
                93.0262,
                25.81777
              ],
              [
                93.02526,
                25.81946
              ],
              [
                93.02434,
                25.82115
              ],
              [
                93.02242,
                25.82465
              ],
              [
                93.02152,
                25.82631
              ],
              [
                93.02018,
                25.82877
              ],
              [
                93.01905,
                25.83088
              ],
              [
                93.01876322400005,
                25.831400200000076
              ],
              [
                93.01847746200008,
                25.831940358000054
              ],
              [
                93.01812812700007,
                25.832555012000057
              ],
              [
                93.01734,
                25.83402
              ],
              [
                93.01731,
                25.83407
              ],
              [
                93.01446,
                25.8393
              ],
              [
                93.01402,
                25.84015
              ],
              [
                93.01383,
                25.84046
              ],
              [
                93.01362,
                25.84077
              ],
              [
                93.01333,
                25.84113
              ],
              [
                93.01287,
                25.84158
              ],
              [
                93.01255,
                25.84182
              ],
              [
                93.01185,
                25.8423
              ],
              [
                93.01121524700005,
                25.842697905000023
              ],
              [
                93.01117384900004,
                25.842728263000026
              ],
              [
                93.01093935000006,
                25.84443675600005
              ],
              [
                93.01070481000005,
                25.846145550000074
              ],
              [
                93.01069542400006,
                25.84615185800004
              ],
              [
                93.01069,
                25.84619
              ],
              [
                92.99868,
                25.85429
              ],
              [
                92.99753465500004,
                25.856399845000055
              ],
              [
                92.99596357300004,
                25.859881703000042
              ],
              [
                92.99558673700005,
                25.86045311500004
              ],
              [
                92.99546,
                25.86072
              ],
              [
                92.99411,
                25.86279
              ],
              [
                92.99078,
                25.86789
              ],
              [
                92.98773,
                25.87255
              ],
              [
                92.98771,
                25.87259
              ],
              [
                92.98637,
                25.87464
              ],
              [
                92.98633,
                25.8747
              ],
              [
                92.98589,
                25.87538
              ],
              [
                92.98575855100006,
                25.875355985000056
              ],
              [
                92.98571171300006,
                25.87542700800003
              ],
              [
                92.98344996000009,
                25.87494234600007
              ],
              [
                92.98321,
                25.8749
              ],
              [
                92.98218,
                25.87471
              ],
              [
                92.98191,
                25.87466
              ],
              [
                92.97428,
                25.8747
              ],
              [
                92.96846045200004,
                25.874730501000045
              ],
              [
                92.96514098600005,
                25.87475695100005
              ],
              [
                92.96508699600008,
                25.87474818100003
              ],
              [
                92.96474,
                25.87475
              ],
              [
                92.96359,
                25.87456
              ],
              [
                92.95877,
                25.87378
              ],
              [
                92.95164,
                25.87262
              ],
              [
                92.94871,
                25.87214
              ],
              [
                92.94273,
                25.87117
              ],
              [
                92.93702,
                25.87024
              ],
              [
                92.93697,
                25.87023
              ],
              [
                92.93484,
                25.86989
              ],
              [
                92.93073,
                25.86922
              ],
              [
                92.93027030000007,
                25.86914477600004
              ],
              [
                92.91006236600003,
                25.86752034400007
              ],
              [
                92.90890645100006,
                25.86727952900003
              ],
              [
                92.90808,
                25.86711
              ],
              [
                92.90361712600009,
                25.866179443000078
              ],
              [
                92.90138234000005,
                25.866040732000044
              ],
              [
                92.8951,
                25.86576
              ],
              [
                92.89382,
                25.8657
              ],
              [
                92.88994467100008,
                25.86707287400003
              ],
              [
                92.88936,
                25.86728
              ],
              [
                92.88934953200004,
                25.867297129000065
              ],
              [
                92.88929062300008,
                25.867319327000075
              ],
              [
                92.88811218800004,
                25.869283385000074
              ],
              [
                92.88789338900006,
                25.869648049000034
              ],
              [
                92.88788318800005,
                25.869664456000066
              ],
              [
                92.88783,
                25.86975
              ],
              [
                92.8873,
                25.86963
              ],
              [
                92.88475,
                25.86907
              ],
              [
                92.87591940700008,
                25.86712178700003
              ],
              [
                92.87415583900008,
                25.86728712200005
              ],
              [
                92.87358,
                25.86738
              ],
              [
                92.87121,
                25.86677
              ],
              [
                92.87079,
                25.86666
              ],
              [
                92.87073006500003,
                25.86783471700005
              ],
              [
                92.87064311200004,
                25.86953900900005
              ],
              [
                92.87064,
                25.8696
              ],
              [
                92.87041,
                25.87002
              ],
              [
                92.87033,
                25.87015
              ],
              [
                92.87007,
                25.87056
              ],
              [
                92.86894143800004,
                25.872327863000066
              ],
              [
                92.86834,
                25.87327
              ],
              [
                92.86783195900006,
                25.874670886000047
              ],
              [
                92.86632,
                25.87884
              ],
              [
                92.8662,
                25.87918
              ],
              [
                92.86491,
                25.88024
              ],
              [
                92.86192,
                25.88269
              ],
              [
                92.86071,
                25.88368
              ],
              [
                92.85813,
                25.88695
              ],
              [
                92.85650910400005,
                25.888997448000055
              ],
              [
                92.85203549700003,
                25.89901298600006
              ],
              [
                92.84829947400004,
                25.905017308000026
              ],
              [
                92.84828318200005,
                25.90504349200006
              ],
              [
                92.85779798100003,
                25.92206292000003
              ],
              [
                92.85641132400008,
                25.922596249000037
              ],
              [
                92.85408308400008,
                25.923387399000035
              ],
              [
                92.85036035600007,
                25.923135010000067
              ],
              [
                92.84453086700006,
                25.918042582000055
              ],
              [
                92.83961360900008,
                25.915342121000037
              ],
              [
                92.83681460700006,
                25.913804964000065
              ],
              [
                92.83637890800009,
                25.913565687000073
              ],
              [
                92.83635618200003,
                25.913553206000074
              ],
              [
                92.82885155200006,
                25.917908572000044
              ],
              [
                92.82619637200008,
                25.920026749000044
              ],
              [
                92.82564014000008,
                25.920470485000067
              ],
              [
                92.82651,
                25.92137
              ],
              [
                92.82559065100008,
                25.920509964000075
              ],
              [
                92.82288805200005,
                25.92266597100007
              ],
              [
                92.82214984300003,
                25.92280267600006
              ],
              [
                92.82046,
                25.92316
              ],
              [
                92.81937,
                25.92339
              ],
              [
                92.81746,
                25.92287
              ],
              [
                92.81596818900005,
                25.92247057000003
              ],
              [
                92.81236816900008,
                25.92152687500004
              ],
              [
                92.80895088200003,
                25.91837761100004
              ],
              [
                92.80680861400003,
                25.918551308000076
              ],
              [
                92.80531,
                25.91872
              ],
              [
                92.80392,
                25.91888
              ],
              [
                92.80369,
                25.91917
              ],
              [
                92.80251,
                25.92062
              ],
              [
                92.80177227000007,
                25.921532455000033
              ],
              [
                92.79923506700004,
                25.92876348200008
              ],
              [
                92.79313755600003,
                25.936603140000045
              ],
              [
                92.79347258400009,
                25.939082348000056
              ],
              [
                92.79409711600005,
                25.939667847000067
              ],
              [
                92.79459,
                25.94008
              ],
              [
                92.79677,
                25.94191
              ],
              [
                92.79721,
                25.95435
              ],
              [
                92.79912292500006,
                25.954945132000034
              ],
              [
                92.80081,
                25.95547
              ],
              [
                92.80089447300008,
                25.955455578000056
              ],
              [
                92.80471571600003,
                25.954803171000037
              ],
              [
                92.80470425000004,
                25.95478200200006
              ],
              [
                92.80811996100005,
                25.954198765000058
              ],
              [
                92.80813977200006,
                25.954218576000073
              ],
              [
                92.80819,
                25.95421
              ],
              [
                92.8087,
                25.95451
              ],
              [
                92.80867,
                25.95465
              ],
              [
                92.80865397800005,
                25.954732782000065
              ],
              [
                92.80868286000003,
                25.954761663000056
              ],
              [
                92.80821382000005,
                25.957374883000057
              ],
              [
                92.80553359600003,
                25.960457142000052
              ],
              [
                92.79982119800007,
                25.96288058300007
              ],
              [
                92.79975188100008,
                25.96290999100006
              ],
              [
                92.7995,
                25.96302
              ],
              [
                92.79888,
                25.96329
              ],
              [
                92.79099,
                25.95913
              ],
              [
                92.78934,
                25.95745
              ],
              [
                92.78667,
                25.95474
              ],
              [
                92.7844,
                25.95244
              ],
              [
                92.78142,
                25.95069
              ],
              [
                92.77889,
                25.94986
              ],
              [
                92.77844,
                25.9499
              ],
              [
                92.77517,
                25.95017
              ],
              [
                92.77381,
                25.95089
              ],
              [
                92.77341,
                25.9511
              ],
              [
                92.77303,
                25.9513
              ],
              [
                92.77174,
                25.95198
              ],
              [
                92.76981,
                25.953
              ],
              [
                92.76476,
                25.96151
              ],
              [
                92.76447351500008,
                25.96199344300004
              ],
              [
                92.76444,
                25.96205
              ],
              [
                92.76398,
                25.96429
              ],
              [
                92.76400268500004,
                25.96434759600004
              ],
              [
                92.76399011000007,
                25.964410473000044
              ],
              [
                92.76880111300005,
                25.976696624000056
              ],
              [
                92.76826348400004,
                25.97864744900005
              ],
              [
                92.76731367200006,
                25.98209391100005
              ],
              [
                92.76762897100008,
                25.98449018200006
              ],
              [
                92.76983524400003,
                25.98693005900003
              ],
              [
                92.77124547900007,
                25.98848961300007
              ],
              [
                92.77099459300007,
                25.98927811200008
              ],
              [
                92.77094529300007,
                25.989433053000027
              ],
              [
                92.76730018800004,
                25.98960458700003
              ],
              [
                92.76454371500006,
                25.988559028000054
              ],
              [
                92.76356931500004,
                25.988189428000055
              ],
              [
                92.76355210200006,
                25.988232460000063
              ],
              [
                92.76352,
                25.98822
              ],
              [
                92.7627,
                25.99029
              ],
              [
                92.76272243600005,
                25.990306625000073
              ],
              [
                92.76687,
                25.99338
              ],
              [
                92.76702440800005,
                25.993390649000048
              ],
              [
                92.76919,
                25.99354
              ],
              [
                92.77576656500008,
                25.99398436200005
              ],
              [
                92.77943624600005,
                25.996894799000074
              ],
              [
                92.77840703900006,
                25.99886744400004
              ],
              [
                92.77787367100007,
                25.99917222700003
              ],
              [
                92.77726082900006,
                25.99952242200004
              ],
              [
                92.77690611400004,
                25.999725116000036
              ],
              [
                92.77411868000007,
                26.00002530100005
              ],
              [
                92.76478475400006,
                25.99822401700004
              ],
              [
                92.76434980000005,
                25.998140078000063
              ],
              [
                92.76194,
                25.99909
              ],
              [
                92.76183,
                25.99929
              ],
              [
                92.76097,
                26.00083
              ],
              [
                92.76138,
                26.00246
              ],
              [
                92.76144956400003,
                26.00292797800006
              ],
              [
                92.76169098200006,
                26.003824675000033
              ],
              [
                92.76181108700007,
                26.004270777000045
              ],
              [
                92.76184288100006,
                26.00429679000007
              ],
              [
                92.76233129500008,
                26.004696402000036
              ],
              [
                92.76369796500006,
                26.00581458700003
              ],
              [
                92.76635674900007,
                26.006800910000038
              ],
              [
                92.78213791300004,
                26.008301835000054
              ],
              [
                92.78346730400006,
                26.009631228000046
              ],
              [
                92.78320549800009,
                26.01057373200007
              ],
              [
                92.78282405000004,
                26.011946941000076
              ],
              [
                92.77888079800005,
                26.014745379000033
              ],
              [
                92.77883587600007,
                26.014777259000027
              ],
              [
                92.77227468500007,
                26.015978
              ],
              [
                92.76211757900006,
                26.015047862000074
              ],
              [
                92.76056,
                26.01491
              ],
              [
                92.76038706100007,
                26.015111368000078
              ],
              [
                92.7591,
                26.01661
              ],
              [
                92.75905,
                26.01667
              ],
              [
                92.75938,
                26.01853
              ],
              [
                92.75959,
                26.0197
              ],
              [
                92.75977107400007,
                26.020719727000028
              ],
              [
                92.76227179400007,
                26.024054023000076
              ],
              [
                92.76346,
                26.02562
              ],
              [
                92.76346422200004,
                26.025643927000033
              ],
              [
                92.76348354700008,
                26.025669693000054
              ],
              [
                92.76429833600008,
                26.030301121000036
              ],
              [
                92.76427998000008,
                26.030314888000078
              ],
              [
                92.76429,
                26.03037
              ],
              [
                92.76195,
                26.0321
              ],
              [
                92.75999595200005,
                26.03355595800008
              ],
              [
                92.75991,
                26.03362
              ],
              [
                92.75978,
                26.03404
              ],
              [
                92.75958427400008,
                26.03468807300004
              ],
              [
                92.75933,
                26.03553
              ],
              [
                92.75894,
                26.03682
              ],
              [
                92.75744,
                26.03714
              ],
              [
                92.75698,
                26.03724
              ],
              [
                92.75239,
                26.03822
              ],
              [
                92.75079,
                26.03856
              ],
              [
                92.74995165300004,
                26.03919766100006
              ],
              [
                92.74823964700005,
                26.04062433200005
              ],
              [
                92.74817410300005,
                26.040678953000054
              ],
              [
                92.74937484300006,
                26.043509270000072
              ],
              [
                92.75056496800005,
                26.04460021700004
              ],
              [
                92.75297706600008,
                26.046811306000052
              ],
              [
                92.75412545000006,
                26.04969138000007
              ],
              [
                92.75537126500006,
                26.052815805000023
              ],
              [
                92.75455,
                26.05408
              ],
              [
                92.754,
                26.05493
              ],
              [
                92.75367952900007,
                26.055420131000062
              ],
              [
                92.75271976400006,
                26.056846069000073
              ],
              [
                92.75216306400006,
                26.058874047000074
              ],
              [
                92.75143,
                26.06128
              ],
              [
                92.74625,
                26.0607
              ],
              [
                92.744,
                26.06045
              ],
              [
                92.73911,
                26.0599
              ],
              [
                92.72904,
                26.05877
              ],
              [
                92.72512,
                26.05833
              ],
              [
                92.72204,
                26.05799
              ],
              [
                92.71959156900004,
                26.05771399500003
              ],
              [
                92.71899567911879,
                26.057461887204102
              ],
              [
                92.71809125900006,
                26.057079248000036
              ],
              [
                92.71755521400007,
                26.056007159000046
              ],
              [
                92.71340086500004,
                26.049574618000065
              ],
              [
                92.71337108500006,
                26.04947677000007
              ],
              [
                92.71323,
                26.04926
              ],
              [
                92.71277398700005,
                26.047514875000047
              ],
              [
                92.71152470800007,
                26.043410101000063
              ],
              [
                92.71279781500004,
                26.038250669000035
              ],
              [
                92.71668414100009,
                26.035637449000035
              ],
              [
                92.71724190300006,
                26.033570448000035
              ],
              [
                92.71776728700007,
                26.031346158000076
              ],
              [
                92.71594726200004,
                26.029071126000076
              ],
              [
                92.71472,
                26.02762
              ],
              [
                92.71601986700006,
                26.024168943000063
              ],
              [
                92.71608109100004,
                26.023978471000078
              ],
              [
                92.71595975396295,
                26.021491078239666
              ],
              [
                92.71274,
                26.01831
              ],
              [
                92.71259479500009,
                26.01838450400004
              ],
              [
                92.71083,
                26.01929
              ],
              [
                92.71017,
                26.01963
              ],
              [
                92.70982,
                26.01932
              ],
              [
                92.70952198400005,
                26.019048541000075
              ],
              [
                92.70881,
                26.0184
              ],
              [
                92.70872401200006,
                26.018493430000035
              ],
              [
                92.70673,
                26.02066
              ],
              [
                92.70571,
                26.02013
              ],
              [
                92.70488,
                26.01969
              ],
              [
                92.70353,
                26.01898
              ],
              [
                92.70273,
                26.01856
              ],
              [
                92.70053,
                26.01957
              ],
              [
                92.69984460600006,
                26.019883655000058
              ],
              [
                92.69876,
                26.02038
              ],
              [
                92.69755,
                26.02047
              ],
              [
                92.69588,
                26.01951
              ],
              [
                92.69524234200009,
                26.019154066000056
              ],
              [
                92.69323,
                26.02054
              ],
              [
                92.69241,
                26.02111
              ],
              [
                92.69129,
                26.02282
              ],
              [
                92.68728,
                26.02343
              ],
              [
                92.68654498600006,
                26.02472741200006
              ],
              [
                92.68596,
                26.02576
              ],
              [
                92.68418692200004,
                26.026418533000026
              ],
              [
                92.68318133000008,
                26.026792707000027
              ],
              [
                92.68289590974146,
                26.02661107556276
              ],
              [
                92.68244426800004,
                26.026323667000042
              ],
              [
                92.68272855600009,
                26.02501594200004
              ],
              [
                92.68277411798309,
                26.024806357078095
              ],
              [
                92.67956,
                26.02591
              ],
              [
                92.6785,
                26.02559
              ],
              [
                92.67585,
                26.0248
              ],
              [
                92.67560973000008,
                26.02527066700003
              ],
              [
                92.67512,
                26.02623
              ],
              [
                92.67496673400007,
                26.026281089000065
              ],
              [
                92.67493963900006,
                26.026323667000042
              ],
              [
                92.67415644500005,
                26.026581548000024
              ],
              [
                92.67058509500004,
                26.027757481000037
              ],
              [
                92.66948509200006,
                26.028119676000074
              ],
              [
                92.66814,
                26.02692
              ],
              [
                92.66612,
                26.02513
              ],
              [
                92.6652454053883,
                26.024533015475726
              ],
              [
                92.66256,
                26.0227
              ],
              [
                92.66106,
                26.02186
              ],
              [
                92.65793,
                26.0201
              ],
              [
                92.65745740300008,
                26.019541477000075
              ],
              [
                92.65738,
                26.01945
              ],
              [
                92.65755,
                26.01907
              ],
              [
                92.65782,
                26.01845
              ],
              [
                92.65913,
                26.01546
              ],
              [
                92.65892485400008,
                26.014250349000065
              ],
              [
                92.65832224400003,
                26.011515425000027
              ],
              [
                92.65842476473206,
                26.01127069763979
              ],
              [
                92.65841,
                26.01118
              ],
              [
                92.65994,
                26.00753
              ],
              [
                92.66037323400008,
                26.006501069000024
              ],
              [
                92.66042,
                26.00639
              ],
              [
                92.65946581808032,
                26.004562499035185
              ],
              [
                92.65892529500007,
                26.00340774500006
              ],
              [
                92.65876564864797,
                26.00138555854068
              ],
              [
                92.65873076799325,
                26.00094374091386
              ],
              [
                92.65836715200004,
                26.000447266000037
              ],
              [
                92.65704913700006,
                25.998918369000023
              ],
              [
                92.64947323200005,
                25.99831229600005
              ],
              [
                92.64944,
                25.99831
              ],
              [
                92.64892,
                25.99828
              ],
              [
                92.64797,
                25.99821
              ],
              [
                92.64751,
                25.99818
              ],
              [
                92.64636,
                25.9981
              ],
              [
                92.64244,
                25.99725
              ],
              [
                92.64079,
                25.99689
              ],
              [
                92.63648,
                25.99212
              ],
              [
                92.63639,
                25.99162
              ],
              [
                92.63607,
                25.98995
              ],
              [
                92.63594,
                25.98924
              ],
              [
                92.63497,
                25.98904
              ],
              [
                92.63139409700005,
                25.98829582600007
              ],
              [
                92.63126731400007,
                25.988267859000075
              ],
              [
                92.63125197300008,
                25.98826447400006
              ],
              [
                92.63104581800008,
                25.98809130400008
              ],
              [
                92.62989,
                25.98717
              ],
              [
                92.62963,
                25.98697
              ],
              [
                92.62843,
                25.9865
              ],
              [
                92.62811311438033,
                25.986389570162842
              ],
              [
                92.62307728700006,
                25.984780182000065
              ],
              [
                92.62288776730641,
                25.98462592243547
              ],
              [
                92.62284,
                25.98461
              ],
              [
                92.62185,
                25.98381
              ],
              [
                92.6218,
                25.98377
              ],
              [
                92.61421,
                25.97766
              ],
              [
                92.61223,
                25.97694
              ],
              [
                92.611,
                25.97649
              ],
              [
                92.61036,
                25.97626
              ],
              [
                92.60706,
                25.97506
              ],
              [
                92.60616,
                25.9755
              ],
              [
                92.60546,
                25.97584
              ],
              [
                92.60498,
                25.97583
              ],
              [
                92.6042,
                25.97582
              ],
              [
                92.60264719273924,
                25.975806258342825
              ],
              [
                92.59961141000008,
                25.975735658000076
              ],
              [
                92.59699,
                25.97167
              ],
              [
                92.59651,
                25.97092
              ],
              [
                92.59552,
                25.96938
              ],
              [
                92.59475,
                25.96819
              ],
              [
                92.59437,
                25.9676
              ],
              [
                92.59394,
                25.96692
              ],
              [
                92.5936,
                25.9664
              ],
              [
                92.59333,
                25.96599
              ],
              [
                92.59251,
                25.96471
              ],
              [
                92.59152,
                25.96461
              ],
              [
                92.59076,
                25.96454
              ],
              [
                92.59046,
                25.96451
              ],
              [
                92.59016,
                25.96448
              ],
              [
                92.5894,
                25.96441
              ],
              [
                92.58874956500006,
                25.964344957000037
              ],
              [
                92.5885,
                25.96432
              ],
              [
                92.58401124000005,
                25.96468340800004
              ],
              [
                92.58183,
                25.96486
              ],
              [
                92.58172,
                25.96487
              ],
              [
                92.58023,
                25.96499
              ],
              [
                92.57994,
                25.96488
              ],
              [
                92.57875479200004,
                25.964444526000023
              ],
              [
                92.57717843600005,
                25.96394143400005
              ],
              [
                92.57622144192425,
                25.962608477715918
              ],
              [
                92.57581,
                25.96211
              ],
              [
                92.57523,
                25.96141
              ],
              [
                92.57222271600006,
                25.96094515200008
              ],
              [
                92.57206,
                25.96092
              ],
              [
                92.57199,
                25.96094
              ],
              [
                92.56898,
                25.96171
              ],
              [
                92.5689,
                25.96173
              ],
              [
                92.56758,
                25.96207
              ],
              [
                92.5652,
                25.96268
              ],
              [
                92.56469,
                25.96281
              ],
              [
                92.56345,
                25.96313
              ],
              [
                92.56278,
                25.9633
              ],
              [
                92.55909,
                25.96424
              ],
              [
                92.55888,
                25.9644
              ],
              [
                92.558,
                25.96506
              ],
              [
                92.55695,
                25.96586
              ],
              [
                92.55412,
                25.968
              ],
              [
                92.551,
                25.97036
              ],
              [
                92.55391,
                25.97334
              ],
              [
                92.55418,
                25.97361
              ],
              [
                92.55561,
                25.97531
              ],
              [
                92.5558,
                25.97585
              ],
              [
                92.55594,
                25.97622
              ],
              [
                92.55611,
                25.9767
              ],
              [
                92.55931,
                25.98207
              ],
              [
                92.56027,
                25.98368
              ],
              [
                92.56036,
                25.98383
              ],
              [
                92.56269,
                25.98774
              ],
              [
                92.56359,
                25.98926
              ],
              [
                92.56377,
                25.98956
              ],
              [
                92.56792,
                25.99557
              ],
              [
                92.56896425443524,
                25.997081130095452
              ],
              [
                92.57162606400004,
                26.00093300700007
              ],
              [
                92.5717,
                26.00104
              ],
              [
                92.57170692600005,
                26.002016557000047
              ],
              [
                92.57183674700008,
                26.003756174000046
              ],
              [
                92.57012133700005,
                26.004573036000068
              ],
              [
                92.57001,
                26.00463
              ],
              [
                92.56845,
                26.00674
              ],
              [
                92.5716,
                26.01198
              ],
              [
                92.57330358700005,
                26.013100655000073
              ],
              [
                92.57876,
                26.01669
              ],
              [
                92.58270175700005,
                26.017772900000068
              ],
              [
                92.58422,
                26.01819
              ],
              [
                92.58463,
                26.01836
              ],
              [
                92.58516,
                26.01858
              ],
              [
                92.58836,
                26.01991
              ],
              [
                92.59244,
                26.02161
              ],
              [
                92.59355,
                26.02207
              ],
              [
                92.59396595700008,
                26.02396071100003
              ],
              [
                92.59435063600006,
                26.02588411100004
              ],
              [
                92.59163813200007,
                26.02707994700006
              ],
              [
                92.59038,
                26.02759
              ],
              [
                92.58822,
                26.0277
              ],
              [
                92.58695,
                26.02776
              ],
              [
                92.58693677398384,
                26.027769216000625
              ],
              [
                92.58507,
                26.02907
              ],
              [
                92.58449,
                26.02947
              ],
              [
                92.58334,
                26.03027
              ],
              [
                92.58329705200003,
                26.03042210800004
              ],
              [
                92.58214,
                26.03452
              ],
              [
                92.58202,
                26.03496
              ],
              [
                92.58358,
                26.03885
              ],
              [
                92.58395,
                26.03979
              ],
              [
                92.58406,
                26.04007
              ],
              [
                92.58441,
                26.04093
              ],
              [
                92.58495,
                26.04228
              ],
              [
                92.58505,
                26.04253
              ],
              [
                92.58509,
                26.04291
              ],
              [
                92.58514,
                26.04343
              ],
              [
                92.5854,
                26.04591
              ],
              [
                92.58627,
                26.05423
              ],
              [
                92.58695,
                26.05568
              ],
              [
                92.58812,
                26.05815
              ],
              [
                92.58923,
                26.0595
              ],
              [
                92.59031,
                26.0608
              ],
              [
                92.59278,
                26.06381
              ],
              [
                92.59576,
                26.06743
              ],
              [
                92.59677,
                26.06865
              ],
              [
                92.59683,
                26.06904
              ],
              [
                92.5979,
                26.07549
              ],
              [
                92.59804,
                26.07634
              ],
              [
                92.59602,
                26.07893
              ],
              [
                92.59486,
                26.08042
              ],
              [
                92.59207780600008,
                26.083991386000037
              ],
              [
                92.59117788000003,
                26.084125418000042
              ],
              [
                92.59006227700007,
                26.08429157200004
              ],
              [
                92.58900430400007,
                26.08501855800006
              ],
              [
                92.58859,
                26.08531
              ],
              [
                92.58681,
                26.08655
              ],
              [
                92.58236,
                26.08966
              ],
              [
                92.58147,
                26.09057
              ],
              [
                92.57989,
                26.09219
              ],
              [
                92.57936845400008,
                26.092723619000026
              ],
              [
                92.57773,
                26.0944
              ],
              [
                92.57724,
                26.0954
              ],
              [
                92.57733,
                26.09546
              ],
              [
                92.5782,
                26.09618
              ],
              [
                92.57835092900007,
                26.096352490000072
              ],
              [
                92.57855,
                26.09658
              ],
              [
                92.5789,
                26.09697
              ],
              [
                92.57897,
                26.09741
              ],
              [
                92.57949,
                26.09922
              ],
              [
                92.5797,
                26.09996
              ],
              [
                92.58028,
                26.10105
              ],
              [
                92.58050793800004,
                26.10117596500004
              ],
              [
                92.58109960500008,
                26.101144825000063
              ],
              [
                92.58107270100004,
                26.101195803000053
              ],
              [
                92.58111,
                26.10119
              ],
              [
                92.58095,
                26.1015
              ],
              [
                92.58048,
                26.10244
              ],
              [
                92.58029,
                26.1027
              ],
              [
                92.57969406395472,
                26.10346505303111
              ],
              [
                92.57909539200006,
                26.10425188000005
              ],
              [
                92.57878389100006,
                26.104661281000062
              ],
              [
                92.57824516800008,
                26.104994775000023
              ],
              [
                92.57788,
                26.10525
              ],
              [
                92.57788333500008,
                26.105606845009266
              ],
              [
                92.57788333500008,
                26.11019326400003
              ],
              [
                92.57451508100007,
                26.11398788100007
              ],
              [
                92.57450203000008,
                26.114002583000058
              ],
              [
                92.57293,
                26.11428
              ],
              [
                92.57227581200004,
                26.11439706500005
              ],
              [
                92.56956233200003,
                26.11487034700008
              ],
              [
                92.56834080800007,
                26.11508340300003
              ],
              [
                92.56711955200007,
                26.115296413000067
              ],
              [
                92.56553916890581,
                26.114944262180114
              ],
              [
                92.55922897000005,
                26.113538186000028
              ],
              [
                92.55546455900009,
                26.113498138000068
              ],
              [
                92.55530438600005,
                26.11349643400007
              ],
              [
                92.55519791200004,
                26.113495301000057
              ],
              [
                92.54939464300008,
                26.109740246000058
              ],
              [
                92.54708,
                26.10827
              ],
              [
                92.5464,
                26.10784
              ],
              [
                92.54628,
                26.1069
              ],
              [
                92.54602615700009,
                26.104997214000036
              ],
              [
                92.54532757313508,
                26.104490740659664
              ],
              [
                92.54254725000004,
                26.10260286700003
              ],
              [
                92.5413416696617,
                26.10087843008571
              ],
              [
                92.54099,
                26.10039
              ],
              [
                92.53490473400007,
                26.09584622600005
              ],
              [
                92.53428174900006,
                26.09712557100005
              ],
              [
                92.533,
                26.09997
              ],
              [
                92.53278,
                26.10045
              ],
              [
                92.53265,
                26.10074
              ],
              [
                92.53118,
                26.10079
              ],
              [
                92.52614,
                26.10095
              ],
              [
                92.52536,
                26.10097
              ],
              [
                92.5253,
                26.10099
              ],
              [
                92.52441934000007,
                26.101246039000046
              ],
              [
                92.52217,
                26.1019
              ],
              [
                92.52155007099721,
                26.10324640830293
              ],
              [
                92.52093391700004,
                26.104661281000062
              ],
              [
                92.52101150600004,
                26.109972133000042
              ],
              [
                92.52107,
                26.11283
              ],
              [
                92.52108956300003,
                26.113886415000024
              ],
              [
                92.52144596700003,
                26.11497790100003
              ],
              [
                92.52196,
                26.11652
              ],
              [
                92.52215,
                26.11709
              ],
              [
                92.52285,
                26.11918
              ],
              [
                92.52332,
                26.12058
              ],
              [
                92.52323,
                26.12109
              ],
              [
                92.52291,
                26.12281
              ],
              [
                92.52258,
                26.1246
              ],
              [
                92.52311,
                26.12601
              ],
              [
                92.52327,
                26.12645
              ],
              [
                92.52434,
                26.12757
              ],
              [
                92.52449,
                26.12883
              ],
              [
                92.52491,
                26.13243
              ],
              [
                92.52644,
                26.13553
              ],
              [
                92.52703,
                26.1367
              ],
              [
                92.52876,
                26.14018
              ],
              [
                92.52891,
                26.14089
              ],
              [
                92.52938,
                26.14307
              ],
              [
                92.52918287500006,
                26.14346425100007
              ],
              [
                92.52691360600005,
                26.148181271000055
              ],
              [
                92.52684493600003,
                26.148209975000043
              ],
              [
                92.52684,
                26.14822
              ],
              [
                92.52682,
                26.14826
              ],
              [
                92.52383661700009,
                26.149467421000054
              ],
              [
                92.52272635300005,
                26.149931499000047
              ],
              [
                92.52172035600006,
                26.15034411000005
              ],
              [
                92.52171,
                26.15037
              ],
              [
                92.52167,
                26.15033
              ],
              [
                92.52076,
                26.14953
              ],
              [
                92.52052,
                26.14932
              ],
              [
                92.517,
                26.14621
              ],
              [
                92.51583,
                26.14517
              ],
              [
                92.51548583100003,
                26.144937310000046
              ],
              [
                92.51056805100006,
                26.141674110000054
              ],
              [
                92.51011695800008,
                26.141374787000075
              ],
              [
                92.50897152900006,
                26.14215850100004
              ],
              [
                92.5085,
                26.14249
              ],
              [
                92.50803,
                26.14283
              ],
              [
                92.50557,
                26.14652
              ],
              [
                92.50539,
                26.14662
              ],
              [
                92.50443813825476,
                26.147119558646438
              ],
              [
                92.50173065000007,
                26.148625711000022
              ],
              [
                92.50144418000008,
                26.148785073000056
              ],
              [
                92.49897408400005,
                26.149059527000077
              ],
              [
                92.49895388800007,
                26.149060215000077
              ],
              [
                92.4988,
                26.14908
              ],
              [
                92.49781,
                26.1491
              ],
              [
                92.49772374800006,
                26.149102092000078
              ],
              [
                92.49252439000009,
                26.14927909100004
              ],
              [
                92.48640404400004,
                26.146973669000033
              ],
              [
                92.48574182900006,
                26.14660067400007
              ],
              [
                92.47744,
                26.142
              ],
              [
                92.47719,
                26.14187
              ],
              [
                92.47628936100006,
                26.142072770000027
              ],
              [
                92.47549,
                26.14554
              ],
              [
                92.47543,
                26.1458
              ],
              [
                92.47376,
                26.14675
              ],
              [
                92.47368205779439,
                26.146744667112248
              ],
              [
                92.47361443900007,
                26.14678155000007
              ],
              [
                92.47165006200004,
                26.14660563600006
              ],
              [
                92.46996,
                26.14649
              ],
              [
                92.46714,
                26.14302
              ],
              [
                92.46497106200007,
                26.141282959000023
              ],
              [
                92.46027592500008,
                26.137559862000046
              ],
              [
                92.45895854100007,
                26.134732975000077
              ],
              [
                92.45607,
                26.13517
              ],
              [
                92.45303031200007,
                26.13434873800003
              ],
              [
                92.44901945600003,
                26.129177609000067
              ],
              [
                92.44662,
                26.12614
              ],
              [
                92.44462,
                26.12485
              ],
              [
                92.44302,
                26.12381
              ],
              [
                92.44281,
                26.12208
              ],
              [
                92.4424976215563,
                26.122062571159795
              ],
              [
                92.43542402300005,
                26.12177183600005
              ],
              [
                92.43375156200005,
                26.120142259000033
              ],
              [
                92.43374995300007,
                26.12009918700005
              ],
              [
                92.43374,
                26.12009
              ],
              [
                92.43372,
                26.11959
              ],
              [
                92.43372,
                26.11953
              ],
              [
                92.433540786654,
                26.11548774341825
              ],
              [
                92.43354,
                26.11547
              ],
              [
                92.43266,
                26.11396
              ],
              [
                92.43064,
                26.11051
              ],
              [
                92.42657,
                26.11385
              ],
              [
                92.42517,
                26.115
              ],
              [
                92.42504310900006,
                26.115103821000048
              ],
              [
                92.42066,
                26.11869
              ],
              [
                92.40485667995716,
                26.117930801312735
              ],
              [
                92.40482122200007,
                26.118189135000023
              ],
              [
                92.40467133700008,
                26.119281156000056
              ],
              [
                92.40692186800004,
                26.122684399000036
              ],
              [
                92.40665838500007,
                26.12398863800007
              ],
              [
                92.40639102300008,
                26.12531208200005
              ],
              [
                92.40713,
                26.12589
              ],
              [
                92.40815,
                26.12668
              ],
              [
                92.40932,
                26.12759
              ],
              [
                92.40952700700007,
                26.127750264000042
              ],
              [
                92.41153271200005,
                26.129243874000053
              ],
              [
                92.41312567111682,
                26.13227438334403
              ],
              [
                92.41379,
                26.13352
              ],
              [
                92.4137,
                26.13366
              ],
              [
                92.41313437800005,
                26.134514627000044
              ],
              [
                92.41228584000004,
                26.135808300000065
              ],
              [
                92.40122263400008,
                26.138422502000026
              ],
              [
                92.40157848100006,
                26.139409692000072
              ],
              [
                92.40155822913422,
                26.13940627985425
              ],
              [
                92.4013,
                26.13878
              ],
              [
                92.40113,
                26.13838
              ],
              [
                92.39935891600004,
                26.138839508000046
              ],
              [
                92.39248691200004,
                26.14042276300006
              ],
              [
                92.39051,
                26.14089
              ],
              [
                92.38899699400008,
                26.140463147000048
              ],
              [
                92.38772354600007,
                26.14015388000007
              ],
              [
                92.38772607297847,
                26.1401045904213
              ],
              [
                92.38693,
                26.13988
              ],
              [
                92.38690202000004,
                26.13985211000005
              ],
              [
                92.38666649000004,
                26.139567132000025
              ],
              [
                92.38362,
                26.13595
              ],
              [
                92.38122,
                26.13417
              ],
              [
                92.38052,
                26.13365
              ],
              [
                92.37904741900007,
                26.132558044000064
              ],
              [
                92.37817215500007,
                26.131912675000024
              ],
              [
                92.37247776200007,
                26.130918050000048
              ],
              [
                92.36932333100003,
                26.120686720000037
              ],
              [
                92.36039,
                26.11357
              ],
              [
                92.36036,
                26.11355
              ],
              [
                92.35971135100004,
                26.113032408000038
              ],
              [
                92.35640896900009,
                26.110430531000077
              ],
              [
                92.35145560500007,
                26.108234891000052
              ],
              [
                92.35037405800006,
                26.10819877600005
              ],
              [
                92.34707907900008,
                26.108088749000046
              ],
              [
                92.34451,
                26.10705
              ],
              [
                92.34485898400004,
                26.10603978300003
              ],
              [
                92.34489,
                26.10595
              ],
              [
                92.34587592800005,
                26.103098283000065
              ],
              [
                92.34542113600008,
                26.102906516000075
              ],
              [
                92.34154,
                26.10127
              ],
              [
                92.33342,
                26.09785
              ],
              [
                92.33186,
                26.09719
              ],
              [
                92.3268,
                26.09654
              ],
              [
                92.32278,
                26.094
              ],
              [
                92.32237,
                26.09374
              ],
              [
                92.31896,
                26.09158
              ],
              [
                92.31754696600007,
                26.089976265000075
              ],
              [
                92.31676,
                26.08908
              ],
              [
                92.31498,
                26.08705
              ],
              [
                92.31453,
                26.08583
              ],
              [
                92.31449,
                26.08573
              ],
              [
                92.31304,
                26.08182
              ],
              [
                92.31304929400005,
                26.081739007000067
              ],
              [
                92.31318717900007,
                26.080490948000033
              ],
              [
                92.31371,
                26.07562
              ],
              [
                92.31298262000007,
                26.074505360000046
              ],
              [
                92.31127,
                26.07492
              ],
              [
                92.31011,
                26.07766
              ],
              [
                92.31009879090449,
                26.077662853224314
              ],
              [
                92.31009413500004,
                26.07767377500005
              ],
              [
                92.30942475700004,
                26.07783442500005
              ],
              [
                92.30901,
                26.07794
              ],
              [
                92.30807,
                26.07818
              ],
              [
                92.30803572100007,
                26.078167794000024
              ],
              [
                92.30373026900008,
                26.075742845000036
              ],
              [
                92.30372041100009,
                26.075730876000023
              ],
              [
                92.30232374600007,
                26.074937316000046
              ],
              [
                92.30230347600008,
                26.074925799000027
              ],
              [
                92.3021933325175,
                26.074802168610173
              ],
              [
                92.30121802225095,
                26.07379145534456
              ],
              [
                92.30088273900003,
                26.073444779000056
              ],
              [
                92.30081240800007,
                26.073442021000062
              ],
              [
                92.29227857200004,
                26.064608
              ],
              [
                92.28356915716734,
                26.055501950276547
              ],
              [
                92.26531,
                26.03658
              ],
              [
                92.26494,
                26.03619
              ],
              [
                92.26095,
                26.03206
              ],
              [
                92.25982,
                26.03089
              ],
              [
                92.25889,
                26.02992
              ],
              [
                92.25792,
                26.02892
              ],
              [
                92.25648,
                26.02743
              ],
              [
                92.24733,
                26.02033
              ],
              [
                92.24627,
                26.01951
              ],
              [
                92.24457,
                26.01819
              ],
              [
                92.24308,
                26.01703
              ],
              [
                92.24179,
                26.01603
              ],
              [
                92.24133,
                26.01567
              ],
              [
                92.23963,
                26.01435
              ],
              [
                92.23811,
                26.01317
              ],
              [
                92.23597,
                26.01151
              ],
              [
                92.23538,
                26.01105
              ],
              [
                92.23488,
                26.01066
              ],
              [
                92.23336,
                26.00948
              ],
              [
                92.23275,
                26.00901
              ],
              [
                92.22216,
                26.00078
              ],
              [
                92.22105,
                26.00005
              ],
              [
                92.22032066200006,
                25.99957034600004
              ],
              [
                92.21994,
                25.99932
              ],
              [
                92.21596,
                25.99482
              ],
              [
                92.21176,
                25.99321
              ],
              [
                92.21171388700003,
                25.993169073000047
              ],
              [
                92.21170029200005,
                25.993163925000033
              ],
              [
                92.21131306700005,
                25.992813330000047
              ],
              [
                92.20847,
                25.99029
              ],
              [
                92.20901812800008,
                25.989477666000028
              ],
              [
                92.20986,
                25.98823
              ],
              [
                92.20871493036871,
                25.9872646796713
              ],
              [
                92.20814,
                25.98678
              ],
              [
                92.2049,
                25.98547
              ],
              [
                92.20166,
                25.98417
              ],
              [
                92.20150671400006,
                25.984163392000028
              ],
              [
                92.20149399500008,
                25.984158370000046
              ],
              [
                92.19229202700006,
                25.983687571000075
              ],
              [
                92.18175,
                25.97381
              ],
              [
                92.17772,
                25.97169
              ],
              [
                92.17770918400004,
                25.97168746400007
              ],
              [
                92.17769359800008,
                25.97167924300004
              ],
              [
                92.17391984200003,
                25.97073580400007
              ],
              [
                92.17207560500003,
                25.969370224000045
              ],
              [
                92.16817,
                25.96628
              ],
              [
                92.16634,
                25.96303
              ],
              [
                92.16699660600005,
                25.960914684000045
              ],
              [
                92.1681,
                25.95736
              ],
              [
                92.16764,
                25.95626
              ],
              [
                92.16608803200006,
                25.95254895900007
              ],
              [
                92.16397265000006,
                25.95142995300006
              ],
              [
                92.16333,
                25.95109
              ],
              [
                92.16154,
                25.95014
              ],
              [
                92.16025268500005,
                25.94819870200007
              ],
              [
                92.15702370400004,
                25.943504719000032
              ],
              [
                92.15690338400003,
                25.94190046400007
              ],
              [
                92.15687,
                25.9416
              ],
              [
                92.15757,
                25.93975
              ],
              [
                92.15826,
                25.93789
              ],
              [
                92.16021,
                25.93451
              ],
              [
                92.16215,
                25.93114
              ],
              [
                92.1609,
                25.92456
              ],
              [
                92.16081,
                25.92084
              ],
              [
                92.1608,
                25.92062
              ],
              [
                92.16063,
                25.91379
              ],
              [
                92.16358,
                25.91113
              ],
              [
                92.1644,
                25.91039
              ],
              [
                92.17499,
                25.90776
              ],
              [
                92.18157,
                25.90716
              ],
              [
                92.18159921716139,
                25.907190251397196
              ],
              [
                92.18166767400004,
                25.90726113100004
              ],
              [
                92.1827,
                25.90833
              ],
              [
                92.18383,
                25.90949
              ],
              [
                92.18432,
                25.9114
              ],
              [
                92.18741,
                25.91438
              ],
              [
                92.18749188000004,
                25.91437938200005
              ],
              [
                92.19271,
                25.91434
              ],
              [
                92.19528,
                25.91546
              ],
              [
                92.19603,
                25.91579
              ],
              [
                92.19652941300006,
                25.916010735000043
              ],
              [
                92.19783920747301,
                25.916569580775157
              ],
              [
                92.19769642093206,
                25.912890727543694
              ],
              [
                92.19765859400007,
                25.912414111000032
              ],
              [
                92.19767520069203,
                25.912343994300503
              ],
              [
                92.19785522659508,
                25.911583881932135
              ],
              [
                92.19826164400007,
                25.909867897000026
              ],
              [
                92.20114288600007,
                25.90678563800003
              ],
              [
                92.20124294859384,
                25.906797409952233
              ],
              [
                92.20125,
                25.90679
              ],
              [
                92.20262,
                25.90693
              ],
              [
                92.20579,
                25.90725
              ],
              [
                92.20699,
                25.90816
              ],
              [
                92.20818,
                25.90907
              ],
              [
                92.21037545900003,
                25.90893374500007
              ],
              [
                92.21817,
                25.90845
              ],
              [
                92.21823645500007,
                25.908468291000077
              ],
              [
                92.21971705887371,
                25.908875824125634
              ],
              [
                92.22322,
                25.90984
              ],
              [
                92.2243122727427,
                25.908973403443813
              ],
              [
                92.22485487407235,
                25.908037884323658
              ],
              [
                92.22565,
                25.90015
              ],
              [
                92.22508791200005,
                25.899702235000063
              ],
              [
                92.22447,
                25.89921
              ],
              [
                92.22212062000006,
                25.899009342000056
              ],
              [
                92.21885,
                25.89873
              ],
              [
                92.21883119800003,
                25.898684461000073
              ],
              [
                92.21622,
                25.89236
              ],
              [
                92.21613933700007,
                25.892309843000078
              ],
              [
                92.21528288900004,
                25.89177728800007
              ],
              [
                92.21347,
                25.89065
              ],
              [
                92.20703,
                25.88999
              ],
              [
                92.20556710100004,
                25.88934404500003
              ],
              [
                92.20395,
                25.88863
              ],
              [
                92.19613,
                25.8804
              ],
              [
                92.19558,
                25.87982
              ],
              [
                92.19243,
                25.87729
              ],
              [
                92.18759738330199,
                25.87341001410899
              ],
              [
                92.18184526600004,
                25.870468591000076
              ],
              [
                92.18084018200005,
                25.86926249000004
              ],
              [
                92.18073667900006,
                25.86901286600005
              ],
              [
                92.18051,
                25.86873
              ],
              [
                92.17995203875579,
                25.867120496410895
              ],
              [
                92.17970108700007,
                25.86651525900004
              ],
              [
                92.18126212332737,
                25.86215736779452
              ],
              [
                92.18130924200005,
                25.86202498800003
              ],
              [
                92.18152772131639,
                25.852302657423625
              ],
              [
                92.18155778000005,
                25.850074552000024
              ],
              [
                92.17889701900003,
                25.84674860100006
              ],
              [
                92.17581476100008,
                25.845140466000032
              ],
              [
                92.17199544000005,
                25.836429735000024
              ],
              [
                92.17104069200008,
                25.835178686000063
              ],
              [
                92.16994,
                25.83392
              ],
              [
                92.16830951700007,
                25.832938296000066
              ],
              [
                92.16612,
                25.83162
              ],
              [
                92.16386,
                25.82434
              ],
              [
                92.16383,
                25.82364
              ],
              [
                92.16377,
                25.82238
              ],
              [
                92.16368,
                25.82042
              ],
              [
                92.16236,
                25.81948
              ],
              [
                92.15633,
                25.81519
              ],
              [
                92.15381,
                25.81154
              ],
              [
                92.15368,
                25.81135
              ],
              [
                92.15373,
                25.80976
              ],
              [
                92.15399,
                25.80181
              ],
              [
                92.15401358700007,
                25.801074679000067
              ],
              [
                92.15422,
                25.79464
              ],
              [
                92.15423777900008,
                25.794142178000072
              ],
              [
                92.15424,
                25.79408
              ],
              [
                92.15173,
                25.78604
              ],
              [
                92.15166499800006,
                25.784739956000067
              ],
              [
                92.15162573100008,
                25.782423204000054
              ],
              [
                92.15570883877896,
                25.777255302557865
              ],
              [
                92.15484200100008,
                25.775521625000067
              ],
              [
                92.15484078600008,
                25.775496942000075
              ],
              [
                92.15475,
                25.77532
              ],
              [
                92.15463,
                25.77151
              ],
              [
                92.15464202700008,
                25.771455495000055
              ],
              [
                92.15464098400008,
                25.77143428200003
              ],
              [
                92.15473308800006,
                25.771042839000074
              ],
              [
                92.15651714200004,
                25.763460613000063
              ],
              [
                92.15747852583314,
                25.761335446579594
              ],
              [
                92.15779024800008,
                25.760646377000057
              ],
              [
                92.15859431600006,
                25.75602298900003
              ],
              [
                92.16533141705496,
                25.743298535785076
              ],
              [
                92.16601,
                25.73302
              ],
              [
                92.16446,
                25.7273
              ],
              [
                92.1614,
                25.72483
              ],
              [
                92.16033997800008,
                25.724501028000077
              ],
              [
                92.15682918900006,
                25.723411473000056
              ],
              [
                92.15676,
                25.72339
              ],
              [
                92.15637710600004,
                25.723075640000047
              ],
              [
                92.15419338600003,
                25.721453449000023
              ],
              [
                92.15149172000008,
                25.718194295000046
              ],
              [
                92.15007656100005,
                25.71326268100006
              ],
              [
                92.15008351369035,
                25.7132468587049
              ],
              [
                92.15004,
                25.7131
              ],
              [
                92.15055321600005,
                25.71217788200005
              ],
              [
                92.15132018500003,
                25.71043236400004
              ],
              [
                92.15345001563982,
                25.709330728462223
              ],
              [
                92.15391,
                25.70907
              ],
              [
                92.15556,
                25.70814
              ],
              [
                92.1563,
                25.70772
              ],
              [
                92.15716,
                25.70367
              ],
              [
                92.15763050100009,
                25.701454271000046
              ],
              [
                92.15796714300006,
                25.69984011500003
              ],
              [
                92.15797572300005,
                25.699828513000057
              ],
              [
                92.1617402949496,
                25.69473349860247
              ],
              [
                92.16188,
                25.69455
              ],
              [
                92.16088,
                25.68947
              ],
              [
                92.1637,
                25.68509
              ],
              [
                92.16477,
                25.68342
              ]
            ]
          ],
          [
            [
              [
                92.26942035946861,
                26.066424517190203
              ],
              [
                92.26935622500008,
                26.066447466000056
              ],
              [
                92.26641976300004,
                26.063921863000076
              ],
              [
                92.26114475900005,
                26.063506629000074
              ],
              [
                92.26511,
                26.0638
              ],
              [
                92.26622,
                26.06388
              ],
              [
                92.26635,
                26.06389
              ],
              [
                92.26648,
                26.0639
              ],
              [
                92.26658,
                26.06399
              ],
              [
                92.26724,
                26.06455
              ],
              [
                92.26942035946861,
                26.066424517190203
              ]
            ]
          ],
          [
            [
              [
                92.29356,
                26.07509
              ],
              [
                92.29078567400006,
                26.072279087000027
              ],
              [
                92.29083837000007,
                26.07119004900005
              ],
              [
                92.29074257300005,
                26.071057473000053
              ],
              [
                92.2909,
                26.07127
              ],
              [
                92.29082,
                26.07226
              ],
              [
                92.29238,
                26.07387
              ],
              [
                92.29242,
                26.07391
              ],
              [
                92.29356,
                26.07509
              ]
            ]
          ],
          [
            [
              [
                92.29356,
                26.07509
              ],
              [
                92.29474114100003,
                26.076287060000027
              ],
              [
                92.29469,
                26.07626
              ],
              [
                92.29376,
                26.0753
              ],
              [
                92.29356,
                26.07509
              ]
            ]
          ],
          [
            [
              [
                92.29675,
                26.07735
              ],
              [
                92.29535103700005,
                26.07660977200004
              ],
              [
                92.29675781500003,
                26.077337842000077
              ],
              [
                92.29753118280723,
                26.077508585983423
              ],
              [
                92.29675,
                26.07735
              ]
            ]
          ],
          [
            [
              [
                92.42517,
                26.115
              ],
              [
                92.43062105900003,
                26.110579217000065
              ],
              [
                92.43090934000008,
                26.111063863000027
              ],
              [
                92.433540786654,
                26.11548774341825
              ],
              [
                92.42517,
                26.115
              ]
            ]
          ],
          [
            [
              [
                92.30014,
                26.07548
              ],
              [
                92.29923214500008,
                26.07641457400007
              ],
              [
                92.30042611600004,
                26.07517311600003
              ],
              [
                92.30155444200005,
                26.07503291000006
              ],
              [
                92.30232374600007,
                26.074937316000046
              ],
              [
                92.30042,
                26.07519
              ],
              [
                92.30014,
                26.07548
              ]
            ]
          ],
          [
            [
              [
                92.40155822913422,
                26.13940627985425
              ],
              [
                92.40618008900003,
                26.15075310800006
              ],
              [
                92.40207064000003,
                26.140775038000072
              ],
              [
                92.40150309600006,
                26.139396995000027
              ],
              [
                92.40155822913422,
                26.13940627985425
              ]
            ]
          ]
        ]
      },
      "properties": {
        "is_administrative_boundary": true,
        "geometry_kind": "administrative polygon",
        "districts_merged": [
          "Karbi Anglong East",
          "Karbi Anglong West"
        ],
        "n_districts_merged": 2,
        "merge_rationale": "Karbi Anglong was divided into East and West districts in 2016. The study period 1990-2024 spans that split, so both successors are merged to reconstruct the undivided district that existed for most of the record. Using one successor would change the study area partway through the period.",
        "source": "geoBoundaries gbOpen, India ADM2",
        "source_url": "https://github.com/wmgeolab/geoBoundaries/raw/9469f09/releaseData/gbOpen/IND/ADM2/geoBoundaries-IND-ADM2.geojson",
        "licence": "Open Data Commons Open Database License (ODbL) 1.0",
        "vintage": "2021",
        "citation": "Runfola, D. et al. (2020). geoBoundaries: A global database of political administrative boundaries. PLoS ONE 15(4): e0231866.",
        "authority_note": "geoBoundaries is an open, versioned, citable compilation. It is NOT the Survey of India product, which is the definitive national authority for Indian administrative boundaries. Any published map should state which boundary source was used.",
        "modifications": "none; vertices are exactly as published"
      }
    }
  ],
  "is_administrative_boundary": true,
  "geometry_kind": "administrative polygon",
  "licence": "Open Data Commons Open Database License (ODbL) 1.0",
  "vintage": "2021"
}