{"type": "FeatureCollection", "name": "model_samples", "crs_of_coordinates": "EPSG:4326", "source_crs": "EPSG:4326", "description": "Model samples with spatially cross-validated predictions and confidence; synthetic development output", "features": [{"type": "Feature", "geometry": {"type": "Point", "coordinates": [93.69758333333333, 26.597375000000003]}, "properties": {"reference_class": 2, "prediction": 2, "confidence": 0.9644619047619049, "uncertain": false, "fold": 0, "evaluated": true, "row": 0, "col": 270}}, {"type": "Feature", "geometry": {"type": "Point", "coordinates": [93.79575, 26.592125000000003]}, "properties": {"reference_class": 2, "prediction": 2, "confidence": 0.8606277777777778, "uncertain": false, "fold": 4, "evaluated": true, "row": 1, "col": 289}}, {"type": "Feature", "geometry": {"type": "Point", "coordinates": [92.41108333333334, 26.586875000000003]}, "properties": {"reference_class": 2, "prediction": 2, "confidence": 0.9495333333333333, "uncertain": false, "fold": 3, "evaluated": true, "row": 2, "col": 21}}, {"type": "Feature", "geometry": {"type": "Point", "coordinates": [92.92258333333334, 26.581625000000003]}, "properties": {"reference_class": 2, "prediction": 2, "confidence": 1.0, "uncertain": false, "fold": 1, "evaluated": true, "row": 3, "col": 120}}, {"type": "Feature", "geometry": {"type": "Point", "coordinates": [93.50125, 26.581625000000003]}, "properties": {"reference_class": 2, "prediction": 2, "confidence": 1.0, "uncertain": false, "fold": 3, "evaluated": true, "row": 3, "col": 232}}, {"type": "Feature", "geometry": {"type": "Point", "coordinates": [92.43691666666666, 26.576375000000002]}, "properties": {"reference_class": 2, "prediction": 2, "confidence": 0.9782666666666666, "uncertain": false, "fold": 1, "evaluated": true, "row": 4, "col": 26}}, {"type": "Feature", "geometry": {"type": "Point", "coordinates": [93.69241666666666, 26.571125000000002]}, "properties": {"reference_class": 2, "prediction": 2, "confidence": 0.9860666666666666, "uncertain": false, "fold": 0, "evaluated": true, "row": 5, "col": 269}}, {"type": "Feature", "geometry": {"type": "Point", "coordinates": [93.09308333333333, 26.560625]}, "properties": {"reference_class": 2, "prediction": 2, "confidence": 0.999, "uncertain": false, "fold": 4, "evaluated": true, "row": 7, "col": 153}}, {"type": "Feature", "geometry": {"type": "Point", "coordinates": [93.32041666666666, 26.560625]}, "properties": {"reference_class": 2, "prediction": 2, "confidence": 0.7505999999999999, "uncertain": false, "fold": 1, "evaluated": true, "row": 7, "col": 197}}, {"type": "Feature", "geometry": {"type": "Point", "coordinates": [92.73658333333333, 26.555375]}, "properties": {"reference_class": 2, "prediction": 2, "confidence": 0.9873333333333334, "uncertain": false, "fold": 1, "evaluated": true, "row": 8, "col": 84}}, {"type": "Feature", "geometry": {"type": "Point", "coordinates": [93.21191666666667, 26.555375]}, "properties": {"reference_class": 2, "prediction": 2, "confidence": 0.95, "uncertain": false, "fold": 1, "evaluated": true, "row": 8, "col": 176}}, {"type": "Feature", "geometry": {"type": "Point", "coordinates": [92.89158333333333, 26.550125]}, "properties": {"reference_class": 2, "prediction": 2, "confidence": 1.0, "uncertain": false, "fold": 4, "evaluated": true, "row": 9, "col": 114}}, {"type": "Feature", "geometry": {"type": "Point", "coordinates": [93.53741666666666, 26.550125]}, "properties": {"reference_class": 2, "prediction": 2, "confidence": 0.9383333333333334, "uncertain": false, "fold": 3, "evaluated": true, "row": 9, "col": 239}}, {"type": "Feature", "geometry": {"type": "Point", "coordinates": [93.64591666666666, 26.550125]}, "properties": {"reference_class": 2, "prediction": 2, "confidence": 0.9961666666666668, "uncertain": false, "fold": 1, "evaluated": true, "row": 9, "col": 260}}, {"type": "Feature", "geometry": {"type": "Point", "coordinates": [93.55291666666666, 26.544875]}, "properties": {"reference_class": 2, "prediction": 2, "confidence": 0.998, "uncertain": false, "fold": 3, "evaluated": true, "row": 10, "col": 242}}, {"type": "Feature", "geometry": {"type": "Point", "coordinates": [93.40825, 26.534375]}, "properties": {"reference_class": 2, "prediction": 2, "confidence": 0.9782777777777777, "uncertain": false, "fold": 4, "evaluated": true, "row": 12, "col": 214}}, {"type": "Feature", "geometry": {"type": "Point", "coordinates": [93.45991666666666, 26.534375]}, "properties": {"reference_class": 2, "prediction": 2, "confidence": 1.0, "uncertain": false, "fold": 0, "evaluated": true, "row": 12, "col": 224}}, {"type": "Feature", "geometry": {"type": "Point", "coordinates": [93.62008333333333, 26.534375]}, "properties": {"reference_class": 2, "prediction": 2, "confidence": 0.9697952380952383, "uncertain": false, "fold": 0, "evaluated": true, "row": 12, "col": 255}}, {"type": "Feature", "geometry": {"type": "Point", "coordinates": [92.47308333333334, 26.529125]}, "properties": {"reference_class": 2, "prediction": 2, "confidence": 1.0, "uncertain": false, "fold": 3, "evaluated": true, "row": 13, "col": 33}}, {"type": "Feature", "geometry": {"type": "Point", "coordinates": [93.46508333333333, 26.529125]}, "properties": {"reference_class": 2, "prediction": 2, "confidence": 0.9868333333333333, "uncertain": false, "fold": 0, "evaluated": true, "row": 13, "col": 225}}, {"type": "Feature", "geometry": {"type": "Point", "coordinates": [93.53741666666666, 26.529125]}, "properties": {"reference_class": 2, "prediction": 2, "confidence": 1.0, "uncertain": false, "fold": 3, "evaluated": true, "row": 13, "col": 239}}, {"type": "Feature", "geometry": {"type": "Point", "coordinates": [93.26875, 26.523875]}, "properties": {"reference_class": 2, "prediction": 2, "confidence": 0.9183333333333333, "uncertain": false, "fold": 1, "evaluated": true, "row": 14, "col": 187}}, {"type": "Feature", "geometry": {"type": "Point", "coordinates": [93.82675, 26.523875]}, "properties": {"reference_class": 2, "prediction": 2, "confidence": 0.9975, "uncertain": false, "fold": 1, "evaluated": true, "row": 14, "col": 295}}, {"type": "Feature", "geometry": {"type": "Point", "coordinates": [93.04658333333333, 26.518625]}, "properties": {"reference_class": 2, "prediction": 2, "confidence": 0.9806666666666665, "uncertain": false, "fold": 3, "evaluated": true, "row": 15, "col": 144}}, {"type": "Feature", "geometry": {"type": "Point", "coordinates": [93.68724999999999, 26.518625]}, "properties": {"reference_class": 2, "prediction": 2, "confidence": 0.9863, "uncertain": false, "fold": 3, "evaluated": true, "row": 15, "col": 268}}, {"type": "Feature", "geometry": {"type": "Point", "coordinates": [92.73141666666666, 26.513375]}, "properties": {"reference_class": 2, "prediction": 2, "confidence": 0.9838333333333332, "uncertain": false, "fold": 0, "evaluated": true, "row": 16, "col": 83}}, {"type": "Feature", "geometry": {"type": "Point", "coordinates": [92.99491666666667, 26.513375]}, "properties": {"reference_class": 2, "prediction": 2, "confidence": 0.9881666666666667, "uncertain": false, "fold": 0, "evaluated": true, "row": 16, "col": 134}}, {"type": "Feature", "geometry": {"type": "Point", "coordinates": [92.41624999999999, 26.508125]}, "properties": {"reference_class": 2, "prediction": 2, "confidence": 0.996, "uncertain": false, "fold": 1, "evaluated": true, "row": 17, "col": 22}}, {"type": "Feature", "geometry": {"type": "Point", "coordinates": [92.99491666666667, 26.502875000000003]}, "properties": {"reference_class": 2, "prediction": 2, "confidence": 0.9926666666666667, "uncertain": false, "fold": 0, "evaluated": true, "row": 18, "col": 134}}, {"type": "Feature", "geometry": {"type": "Point", "coordinates": [93.75441666666666, 26.492375000000003]}, "properties": {"reference_class": 2, "prediction": 2, "confidence": 0.992, "uncertain": false, "fold": 1, "evaluated": true, "row": 20, "col": 281}}, {"type": "Feature", "geometry": {"type": "Point", "coordinates": [93.08791666666666, 26.487125000000002]}, "properties": {"reference_class": 2, "prediction": 2, "confidence": 0.9748333333333333, "uncertain": false, "fold": 4, "evaluated": true, "row": 21, "col": 152}}, {"type": "Feature", "geometry": {"type": "Point", "coordinates": [92.56608333333332, 26.481875000000002]}, "properties": {"reference_class": 2, "prediction": 2, "confidence": 1.0, "uncertain": false, "fold": 4, "evaluated": true, "row": 22, "col": 51}}, {"type": "Feature", "geometry": {"type": "Point", "coordinates": [92.76241666666667, 26.476625000000002]}, "properties": {"reference_class": 2, "prediction": 2, "confidence": 0.9784666666666667, "uncertain": false, "fold": 0, "evaluated": true, "row": 23, "col": 89}}, {"type": "Feature", "geometry": {"type": "Point", "coordinates": [92.74691666666666, 26.471375000000002]}, "properties": {"reference_class": 2, "prediction": 2, "confidence": 1.0, "uncertain": false, "fold": 1, "evaluated": true, "row": 24, "col": 86}}, {"type": "Feature", "geometry": {"type": "Point", "coordinates": [92.60741666666667, 26.466125]}, "properties": {"reference_class": 2, "prediction": 2, "confidence": 0.9785, "uncertain": false, "fold": 4, "evaluated": true, "row": 25, "col": 59}}, {"type": "Feature", "geometry": {"type": "Point", "coordinates": [93.66658333333334, 26.466125]}, "properties": {"reference_class": 2, "prediction": 2, "confidence": 0.997, "uncertain": false, "fold": 1, "evaluated": true, "row": 25, "col": 264}}, {"type": "Feature", "geometry": {"type": "Point", "coordinates": [92.56608333333332, 26.460875]}, "properties": {"reference_class": 2, "prediction": 2, "confidence": 0.8818333333333334, "uncertain": false, "fold": 1, "evaluated": true, "row": 26, "col": 51}}, {"type": "Feature", "geometry": {"type": "Point", "coordinates": [93.38241666666666, 26.460875]}, "properties": {"reference_class": 3, "prediction": 3, "confidence": 0.9529333333333332, "uncertain": false, "fold": 2, "evaluated": true, "row": 26, "col": 209}}, {"type": "Feature", "geometry": {"type": "Point", "coordinates": [93.83191666666666, 26.460875]}, "properties": {"reference_class": 2, "prediction": 2, "confidence": 0.9822380952380951, "uncertain": false, "fold": 1, "evaluated": true, "row": 26, "col": 296}}, {"type": "Feature", "geometry": {"type": "Point", "coordinates": [92.71591666666666, 26.455625]}, "properties": {"reference_class": 2, "prediction": 2, "confidence": 0.9985, "uncertain": false, "fold": 1, "evaluated": true, "row": 27, "col": 80}}, {"type": "Feature", "geometry": {"type": "Point", "coordinates": [93.58391666666667, 26.455625]}, "properties": {"reference_class": 4, "prediction": 4, "confidence": 0.999, "uncertain": false, "fold": 2, "evaluated": true, "row": 27, "col": 248}}, {"type": "Feature", "geometry": {"type": "Point", "coordinates": [93.77508333333333, 26.455625]}, "properties": {"reference_class": 2, "prediction": 2, "confidence": 0.9828666666666666, "uncertain": false, "fold": 4, "evaluated": true, "row": 27, "col": 285}}, {"type": "Feature", "geometry": {"type": "Point", "coordinates": [93.80608333333333, 26.455625]}, "properties": {"reference_class": 2, "prediction": 2, "confidence": 0.7628619047619049, "uncertain": false, "fold": 0, "evaluated": true, "row": 27, "col": 291}}, {"type": "Feature", "geometry": {"type": "Point", "coordinates": [92.62808333333334, 26.450375]}, "properties": {"reference_class": 2, "prediction": 2, "confidence": 0.9966666666666667, "uncertain": false, "fold": 4, "evaluated": true, "row": 28, "col": 63}}, {"type": "Feature", "geometry": {"type": "Point", "coordinates": [93.57875, 26.450375]}, "properties": {"reference_class": 4, "prediction": 4, "confidence": 0.999, "uncertain": false, "fold": 2, "evaluated": true, "row": 28, "col": 247}}, {"type": "Feature", "geometry": {"type": "Point", "coordinates": [92.62291666666667, 26.445125]}, "properties": {"reference_class": 2, "prediction": 2, "confidence": 0.9802666666666666, "uncertain": false, "fold": 4, "evaluated": true, "row": 29, "col": 62}}, {"type": "Feature", "geometry": {"type": "Point", "coordinates": [93.40308333333333, 26.445125]}, "properties": {"reference_class": 3, "prediction": 3, "confidence": 0.9501333333333332, "uncertain": false, "fold": 2, "evaluated": true, "row": 29, "col": 213}}, {"type": "Feature", "geometry": {"type": "Point", "coordinates": [93.58908333333333, 26.445125]}, "properties": {"reference_class": 4, "prediction": 4, "confidence": 0.9778000000000001, "uncertain": false, "fold": 2, "evaluated": true, "row": 29, "col": 249}}, {"type": "Feature", "geometry": {"type": "Point", "coordinates": [93.62008333333333, 26.445125]}, "properties": {"reference_class": 4, "prediction": 4, "confidence": 0.995, "uncertain": false, "fold": 2, "evaluated": true, "row": 29, "col": 255}}, {"type": "Feature", "geometry": {"type": "Point", "coordinates": [92.30258333333333, 26.439875]}, "properties": {"reference_class": 2, "prediction": 2, "confidence": 0.9762666666666666, "uncertain": false, "fold": 2, "evaluated": true, "row": 30, "col": 0}}, {"type": "Feature", "geometry": {"type": "Point", "coordinates": [92.55575, 26.439875]}, "properties": {"reference_class": 2, "prediction": 2, "confidence": 0.9975, "uncertain": false, "fold": 1, "evaluated": true, "row": 30, "col": 49}}, {"type": "Feature", "geometry": {"type": "Point", "coordinates": [93.02591666666666, 26.439875]}, "properties": {"reference_class": 2, "prediction": 2, "confidence": 0.9888666666666668, "uncertain": false, "fold": 2, "evaluated": true, "row": 30, "col": 140}}, {"type": "Feature", "geometry": {"type": "Point", "coordinates": [93.56841666666666, 26.439875]}, "properties": {"reference_class": 4, "prediction": 4, "confidence": 1.0, "uncertain": false, "fold": 2, "evaluated": true, "row": 30, "col": 245}}, {"type": "Feature", "geometry": {"type": "Point", "coordinates": [93.55808333333333, 26.434625]}, "properties": {"reference_class": 4, "prediction": 4, "confidence": 1.0, "uncertain": false, "fold": 2, "evaluated": true, "row": 31, "col": 243}}, {"type": "Feature", "geometry": {"type": "Point", "coordinates": [93.56325, 26.434625]}, "properties": {"reference_class": 4, "prediction": 4, "confidence": 0.981, "uncertain": false, "fold": 2, "evaluated": true, "row": 31, "col": 244}}, {"type": "Feature", "geometry": {"type": "Point", "coordinates": [93.72858333333333, 26.434625]}, "properties": {"reference_class": 2, "prediction": 2, "confidence": 0.9966666666666667, "uncertain": false, "fold": 2, "evaluated": true, "row": 31, "col": 276}}, {"type": "Feature", "geometry": {"type": "Point", "coordinates": [92.48341666666667, 26.429375]}, "properties": {"reference_class": 2, "prediction": 2, "confidence": 0.997, "uncertain": false, "fold": 4, "evaluated": true, "row": 32, "col": 35}}, {"type": "Feature", "geometry": {"type": "Point", "coordinates": [93.16541666666666, 26.424125]}, "properties": {"reference_class": 3, "prediction": 3, "confidence": 0.9819666666666667, "uncertain": false, "fold": 0, "evaluated": true, "row": 33, "col": 167}}, {"type": "Feature", "geometry": {"type": "Point", "coordinates": [93.45474999999999, 26.424125]}, "properties": {"reference_class": 5, "prediction": 5, "confidence": 0.9895, "uncertain": false, "fold": 1, "evaluated": true, "row": 33, "col": 223}}, {"type": "Feature", "geometry": {"type": "Point", "coordinates": [93.62008333333333, 26.424125]}, "properties": {"reference_class": 4, "prediction": 4, "confidence": 0.9824666666666667, "uncertain": false, "fold": 1, "evaluated": true, "row": 33, "col": 255}}, {"type": "Feature", "geometry": {"type": "Point", "coordinates": [93.62525, 26.424125]}, "properties": {"reference_class": 4, "prediction": 4, "confidence": 0.9986, "uncertain": false, "fold": 2, "evaluated": true, "row": 33, "col": 256}}, {"type": "Feature", "geometry": {"type": "Point", "coordinates": [93.71825, 26.424125]}, "properties": {"reference_class": 3, "prediction": 3, "confidence": 0.9261047619047618, "uncertain": false, "fold": 0, "evaluated": true, "row": 33, "col": 274}}, {"type": "Feature", "geometry": {"type": "Point", "coordinates": [92.72625, 26.418875]}, "properties": {"reference_class": 2, "prediction": 2, "confidence": 0.987, "uncertain": false, "fold": 0, "evaluated": true, "row": 34, "col": 82}}, {"type": "Feature", "geometry": {"type": "Point", "coordinates": [93.26875, 26.418875]}, "properties": {"reference_class": 3, "prediction": 3, "confidence": 0.9259071428571428, "uncertain": false, "fold": 2, "evaluated": true, "row": 34, "col": 187}}, {"type": "Feature", "geometry": {"type": "Point", "coordinates": [93.37208333333334, 26.418875]}, "properties": {"reference_class": 3, "prediction": 3, "confidence": 0.9966666666666666, "uncertain": false, "fold": 4, "evaluated": true, "row": 34, "col": 207}}, {"type": "Feature", "geometry": {"type": "Point", "coordinates": [93.42891666666667, 26.418875]}, "properties": {"reference_class": 5, "prediction": 5, "confidence": 0.9838333333333332, "uncertain": false, "fold": 1, "evaluated": true, "row": 34, "col": 218}}, {"type": "Feature", "geometry": {"type": "Point", "coordinates": [93.45474999999999, 26.418875]}, "properties": {"reference_class": 5, "prediction": 5, "confidence": 0.9943333333333333, "uncertain": false, "fold": 1, "evaluated": true, "row": 34, "col": 223}}, {"type": "Feature", "geometry": {"type": "Point", "coordinates": [93.60458333333332, 26.418875]}, "properties": {"reference_class": 4, "prediction": 4, "confidence": 1.0, "uncertain": false, "fold": 1, "evaluated": true, "row": 34, "col": 252}}, {"type": "Feature", "geometry": {"type": "Point", "coordinates": [93.62008333333333, 26.418875]}, "properties": {"reference_class": 4, "prediction": 4, "confidence": 1.0, "uncertain": false, "fold": 1, "evaluated": true, "row": 34, "col": 255}}, {"type": "Feature", "geometry": {"type": "Point", "coordinates": [93.64075, 26.418875]}, "properties": {"reference_class": 3, "prediction": 3, "confidence": 0.9761666666666666, "uncertain": false, "fold": 2, "evaluated": true, "row": 34, "col": 259}}, {"type": "Feature", "geometry": {"type": "Point", "coordinates": [93.42891666666667, 26.413625]}, "properties": {"reference_class": 5, "prediction": 5, "confidence": 0.9943333333333333, "uncertain": false, "fold": 1, "evaluated": true, "row": 35, "col": 218}}, {"type": "Feature", "geometry": {"type": "Point", "coordinates": [93.45474999999999, 26.413625]}, "properties": {"reference_class": 5, "prediction": 5, "confidence": 0.9923333333333333, "uncertain": false, "fold": 1, "evaluated": true, "row": 35, "col": 223}}, {"type": "Feature", "geometry": {"type": "Point", "coordinates": [93.62008333333333, 26.413625]}, "properties": {"reference_class": 4, "prediction": 4, "confidence": 1.0, "uncertain": false, "fold": 1, "evaluated": true, "row": 35, "col": 255}}, {"type": "Feature", "geometry": {"type": "Point", "coordinates": [93.21191666666667, 26.408375000000003]}, "properties": {"reference_class": 3, "prediction": 3, "confidence": 0.9965, "uncertain": false, "fold": 0, "evaluated": true, "row": 36, "col": 176}}, {"type": "Feature", "geometry": {"type": "Point", "coordinates": [93.43408333333333, 26.408375000000003]}, "properties": {"reference_class": 5, "prediction": 5, "confidence": 0.9943333333333333, "uncertain": false, "fold": 1, "evaluated": true, "row": 36, "col": 219}}, {"type": "Feature", "geometry": {"type": "Point", "coordinates": [93.43925, 26.408375000000003]}, "properties": {"reference_class": 5, "prediction": 5, "confidence": 0.9899333333333333, "uncertain": false, "fold": 1, "evaluated": true, "row": 36, "col": 220}}, {"type": "Feature", "geometry": {"type": "Point", "coordinates": [93.44958333333334, 26.408375000000003]}, "properties": {"reference_class": 5, "prediction": 5, "confidence": 0.9741666666666665, "uncertain": false, "fold": 1, "evaluated": true, "row": 36, "col": 222}}, {"type": "Feature", "geometry": {"type": "Point", "coordinates": [93.45474999999999, 26.408375000000003]}, "properties": {"reference_class": 5, "prediction": 5, "confidence": 0.9943333333333333, "uncertain": false, "fold": 1, "evaluated": true, "row": 36, "col": 223}}, {"type": "Feature", "geometry": {"type": "Point", "coordinates": [93.45991666666666, 26.408375000000003]}, "properties": {"reference_class": 5, "prediction": 5, "confidence": 0.9908333333333332, "uncertain": false, "fold": 1, "evaluated": true, "row": 36, "col": 224}}, {"type": "Feature", "geometry": {"type": "Point", "coordinates": [93.56325, 26.408375000000003]}, "properties": {"reference_class": 4, "prediction": 4, "confidence": 0.9835, "uncertain": false, "fold": 0, "evaluated": true, "row": 36, "col": 244}}, {"type": "Feature", "geometry": {"type": "Point", "coordinates": [93.58908333333333, 26.408375000000003]}, "properties": {"reference_class": 4, "prediction": 4, "confidence": 0.9833333333333333, "uncertain": false, "fold": 1, "evaluated": true, "row": 36, "col": 249}}, {"type": "Feature", "geometry": {"type": "Point", "coordinates": [93.60974999999999, 26.408375000000003]}, "properties": {"reference_class": 4, "prediction": 4, "confidence": 0.8672, "uncertain": false, "fold": 1, "evaluated": true, "row": 36, "col": 253}}, {"type": "Feature", "geometry": {"type": "Point", "coordinates": [93.61491666666666, 26.408375000000003]}, "properties": {"reference_class": 4, "prediction": 4, "confidence": 0.6690333333333334, "uncertain": false, "fold": 1, "evaluated": true, "row": 36, "col": 254}}, {"type": "Feature", "geometry": {"type": "Point", "coordinates": [93.62525, 26.408375000000003]}, "properties": {"reference_class": 4, "prediction": 4, "confidence": 1.0, "uncertain": false, "fold": 2, "evaluated": true, "row": 36, "col": 256}}, {"type": "Feature", "geometry": {"type": "Point", "coordinates": [92.59708333333333, 26.403125000000003]}, "properties": {"reference_class": 2, "prediction": 2, "confidence": 0.9495333333333333, "uncertain": false, "fold": 0, "evaluated": true, "row": 37, "col": 57}}, {"type": "Feature", "geometry": {"type": "Point", "coordinates": [93.46508333333333, 26.403125000000003]}, "properties": {"reference_class": 5, "prediction": 5, "confidence": 0.9913333333333333, "uncertain": false, "fold": 1, "evaluated": true, "row": 37, "col": 225}}, {"type": "Feature", "geometry": {"type": "Point", "coordinates": [93.58908333333333, 26.403125000000003]}, "properties": {"reference_class": 4, "prediction": 4, "confidence": 0.998, "uncertain": false, "fold": 1, "evaluated": true, "row": 37, "col": 249}}, {"type": "Feature", "geometry": {"type": "Point", "coordinates": [92.88641666666666, 26.397875000000003]}, "properties": {"reference_class": 2, "prediction": 2, "confidence": 0.9939333333333334, "uncertain": false, "fold": 4, "evaluated": true, "row": 38, "col": 113}}, {"type": "Feature", "geometry": {"type": "Point", "coordinates": [93.42375, 26.397875000000003]}, "properties": {"reference_class": 5, "prediction": 5, "confidence": 0.9948333333333332, "uncertain": false, "fold": 1, "evaluated": true, "row": 38, "col": 217}}, {"type": "Feature", "geometry": {"type": "Point", "coordinates": [93.43408333333333, 26.397875000000003]}, "properties": {"reference_class": 5, "prediction": 5, "confidence": 0.9943333333333333, "uncertain": false, "fold": 1, "evaluated": true, "row": 38, "col": 219}}, {"type": "Feature", "geometry": {"type": "Point", "coordinates": [93.43925, 26.397875000000003]}, "properties": {"reference_class": 5, "prediction": 5, "confidence": 0.847552380952381, "uncertain": false, "fold": 1, "evaluated": true, "row": 38, "col": 220}}, {"type": "Feature", "geometry": {"type": "Point", "coordinates": [93.57358333333333, 26.397875000000003]}, "properties": {"reference_class": 4, "prediction": 4, "confidence": 1.0, "uncertain": false, "fold": 0, "evaluated": true, "row": 38, "col": 246}}, {"type": "Feature", "geometry": {"type": "Point", "coordinates": [93.58908333333333, 26.397875000000003]}, "properties": {"reference_class": 4, "prediction": 4, "confidence": 0.9915333333333333, "uncertain": false, "fold": 1, "evaluated": true, "row": 38, "col": 249}}, {"type": "Feature", "geometry": {"type": "Point", "coordinates": [93.59941666666667, 26.397875000000003]}, "properties": {"reference_class": 4, "prediction": 4, "confidence": 0.9846666666666666, "uncertain": false, "fold": 1, "evaluated": true, "row": 38, "col": 251}}, {"type": "Feature", "geometry": {"type": "Point", "coordinates": [93.33591666666666, 26.392625000000002]}, "properties": {"reference_class": 3, "prediction": 3, "confidence": 0.9708571428571429, "uncertain": false, "fold": 4, "evaluated": true, "row": 39, "col": 200}}, {"type": "Feature", "geometry": {"type": "Point", "coordinates": [93.44441666666667, 26.392625000000002]}, "properties": {"reference_class": 5, "prediction": 5, "confidence": 0.9953333333333333, "uncertain": false, "fold": 1, "evaluated": true, "row": 39, "col": 221}}, {"type": "Feature", "geometry": {"type": "Point", "coordinates": [93.44958333333334, 26.392625000000002]}, "properties": {"reference_class": 5, "prediction": 5, "confidence": 0.9963333333333333, "uncertain": false, "fold": 1, "evaluated": true, "row": 39, "col": 222}}, {"type": "Feature", "geometry": {"type": "Point", "coordinates": [93.58391666666667, 26.392625000000002]}, "properties": {"reference_class": 4, "prediction": 4, "confidence": 1.0, "uncertain": false, "fold": 1, "evaluated": true, "row": 39, "col": 248}}, {"type": "Feature", "geometry": {"type": "Point", "coordinates": [93.59425, 26.392625000000002]}, "properties": {"reference_class": 4, "prediction": 4, "confidence": 1.0, "uncertain": false, "fold": 1, "evaluated": true, "row": 39, "col": 250}}, {"type": "Feature", "geometry": {"type": "Point", "coordinates": [93.12925, 26.387375000000002]}, "properties": {"reference_class": 3, "prediction": 3, "confidence": 0.999, "uncertain": false, "fold": 0, "evaluated": true, "row": 40, "col": 160}}, {"type": "Feature", "geometry": {"type": "Point", "coordinates": [93.32558333333333, 26.387375000000002]}, "properties": {"reference_class": 3, "prediction": 3, "confidence": 0.9803333333333333, "uncertain": false, "fold": 4, "evaluated": true, "row": 40, "col": 198}}, {"type": "Feature", "geometry": {"type": "Point", "coordinates": [93.42891666666667, 26.387375000000002]}, "properties": {"reference_class": 5, "prediction": 5, "confidence": 0.9985, "uncertain": false, "fold": 0, "evaluated": true, "row": 40, "col": 218}}, {"type": "Feature", "geometry": {"type": "Point", "coordinates": [93.75958333333332, 26.387375000000002]}, "properties": {"reference_class": 3, "prediction": 3, "confidence": 0.9883333333333334, "uncertain": false, "fold": 4, "evaluated": true, "row": 40, "col": 282}}, {"type": "Feature", "geometry": {"type": "Point", "coordinates": [93.05691666666667, 26.382125000000002]}, "properties": {"reference_class": 3, "prediction": 3, "confidence": 0.9963333333333333, "uncertain": false, "fold": 1, "evaluated": true, "row": 41, "col": 146}}, {"type": "Feature", "geometry": {"type": "Point", "coordinates": [93.18608333333333, 26.382125000000002]}, "properties": {"reference_class": 3, "prediction": 3, "confidence": 0.9867666666666667, "uncertain": false, "fold": 2, "evaluated": true, "row": 41, "col": 171}}, {"type": "Feature", "geometry": {"type": "Point", "coordinates": [93.24808333333333, 26.382125000000002]}, "properties": {"reference_class": 5, "prediction": 5, "confidence": 1.0, "uncertain": false, "fold": 2, "evaluated": true, "row": 41, "col": 183}}, {"type": "Feature", "geometry": {"type": "Point", "coordinates": [93.25841666666666, 26.382125000000002]}, "properties": {"reference_class": 5, "prediction": 5, "confidence": 1.0, "uncertain": false, "fold": 0, "evaluated": true, "row": 41, "col": 185}}, {"type": "Feature", "geometry": {"type": "Point", "coordinates": [93.76474999999999, 26.382125000000002]}, "properties": {"reference_class": 3, "prediction": 3, "confidence": 0.999, "uncertain": false, "fold": 4, "evaluated": true, "row": 41, "col": 283}}, {"type": "Feature", "geometry": {"type": "Point", "coordinates": [93.04658333333333, 26.376875000000002]}, "properties": {"reference_class": 3, "prediction": 3, "confidence": 0.9877952380952381, "uncertain": false, "fold": 1, "evaluated": true, "row": 42, "col": 144}}, {"type": "Feature", "geometry": {"type": "Point", "coordinates": [93.25325, 26.376875000000002]}, "properties": {"reference_class": 5, "prediction": 5, "confidence": 0.998, "uncertain": false, "fold": 0, "evaluated": true, "row": 42, "col": 184}}, {"type": "Feature", "geometry": {"type": "Point", "coordinates": [93.31524999999999, 26.376875000000002]}, "properties": {"reference_class": 3, "prediction": 3, "confidence": 0.9637, "uncertain": false, "fold": 4, "evaluated": true, "row": 42, "col": 196}}, {"type": "Feature", "geometry": {"type": "Point", "coordinates": [93.58391666666667, 26.376875000000002]}, "properties": {"reference_class": 1, "prediction": 1, "confidence": 0.999, "uncertain": false, "fold": 4, "evaluated": true, "row": 42, "col": 248}}, {"type": "Feature", "geometry": {"type": "Point", "coordinates": [93.24291666666666, 26.366375]}, "properties": {"reference_class": 5, "prediction": 5, "confidence": 1.0, "uncertain": false, "fold": 2, "evaluated": true, "row": 44, "col": 182}}, {"type": "Feature", "geometry": {"type": "Point", "coordinates": [93.47541666666666, 26.366375]}, "properties": {"reference_class": 4, "prediction": 4, "confidence": 0.999, "uncertain": false, "fold": 0, "evaluated": true, "row": 44, "col": 227}}, {"type": "Feature", "geometry": {"type": "Point", "coordinates": [93.24291666666666, 26.361125]}, "properties": {"reference_class": 5, "prediction": 5, "confidence": 0.998, "uncertain": false, "fold": 2, "evaluated": true, "row": 45, "col": 182}}, {"type": "Feature", "geometry": {"type": "Point", "coordinates": [93.73891666666667, 26.361125]}, "properties": {"reference_class": 3, "prediction": 3, "confidence": 1.0, "uncertain": false, "fold": 4, "evaluated": true, "row": 45, "col": 278}}, {"type": "Feature", "geometry": {"type": "Point", "coordinates": [92.97425, 26.355875]}, "properties": {"reference_class": 3, "prediction": 3, "confidence": 0.997, "uncertain": false, "fold": 3, "evaluated": true, "row": 46, "col": 130}}, {"type": "Feature", "geometry": {"type": "Point", "coordinates": [93.05691666666667, 26.355875]}, "properties": {"reference_class": 5, "prediction": 5, "confidence": 0.8860333333333335, "uncertain": false, "fold": 1, "evaluated": true, "row": 46, "col": 146}}, {"type": "Feature", "geometry": {"type": "Point", "coordinates": [93.24291666666666, 26.355875]}, "properties": {"reference_class": 5, "prediction": 5, "confidence": 0.9906666666666666, "uncertain": false, "fold": 2, "evaluated": true, "row": 46, "col": 182}}, {"type": "Feature", "geometry": {"type": "Point", "coordinates": [93.25841666666666, 26.355875]}, "properties": {"reference_class": 5, "prediction": 5, "confidence": 0.997, "uncertain": false, "fold": 0, "evaluated": true, "row": 46, "col": 185}}, {"type": "Feature", "geometry": {"type": "Point", "coordinates": [92.97425, 26.350625]}, "properties": {"reference_class": 3, "prediction": 3, "confidence": 0.9832809523809523, "uncertain": false, "fold": 3, "evaluated": true, "row": 47, "col": 130}}, {"type": "Feature", "geometry": {"type": "Point", "coordinates": [93.06208333333333, 26.350625]}, "properties": {"reference_class": 5, "prediction": 5, "confidence": 0.997, "uncertain": false, "fold": 1, "evaluated": true, "row": 47, "col": 147}}, {"type": "Feature", "geometry": {"type": "Point", "coordinates": [93.18608333333333, 26.350625]}, "properties": {"reference_class": 3, "prediction": 3, "confidence": 0.9896666666666666, "uncertain": false, "fold": 2, "evaluated": true, "row": 47, "col": 171}}, {"type": "Feature", "geometry": {"type": "Point", "coordinates": [93.48575, 26.350625]}, "properties": {"reference_class": 4, "prediction": 4, "confidence": 0.9904285714285715, "uncertain": false, "fold": 0, "evaluated": true, "row": 47, "col": 229}}, {"type": "Feature", "geometry": {"type": "Point", "coordinates": [92.35425, 26.345375]}, "properties": {"reference_class": 2, "prediction": 2, "confidence": 0.9225333333333334, "uncertain": false, "fold": 0, "evaluated": true, "row": 48, "col": 10}}, {"type": "Feature", "geometry": {"type": "Point", "coordinates": [92.74175, 26.345375]}, "properties": {"reference_class": 2, "prediction": 2, "confidence": 1.0, "uncertain": false, "fold": 0, "evaluated": true, "row": 48, "col": 85}}, {"type": "Feature", "geometry": {"type": "Point", "coordinates": [93.05175, 26.345375]}, "properties": {"reference_class": 5, "prediction": 5, "confidence": 0.999, "uncertain": false, "fold": 1, "evaluated": true, "row": 48, "col": 145}}, {"type": "Feature", "geometry": {"type": "Point", "coordinates": [93.05691666666667, 26.345375]}, "properties": {"reference_class": 5, "prediction": 5, "confidence": 0.9966, "uncertain": false, "fold": 1, "evaluated": true, "row": 48, "col": 146}}, {"type": "Feature", "geometry": {"type": "Point", "coordinates": [93.76991666666666, 26.345375]}, "properties": {"reference_class": 3, "prediction": 3, "confidence": 0.9138095238095237, "uncertain": false, "fold": 2, "evaluated": true, "row": 48, "col": 284}}, {"type": "Feature", "geometry": {"type": "Point", "coordinates": [93.03108333333333, 26.340125]}, "properties": {"reference_class": 5, "prediction": 5, "confidence": 0.9254666666666667, "uncertain": false, "fold": 4, "evaluated": true, "row": 49, "col": 141}}, {"type": "Feature", "geometry": {"type": "Point", "coordinates": [93.05175, 26.340125]}, "properties": {"reference_class": 5, "prediction": 5, "confidence": 0.9896190476190476, "uncertain": false, "fold": 1, "evaluated": true, "row": 49, "col": 145}}, {"type": "Feature", "geometry": {"type": "Point", "coordinates": [93.05691666666667, 26.340125]}, "properties": {"reference_class": 5, "prediction": 5, "confidence": 1.0, "uncertain": false, "fold": 1, "evaluated": true, "row": 49, "col": 146}}, {"type": "Feature", "geometry": {"type": "Point", "coordinates": [93.06208333333333, 26.340125]}, "properties": {"reference_class": 5, "prediction": 5, "confidence": 1.0, "uncertain": false, "fold": 1, "evaluated": true, "row": 49, "col": 147}}, {"type": "Feature", "geometry": {"type": "Point", "coordinates": [93.06725, 26.340125]}, "properties": {"reference_class": 5, "prediction": 5, "confidence": 0.9906666666666667, "uncertain": false, "fold": 1, "evaluated": true, "row": 49, "col": 148}}, {"type": "Feature", "geometry": {"type": "Point", "coordinates": [92.99491666666667, 26.334875]}, "properties": {"reference_class": 3, "prediction": 3, "confidence": 0.9910666666666668, "uncertain": false, "fold": 1, "evaluated": true, "row": 50, "col": 134}}, {"type": "Feature", "geometry": {"type": "Point", "coordinates": [93.03108333333333, 26.334875]}, "properties": {"reference_class": 5, "prediction": 5, "confidence": 0.998, "uncertain": false, "fold": 4, "evaluated": true, "row": 50, "col": 141}}, {"type": "Feature", "geometry": {"type": "Point", "coordinates": [93.06725, 26.334875]}, "properties": {"reference_class": 5, "prediction": 5, "confidence": 0.9478000000000001, "uncertain": false, "fold": 1, "evaluated": true, "row": 50, "col": 148}}, {"type": "Feature", "geometry": {"type": "Point", "coordinates": [93.22225, 26.334875]}, "properties": {"reference_class": 4, "prediction": 4, "confidence": 0.9918333333333333, "uncertain": false, "fold": 0, "evaluated": true, "row": 50, "col": 178}}, {"type": "Feature", "geometry": {"type": "Point", "coordinates": [93.65108333333333, 26.334875]}, "properties": {"reference_class": 1, "prediction": 1, "confidence": 1.0, "uncertain": false, "fold": 2, "evaluated": true, "row": 50, "col": 261}}, {"type": "Feature", "geometry": {"type": "Point", "coordinates": [93.03625, 26.329625]}, "properties": {"reference_class": 5, "prediction": 5, "confidence": 0.9916666666666667, "uncertain": false, "fold": 4, "evaluated": true, "row": 51, "col": 142}}, {"type": "Feature", "geometry": {"type": "Point", "coordinates": [93.05691666666667, 26.329625]}, "properties": {"reference_class": 5, "prediction": 5, "confidence": 1.0, "uncertain": false, "fold": 1, "evaluated": true, "row": 51, "col": 146}}, {"type": "Feature", "geometry": {"type": "Point", "coordinates": [93.06208333333333, 26.329625]}, "properties": {"reference_class": 5, "prediction": 5, "confidence": 0.8667190476190476, "uncertain": false, "fold": 1, "evaluated": true, "row": 51, "col": 147}}, {"type": "Feature", "geometry": {"type": "Point", "coordinates": [93.12408333333333, 26.329625]}, "properties": {"reference_class": 3, "prediction": 3, "confidence": 0.9986666666666666, "uncertain": false, "fold": 3, "evaluated": true, "row": 51, "col": 159}}, {"type": "Feature", "geometry": {"type": "Point", "coordinates": [93.04141666666666, 26.324375]}, "properties": {"reference_class": 5, "prediction": 5, "confidence": 0.9893333333333333, "uncertain": false, "fold": 4, "evaluated": true, "row": 52, "col": 143}}, {"type": "Feature", "geometry": {"type": "Point", "coordinates": [93.04658333333333, 26.324375]}, "properties": {"reference_class": 5, "prediction": 5, "confidence": 0.998, "uncertain": false, "fold": 1, "evaluated": true, "row": 52, "col": 144}}, {"type": "Feature", "geometry": {"type": "Point", "coordinates": [93.07758333333334, 26.324375]}, "properties": {"reference_class": 5, "prediction": 5, "confidence": 0.9993333333333333, "uncertain": false, "fold": 1, "evaluated": true, "row": 52, "col": 150}}, {"type": "Feature", "geometry": {"type": "Point", "coordinates": [93.32041666666666, 26.324375]}, "properties": {"reference_class": 1, "prediction": 1, "confidence": 0.9993333333333333, "uncertain": false, "fold": 1, "evaluated": true, "row": 52, "col": 197}}, {"type": "Feature", "geometry": {"type": "Point", "coordinates": [92.56091666666666, 26.319125]}, "properties": {"reference_class": 2, "prediction": 2, "confidence": 0.9551999999999999, "uncertain": false, "fold": 0, "evaluated": true, "row": 53, "col": 50}}, {"type": "Feature", "geometry": {"type": "Point", "coordinates": [92.89675, 26.319125]}, "properties": {"reference_class": 3, "prediction": 3, "confidence": 0.998, "uncertain": false, "fold": 2, "evaluated": true, "row": 53, "col": 115}}, {"type": "Feature", "geometry": {"type": "Point", "coordinates": [93.03108333333333, 26.319125]}, "properties": {"reference_class": 5, "prediction": 5, "confidence": 0.999, "uncertain": false, "fold": 4, "evaluated": true, "row": 53, "col": 141}}, {"type": "Feature", "geometry": {"type": "Point", "coordinates": [93.05175, 26.319125]}, "properties": {"reference_class": 5, "prediction": 5, "confidence": 1.0, "uncertain": false, "fold": 1, "evaluated": true, "row": 53, "col": 145}}, {"type": "Feature", "geometry": {"type": "Point", "coordinates": [93.05691666666667, 26.319125]}, "properties": {"reference_class": 5, "prediction": 5, "confidence": 0.8758333333333332, "uncertain": false, "fold": 1, "evaluated": true, "row": 53, "col": 146}}, {"type": "Feature", "geometry": {"type": "Point", "coordinates": [93.06208333333333, 26.319125]}, "properties": {"reference_class": 5, "prediction": 5, "confidence": 0.9836333333333334, "uncertain": false, "fold": 1, "evaluated": true, "row": 53, "col": 147}}, {"type": "Feature", "geometry": {"type": "Point", "coordinates": [93.06725, 26.319125]}, "properties": {"reference_class": 5, "prediction": 5, "confidence": 1.0, "uncertain": false, "fold": 1, "evaluated": true, "row": 53, "col": 148}}, {"type": "Feature", "geometry": {"type": "Point", "coordinates": [93.07758333333334, 26.319125]}, "properties": {"reference_class": 5, "prediction": 5, "confidence": 0.995, "uncertain": false, "fold": 1, "evaluated": true, "row": 53, "col": 150}}, {"type": "Feature", "geometry": {"type": "Point", "coordinates": [93.08274999999999, 26.319125]}, "properties": {"reference_class": 5, "prediction": 5, "confidence": 0.9955, "uncertain": false, "fold": 1, "evaluated": true, "row": 53, "col": 151}}, {"type": "Feature", "geometry": {"type": "Point", "coordinates": [93.08791666666666, 26.319125]}, "properties": {"reference_class": 5, "prediction": 5, "confidence": 0.9996, "uncertain": false, "fold": 3, "evaluated": true, "row": 53, "col": 152}}, {"type": "Feature", "geometry": {"type": "Point", "coordinates": [93.18091666666666, 26.319125]}, "properties": {"reference_class": 3, "prediction": 3, "confidence": 0.9639000000000001, "uncertain": false, "fold": 3, "evaluated": true, "row": 53, "col": 170}}, {"type": "Feature", "geometry": {"type": "Point", "coordinates": [93.22225, 26.319125]}, "properties": {"reference_class": 4, "prediction": 4, "confidence": 0.9955, "uncertain": false, "fold": 0, "evaluated": true, "row": 53, "col": 178}}, {"type": "Feature", "geometry": {"type": "Point", "coordinates": [93.24808333333333, 26.319125]}, "properties": {"reference_class": 4, "prediction": 4, "confidence": 0.9993333333333334, "uncertain": false, "fold": 0, "evaluated": true, "row": 53, "col": 183}}, {"type": "Feature", "geometry": {"type": "Point", "coordinates": [92.46791666666667, 26.313875000000003]}, "properties": {"reference_class": 2, "prediction": 2, "confidence": 0.9222047619047617, "uncertain": false, "fold": 2, "evaluated": true, "row": 54, "col": 32}}, {"type": "Feature", "geometry": {"type": "Point", "coordinates": [92.75725, 26.313875000000003]}, "properties": {"reference_class": 2, "prediction": 2, "confidence": 1.0, "uncertain": false, "fold": 0, "evaluated": true, "row": 54, "col": 88}}, {"type": "Feature", "geometry": {"type": "Point", "coordinates": [93.02591666666666, 26.313875000000003]}, "properties": {"reference_class": 5, "prediction": 5, "confidence": 0.947, "uncertain": false, "fold": 4, "evaluated": true, "row": 54, "col": 140}}, {"type": "Feature", "geometry": {"type": "Point", "coordinates": [93.03108333333333, 26.313875000000003]}, "properties": {"reference_class": 5, "prediction": 5, "confidence": 0.9795, "uncertain": false, "fold": 4, "evaluated": true, "row": 54, "col": 141}}, {"type": "Feature", "geometry": {"type": "Point", "coordinates": [93.03625, 26.313875000000003]}, "properties": {"reference_class": 5, "prediction": 5, "confidence": 1.0, "uncertain": false, "fold": 4, "evaluated": true, "row": 54, "col": 142}}, {"type": "Feature", "geometry": {"type": "Point", "coordinates": [93.05175, 26.313875000000003]}, "properties": {"reference_class": 5, "prediction": 5, "confidence": 0.9458000000000001, "uncertain": false, "fold": 1, "evaluated": true, "row": 54, "col": 145}}, {"type": "Feature", "geometry": {"type": "Point", "coordinates": [93.05691666666667, 26.313875000000003]}, "properties": {"reference_class": 5, "prediction": 5, "confidence": 0.9906666666666667, "uncertain": false, "fold": 1, "evaluated": true, "row": 54, "col": 146}}, {"type": "Feature", "geometry": {"type": "Point", "coordinates": [93.06725, 26.313875000000003]}, "properties": {"reference_class": 5, "prediction": 5, "confidence": 0.8586, "uncertain": false, "fold": 1, "evaluated": true, "row": 54, "col": 148}}, {"type": "Feature", "geometry": {"type": "Point", "coordinates": [93.07241666666667, 26.313875000000003]}, "properties": {"reference_class": 5, "prediction": 5, "confidence": 1.0, "uncertain": false, "fold": 1, "evaluated": true, "row": 54, "col": 149}}, {"type": "Feature", "geometry": {"type": "Point", "coordinates": [93.08791666666666, 26.313875000000003]}, "properties": {"reference_class": 5, "prediction": 5, "confidence": 1.0, "uncertain": false, "fold": 3, "evaluated": true, "row": 54, "col": 152}}, {"type": "Feature", "geometry": {"type": "Point", "coordinates": [93.20675, 26.313875000000003]}, "properties": {"reference_class": 4, "prediction": 4, "confidence": 1.0, "uncertain": false, "fold": 3, "evaluated": true, "row": 54, "col": 175}}, {"type": "Feature", "geometry": {"type": "Point", "coordinates": [93.03625, 26.308625000000003]}, "properties": {"reference_class": 5, "prediction": 5, "confidence": 0.9986666666666666, "uncertain": false, "fold": 4, "evaluated": true, "row": 55, "col": 142}}, {"type": "Feature", "geometry": {"type": "Point", "coordinates": [93.04658333333333, 26.308625000000003]}, "properties": {"reference_class": 5, "prediction": 5, "confidence": 1.0, "uncertain": false, "fold": 1, "evaluated": true, "row": 55, "col": 144}}, {"type": "Feature", "geometry": {"type": "Point", "coordinates": [93.05175, 26.308625000000003]}, "properties": {"reference_class": 5, "prediction": 5, "confidence": 0.999, "uncertain": false, "fold": 1, "evaluated": true, "row": 55, "col": 145}}, {"type": "Feature", "geometry": {"type": "Point", "coordinates": [93.20158333333333, 26.308625000000003]}, "properties": {"reference_class": 4, "prediction": 4, "confidence": 0.9896666666666666, "uncertain": false, "fold": 3, "evaluated": true, "row": 55, "col": 174}}, {"type": "Feature", "geometry": {"type": "Point", "coordinates": [93.59941666666667, 26.308625000000003]}, "properties": {"reference_class": 1, "prediction": 1, "confidence": 0.998, "uncertain": false, "fold": 2, "evaluated": true, "row": 55, "col": 251}}, {"type": "Feature", "geometry": {"type": "Point", "coordinates": [92.56091666666666, 26.303375000000003]}, "properties": {"reference_class": 2, "prediction": 2, "confidence": 0.9885, "uncertain": false, "fold": 0, "evaluated": true, "row": 56, "col": 50}}, {"type": "Feature", "geometry": {"type": "Point", "coordinates": [93.03625, 26.303375000000003]}, "properties": {"reference_class": 5, "prediction": 5, "confidence": 1.0, "uncertain": false, "fold": 0, "evaluated": true, "row": 56, "col": 142}}, {"type": "Feature", "geometry": {"type": "Point", "coordinates": [93.04141666666666, 26.303375000000003]}, "properties": {"reference_class": 5, "prediction": 5, "confidence": 1.0, "uncertain": false, "fold": 0, "evaluated": true, "row": 56, "col": 143}}, {"type": "Feature", "geometry": {"type": "Point", "coordinates": [93.05175, 26.303375000000003]}, "properties": {"reference_class": 5, "prediction": 5, "confidence": 0.999, "uncertain": false, "fold": 0, "evaluated": true, "row": 56, "col": 145}}, {"type": "Feature", "geometry": {"type": "Point", "coordinates": [93.08274999999999, 26.303375000000003]}, "properties": {"reference_class": 5, "prediction": 5, "confidence": 1.0, "uncertain": false, "fold": 0, "evaluated": true, "row": 56, "col": 151}}, {"type": "Feature", "geometry": {"type": "Point", "coordinates": [93.42891666666667, 26.303375000000003]}, "properties": {"reference_class": 1, "prediction": 1, "confidence": 1.0, "uncertain": false, "fold": 0, "evaluated": true, "row": 56, "col": 218}}, {"type": "Feature", "geometry": {"type": "Point", "coordinates": [93.06208333333333, 26.298125000000002]}, "properties": {"reference_class": 5, "prediction": 5, "confidence": 0.999, "uncertain": false, "fold": 0, "evaluated": true, "row": 57, "col": 147}}, {"type": "Feature", "geometry": {"type": "Point", "coordinates": [93.11375, 26.298125000000002]}, "properties": {"reference_class": 5, "prediction": 5, "confidence": 0.9669333333333333, "uncertain": false, "fold": 4, "evaluated": true, "row": 57, "col": 157}}, {"type": "Feature", "geometry": {"type": "Point", "coordinates": [93.21191666666667, 26.298125000000002]}, "properties": {"reference_class": 4, "prediction": 4, "confidence": 1.0, "uncertain": false, "fold": 3, "evaluated": true, "row": 57, "col": 176}}, {"type": "Feature", "geometry": {"type": "Point", "coordinates": [93.24808333333333, 26.298125000000002]}, "properties": {"reference_class": 4, "prediction": 4, "confidence": 0.9453333333333332, "uncertain": false, "fold": 3, "evaluated": true, "row": 57, "col": 183}}, {"type": "Feature", "geometry": {"type": "Point", "coordinates": [93.60458333333332, 26.298125000000002]}, "properties": {"reference_class": 1, "prediction": 1, "confidence": 0.8632333333333334, "uncertain": false, "fold": 2, "evaluated": true, "row": 57, "col": 252}}, {"type": "Feature", "geometry": {"type": "Point", "coordinates": [93.20675, 26.292875000000002]}, "properties": {"reference_class": 4, "prediction": 4, "confidence": 1.0, "uncertain": false, "fold": 3, "evaluated": true, "row": 58, "col": 175}}, {"type": "Feature", "geometry": {"type": "Point", "coordinates": [93.21191666666667, 26.292875000000002]}, "properties": {"reference_class": 4, "prediction": 4, "confidence": 0.9921666666666665, "uncertain": false, "fold": 3, "evaluated": true, "row": 58, "col": 176}}, {"type": "Feature", "geometry": {"type": "Point", "coordinates": [93.23258333333332, 26.292875000000002]}, "properties": {"reference_class": 4, "prediction": 4, "confidence": 1.0, "uncertain": false, "fold": 3, "evaluated": true, "row": 58, "col": 180}}, {"type": "Feature", "geometry": {"type": "Point", "coordinates": [92.95358333333333, 26.287625000000002]}, "properties": {"reference_class": 3, "prediction": 3, "confidence": 0.9197857142857142, "uncertain": false, "fold": 4, "evaluated": true, "row": 59, "col": 126}}, {"type": "Feature", "geometry": {"type": "Point", "coordinates": [93.22741666666667, 26.287625000000002]}, "properties": {"reference_class": 4, "prediction": 4, "confidence": 1.0, "uncertain": false, "fold": 3, "evaluated": true, "row": 59, "col": 179}}, {"type": "Feature", "geometry": {"type": "Point", "coordinates": [93.23258333333332, 26.287625000000002]}, "properties": {"reference_class": 4, "prediction": 4, "confidence": 0.9686333333333333, "uncertain": false, "fold": 3, "evaluated": true, "row": 59, "col": 180}}, {"type": "Feature", "geometry": {"type": "Point", "coordinates": [93.26875, 26.287625000000002]}, "properties": {"reference_class": 1, "prediction": 1, "confidence": 0.999, "uncertain": false, "fold": 2, "evaluated": true, "row": 59, "col": 187}}, {"type": "Feature", "geometry": {"type": "Point", "coordinates": [93.53741666666666, 26.287625000000002]}, "properties": {"reference_class": 1, "prediction": 1, "confidence": 0.999, "uncertain": false, "fold": 0, "evaluated": true, "row": 59, "col": 239}}, {"type": "Feature", "geometry": {"type": "Point", "coordinates": [92.73658333333333, 26.282375000000002]}, "properties": {"reference_class": 3, "prediction": 3, "confidence": 0.8175666666666666, "uncertain": false, "fold": 0, "evaluated": true, "row": 60, "col": 84}}, {"type": "Feature", "geometry": {"type": "Point", "coordinates": [93.13958333333333, 26.282375000000002]}, "properties": {"reference_class": 1, "prediction": 1, "confidence": 0.9952000000000001, "uncertain": false, "fold": 1, "evaluated": true, "row": 60, "col": 162}}, {"type": "Feature", "geometry": {"type": "Point", "coordinates": [93.36691666666667, 26.282375000000002]}, "properties": {"reference_class": 1, "prediction": 1, "confidence": 1.0, "uncertain": false, "fold": 1, "evaluated": true, "row": 60, "col": 206}}, {"type": "Feature", "geometry": {"type": "Point", "coordinates": [93.65625, 26.282375000000002]}, "properties": {"reference_class": 1, "prediction": 1, "confidence": 0.9975, "uncertain": false, "fold": 4, "evaluated": true, "row": 60, "col": 262}}, {"type": "Feature", "geometry": {"type": "Point", "coordinates": [93.72858333333333, 26.282375000000002]}, "properties": {"reference_class": 3, "prediction": 3, "confidence": 0.9619666666666666, "uncertain": false, "fold": 1, "evaluated": true, "row": 60, "col": 276}}, {"type": "Feature", "geometry": {"type": "Point", "coordinates": [93.80608333333333, 26.282375000000002]}, "properties": {"reference_class": 3, "prediction": 3, "confidence": 0.9714047619047619, "uncertain": false, "fold": 0, "evaluated": true, "row": 60, "col": 291}}, {"type": "Feature", "geometry": {"type": "Point", "coordinates": [92.30775, 26.277125]}, "properties": {"reference_class": 2, "prediction": 2, "confidence": 0.998, "uncertain": false, "fold": 3, "evaluated": true, "row": 61, "col": 1}}, {"type": "Feature", "geometry": {"type": "Point", "coordinates": [92.96391666666666, 26.277125]}, "properties": {"reference_class": 3, "prediction": 3, "confidence": 0.8555666666666667, "uncertain": false, "fold": 2, "evaluated": true, "row": 61, "col": 128}}, {"type": "Feature", "geometry": {"type": "Point", "coordinates": [93.25325, 26.277125]}, "properties": {"reference_class": 4, "prediction": 4, "confidence": 0.999, "uncertain": false, "fold": 2, "evaluated": true, "row": 61, "col": 184}}, {"type": "Feature", "geometry": {"type": "Point", "coordinates": [93.02591666666666, 26.271875]}, "properties": {"reference_class": 3, "prediction": 3, "confidence": 0.8627999999999999, "uncertain": false, "fold": 0, "evaluated": true, "row": 62, "col": 140}}, {"type": "Feature", "geometry": {"type": "Point", "coordinates": [93.19125, 26.271875]}, "properties": {"reference_class": 4, "prediction": 4, "confidence": 1.0, "uncertain": false, "fold": 3, "evaluated": true, "row": 62, "col": 172}}, {"type": "Feature", "geometry": {"type": "Point", "coordinates": [92.31291666666667, 26.266625]}, "properties": {"reference_class": 2, "prediction": 2, "confidence": 1.0, "uncertain": false, "fold": 3, "evaluated": true, "row": 63, "col": 2}}, {"type": "Feature", "geometry": {"type": "Point", "coordinates": [92.75725, 26.266625]}, "properties": {"reference_class": 3, "prediction": 3, "confidence": 0.9976666666666666, "uncertain": false, "fold": 1, "evaluated": true, "row": 63, "col": 88}}, {"type": "Feature", "geometry": {"type": "Point", "coordinates": [92.77791666666667, 26.266625]}, "properties": {"reference_class": 3, "prediction": 3, "confidence": 0.931495238095238, "uncertain": false, "fold": 1, "evaluated": true, "row": 63, "col": 92}}, {"type": "Feature", "geometry": {"type": "Point", "coordinates": [93.20675, 26.266625]}, "properties": {"reference_class": 4, "prediction": 4, "confidence": 0.9836666666666667, "uncertain": false, "fold": 3, "evaluated": true, "row": 63, "col": 175}}, {"type": "Feature", "geometry": {"type": "Point", "coordinates": [93.21708333333333, 26.266625]}, "properties": {"reference_class": 4, "prediction": 4, "confidence": 0.996, "uncertain": false, "fold": 3, "evaluated": true, "row": 63, "col": 177}}, {"type": "Feature", "geometry": {"type": "Point", "coordinates": [93.26358333333333, 26.266625]}, "properties": {"reference_class": 1, "prediction": 1, "confidence": 0.9365666666666667, "uncertain": false, "fold": 2, "evaluated": true, "row": 63, "col": 186}}, {"type": "Feature", "geometry": {"type": "Point", "coordinates": [93.67175, 26.261375]}, "properties": {"reference_class": 1, "prediction": 1, "confidence": 0.999, "uncertain": false, "fold": 3, "evaluated": true, "row": 64, "col": 265}}, {"type": "Feature", "geometry": {"type": "Point", "coordinates": [92.42141666666666, 26.256125]}, "properties": {"reference_class": 2, "prediction": 2, "confidence": 0.9877333333333332, "uncertain": false, "fold": 2, "evaluated": true, "row": 65, "col": 23}}, {"type": "Feature", "geometry": {"type": "Point", "coordinates": [93.12925, 26.256125]}, "properties": {"reference_class": 1, "prediction": 1, "confidence": 0.9985, "uncertain": false, "fold": 3, "evaluated": true, "row": 65, "col": 160}}, {"type": "Feature", "geometry": {"type": "Point", "coordinates": [93.19641666666666, 26.256125]}, "properties": {"reference_class": 4, "prediction": 4, "confidence": 1.0, "uncertain": false, "fold": 1, "evaluated": true, "row": 65, "col": 173}}, {"type": "Feature", "geometry": {"type": "Point", "coordinates": [93.21191666666667, 26.256125]}, "properties": {"reference_class": 4, "prediction": 4, "confidence": 1.0, "uncertain": false, "fold": 2, "evaluated": true, "row": 65, "col": 176}}, {"type": "Feature", "geometry": {"type": "Point", "coordinates": [92.95358333333333, 26.250875]}, "properties": {"reference_class": 3, "prediction": 3, "confidence": 0.8995023809523808, "uncertain": false, "fold": 4, "evaluated": true, "row": 66, "col": 126}}, {"type": "Feature", "geometry": {"type": "Point", "coordinates": [93.24291666666666, 26.250875]}, "properties": {"reference_class": 4, "prediction": 4, "confidence": 0.9926, "uncertain": false, "fold": 2, "evaluated": true, "row": 66, "col": 182}}, {"type": "Feature", "geometry": {"type": "Point", "coordinates": [93.34108333333333, 26.250875]}, "properties": {"reference_class": 1, "prediction": 1, "confidence": 1.0, "uncertain": false, "fold": 4, "evaluated": true, "row": 66, "col": 201}}, {"type": "Feature", "geometry": {"type": "Point", "coordinates": [93.35658333333333, 26.250875]}, "properties": {"reference_class": 1, "prediction": 1, "confidence": 0.9986666666666667, "uncertain": false, "fold": 4, "evaluated": true, "row": 66, "col": 204}}, {"type": "Feature", "geometry": {"type": "Point", "coordinates": [92.70558333333334, 26.245625]}, "properties": {"reference_class": 4, "prediction": 4, "confidence": 0.9855333333333333, "uncertain": false, "fold": 0, "evaluated": true, "row": 67, "col": 78}}, {"type": "Feature", "geometry": {"type": "Point", "coordinates": [93.24808333333333, 26.245625]}, "properties": {"reference_class": 4, "prediction": 4, "confidence": 0.9776333333333334, "uncertain": false, "fold": 2, "evaluated": true, "row": 67, "col": 183}}, {"type": "Feature", "geometry": {"type": "Point", "coordinates": [93.73891666666667, 26.245625]}, "properties": {"reference_class": 3, "prediction": 3, "confidence": 0.9548333333333334, "uncertain": false, "fold": 2, "evaluated": true, "row": 67, "col": 278}}, {"type": "Feature", "geometry": {"type": "Point", "coordinates": [92.43175, 26.240375]}, "properties": {"reference_class": 2, "prediction": 2, "confidence": 0.9663333333333334, "uncertain": false, "fold": 0, "evaluated": true, "row": 68, "col": 25}}, {"type": "Feature", "geometry": {"type": "Point", "coordinates": [93.02591666666666, 26.240375]}, "properties": {"reference_class": 1, "prediction": 1, "confidence": 0.9983333333333334, "uncertain": false, "fold": 1, "evaluated": true, "row": 68, "col": 140}}, {"type": "Feature", "geometry": {"type": "Point", "coordinates": [93.60974999999999, 26.240375]}, "properties": {"reference_class": 1, "prediction": 1, "confidence": 1.0, "uncertain": false, "fold": 4, "evaluated": true, "row": 68, "col": 253}}, {"type": "Feature", "geometry": {"type": "Point", "coordinates": [92.67458333333333, 26.235125]}, "properties": {"reference_class": 2, "prediction": 2, "confidence": 0.9737000000000001, "uncertain": false, "fold": 0, "evaluated": true, "row": 69, "col": 72}}, {"type": "Feature", "geometry": {"type": "Point", "coordinates": [92.69525, 26.235125]}, "properties": {"reference_class": 4, "prediction": 4, "confidence": 0.999, "uncertain": false, "fold": 0, "evaluated": true, "row": 69, "col": 76}}, {"type": "Feature", "geometry": {"type": "Point", "coordinates": [93.17575, 26.235125]}, "properties": {"reference_class": 1, "prediction": 1, "confidence": 0.9939333333333334, "uncertain": false, "fold": 1, "evaluated": true, "row": 69, "col": 169}}, {"type": "Feature", "geometry": {"type": "Point", "coordinates": [93.72858333333333, 26.235125]}, "properties": {"reference_class": 3, "prediction": 3, "confidence": 0.9479333333333335, "uncertain": false, "fold": 2, "evaluated": true, "row": 69, "col": 276}}, {"type": "Feature", "geometry": {"type": "Point", "coordinates": [92.71074999999999, 26.229875]}, "properties": {"reference_class": 3, "prediction": 3, "confidence": 0.947366666666667, "uncertain": false, "fold": 0, "evaluated": true, "row": 70, "col": 79}}, {"type": "Feature", "geometry": {"type": "Point", "coordinates": [92.88125, 26.229875]}, "properties": {"reference_class": 3, "prediction": 3, "confidence": 0.9766666666666667, "uncertain": false, "fold": 1, "evaluated": true, "row": 70, "col": 112}}, {"type": "Feature", "geometry": {"type": "Point", "coordinates": [93.83708333333333, 26.229875]}, "properties": {"reference_class": 3, "prediction": 3, "confidence": 0.7645000000000002, "uncertain": false, "fold": 3, "evaluated": true, "row": 70, "col": 297}}, {"type": "Feature", "geometry": {"type": "Point", "coordinates": [92.48858333333332, 26.224625000000003]}, "properties": {"reference_class": 2, "prediction": 2, "confidence": 0.9992000000000001, "uncertain": false, "fold": 3, "evaluated": true, "row": 71, "col": 36}}, {"type": "Feature", "geometry": {"type": "Point", "coordinates": [92.69008333333333, 26.224625000000003]}, "properties": {"reference_class": 4, "prediction": 4, "confidence": 1.0, "uncertain": false, "fold": 0, "evaluated": true, "row": 71, "col": 75}}, {"type": "Feature", "geometry": {"type": "Point", "coordinates": [93.00525, 26.224625000000003]}, "properties": {"reference_class": 1, "prediction": 1, "confidence": 0.998, "uncertain": false, "fold": 1, "evaluated": true, "row": 71, "col": 136}}, {"type": "Feature", "geometry": {"type": "Point", "coordinates": [93.62525, 26.224625000000003]}, "properties": {"reference_class": 1, "prediction": 1, "confidence": 1.0, "uncertain": false, "fold": 1, "evaluated": true, "row": 71, "col": 256}}, {"type": "Feature", "geometry": {"type": "Point", "coordinates": [92.49374999999999, 26.219375000000003]}, "properties": {"reference_class": 2, "prediction": 2, "confidence": 0.9477666666666668, "uncertain": false, "fold": 3, "evaluated": true, "row": 72, "col": 37}}, {"type": "Feature", "geometry": {"type": "Point", "coordinates": [92.67458333333333, 26.219375000000003]}, "properties": {"reference_class": 4, "prediction": 4, "confidence": 1.0, "uncertain": false, "fold": 4, "evaluated": true, "row": 72, "col": 72}}, {"type": "Feature", "geometry": {"type": "Point", "coordinates": [92.67975, 26.219375000000003]}, "properties": {"reference_class": 4, "prediction": 4, "confidence": 1.0, "uncertain": false, "fold": 4, "evaluated": true, "row": 72, "col": 73}}, {"type": "Feature", "geometry": {"type": "Point", "coordinates": [93.23258333333332, 26.219375000000003]}, "properties": {"reference_class": 1, "prediction": 1, "confidence": 1.0, "uncertain": false, "fold": 2, "evaluated": true, "row": 72, "col": 180}}, {"type": "Feature", "geometry": {"type": "Point", "coordinates": [93.71825, 26.219375000000003]}, "properties": {"reference_class": 1, "prediction": 1, "confidence": 0.997, "uncertain": false, "fold": 3, "evaluated": true, "row": 72, "col": 274}}, {"type": "Feature", "geometry": {"type": "Point", "coordinates": [92.93808333333332, 26.214125000000003]}, "properties": {"reference_class": 1, "prediction": 1, "confidence": 1.0, "uncertain": false, "fold": 0, "evaluated": true, "row": 73, "col": 123}}, {"type": "Feature", "geometry": {"type": "Point", "coordinates": [92.98975, 26.208875000000003]}, "properties": {"reference_class": 4, "prediction": 4, "confidence": 0.9812666666666666, "uncertain": false, "fold": 4, "evaluated": true, "row": 74, "col": 133}}, {"type": "Feature", "geometry": {"type": "Point", "coordinates": [92.81408333333333, 26.203625000000002]}, "properties": {"reference_class": 3, "prediction": 3, "confidence": 0.998, "uncertain": false, "fold": 1, "evaluated": true, "row": 75, "col": 99}}, {"type": "Feature", "geometry": {"type": "Point", "coordinates": [93.00008333333334, 26.203625000000002]}, "properties": {"reference_class": 4, "prediction": 4, "confidence": 0.9334333333333332, "uncertain": false, "fold": 4, "evaluated": true, "row": 75, "col": 135}}, {"type": "Feature", "geometry": {"type": "Point", "coordinates": [93.51158333333333, 26.203625000000002]}, "properties": {"reference_class": 1, "prediction": 1, "confidence": 1.0, "uncertain": false, "fold": 1, "evaluated": true, "row": 75, "col": 234}}, {"type": "Feature", "geometry": {"type": "Point", "coordinates": [93.53741666666666, 26.203625000000002]}, "properties": {"reference_class": 1, "prediction": 1, "confidence": 0.9912666666666666, "uncertain": false, "fold": 1, "evaluated": true, "row": 75, "col": 239}}, {"type": "Feature", "geometry": {"type": "Point", "coordinates": [92.97941666666667, 26.198375000000002]}, "properties": {"reference_class": 4, "prediction": 4, "confidence": 0.998, "uncertain": false, "fold": 4, "evaluated": true, "row": 76, "col": 131}}, {"type": "Feature", "geometry": {"type": "Point", "coordinates": [92.99491666666667, 26.198375000000002]}, "properties": {"reference_class": 4, "prediction": 4, "confidence": 1.0, "uncertain": false, "fold": 4, "evaluated": true, "row": 76, "col": 134}}, {"type": "Feature", "geometry": {"type": "Point", "coordinates": [92.69525, 26.193125000000002]}, "properties": {"reference_class": 3, "prediction": 3, "confidence": 0.999, "uncertain": false, "fold": 4, "evaluated": true, "row": 77, "col": 76}}, {"type": "Feature", "geometry": {"type": "Point", "coordinates": [92.70558333333334, 26.193125000000002]}, "properties": {"reference_class": 3, "prediction": 3, "confidence": 0.9090357142857142, "uncertain": false, "fold": 4, "evaluated": true, "row": 77, "col": 78}}, {"type": "Feature", "geometry": {"type": "Point", "coordinates": [93.03108333333333, 26.193125000000002]}, "properties": {"reference_class": 1, "prediction": 1, "confidence": 0.998, "uncertain": false, "fold": 2, "evaluated": true, "row": 77, "col": 141}}, {"type": "Feature", "geometry": {"type": "Point", "coordinates": [93.55291666666666, 26.193125000000002]}, "properties": {"reference_class": 1, "prediction": 1, "confidence": 1.0, "uncertain": false, "fold": 4, "evaluated": true, "row": 77, "col": 242}}, {"type": "Feature", "geometry": {"type": "Point", "coordinates": [93.80608333333333, 26.193125000000002]}, "properties": {"reference_class": 3, "prediction": 3, "confidence": 0.9819666666666667, "uncertain": false, "fold": 4, "evaluated": true, "row": 77, "col": 291}}, {"type": "Feature", "geometry": {"type": "Point", "coordinates": [92.73141666666666, 26.177375]}, "properties": {"reference_class": 3, "prediction": 3, "confidence": 0.9748666666666667, "uncertain": false, "fold": 4, "evaluated": true, "row": 80, "col": 83}}, {"type": "Feature", "geometry": {"type": "Point", "coordinates": [93.00525, 26.177375]}, "properties": {"reference_class": 4, "prediction": 4, "confidence": 0.9975333333333334, "uncertain": false, "fold": 3, "evaluated": true, "row": 80, "col": 136}}, {"type": "Feature", "geometry": {"type": "Point", "coordinates": [93.62525, 26.177375]}, "properties": {"reference_class": 1, "prediction": 1, "confidence": 1.0, "uncertain": false, "fold": 0, "evaluated": true, "row": 80, "col": 256}}, {"type": "Feature", "geometry": {"type": "Point", "coordinates": [92.54541666666667, 26.172125]}, "properties": {"reference_class": 2, "prediction": 2, "confidence": 0.9888333333333333, "uncertain": false, "fold": 4, "evaluated": true, "row": 81, "col": 47}}, {"type": "Feature", "geometry": {"type": "Point", "coordinates": [92.94841666666666, 26.172125]}, "properties": {"reference_class": 1, "prediction": 1, "confidence": 0.999, "uncertain": false, "fold": 4, "evaluated": true, "row": 81, "col": 125}}, {"type": "Feature", "geometry": {"type": "Point", "coordinates": [92.90191666666666, 26.166875]}, "properties": {"reference_class": 4, "prediction": 4, "confidence": 0.9820666666666668, "uncertain": false, "fold": 4, "evaluated": true, "row": 82, "col": 116}}, {"type": "Feature", "geometry": {"type": "Point", "coordinates": [93.05691666666667, 26.166875]}, "properties": {"reference_class": 1, "prediction": 1, "confidence": 1.0, "uncertain": false, "fold": 2, "evaluated": true, "row": 82, "col": 146}}, {"type": "Feature", "geometry": {"type": "Point", "coordinates": [92.54541666666667, 26.161625]}, "properties": {"reference_class": 2, "prediction": 2, "confidence": 0.9914999999999999, "uncertain": false, "fold": 4, "evaluated": true, "row": 83, "col": 47}}, {"type": "Feature", "geometry": {"type": "Point", "coordinates": [92.93291666666667, 26.161625]}, "properties": {"reference_class": 4, "prediction": 4, "confidence": 0.991, "uncertain": false, "fold": 4, "evaluated": true, "row": 83, "col": 122}}, {"type": "Feature", "geometry": {"type": "Point", "coordinates": [92.89158333333333, 26.156375]}, "properties": {"reference_class": 4, "prediction": 4, "confidence": 1.0, "uncertain": false, "fold": 4, "evaluated": true, "row": 84, "col": 114}}, {"type": "Feature", "geometry": {"type": "Point", "coordinates": [92.92258333333334, 26.156375]}, "properties": {"reference_class": 4, "prediction": 4, "confidence": 0.9984, "uncertain": false, "fold": 4, "evaluated": true, "row": 84, "col": 120}}, {"type": "Feature", "geometry": {"type": "Point", "coordinates": [93.41858333333333, 26.156375]}, "properties": {"reference_class": 1, "prediction": 1, "confidence": 0.9933333333333334, "uncertain": false, "fold": 0, "evaluated": true, "row": 84, "col": 216}}, {"type": "Feature", "geometry": {"type": "Point", "coordinates": [92.76758333333333, 26.151125]}, "properties": {"reference_class": 3, "prediction": 3, "confidence": 0.993, "uncertain": false, "fold": 1, "evaluated": true, "row": 85, "col": 90}}, {"type": "Feature", "geometry": {"type": "Point", "coordinates": [92.92258333333334, 26.151125]}, "properties": {"reference_class": 4, "prediction": 4, "confidence": 0.9963333333333334, "uncertain": false, "fold": 4, "evaluated": true, "row": 85, "col": 120}}, {"type": "Feature", "geometry": {"type": "Point", "coordinates": [93.68208333333332, 26.151125]}, "properties": {"reference_class": 1, "prediction": 1, "confidence": 1.0, "uncertain": false, "fold": 4, "evaluated": true, "row": 85, "col": 267}}, {"type": "Feature", "geometry": {"type": "Point", "coordinates": [92.90191666666666, 26.145875]}, "properties": {"reference_class": 4, "prediction": 4, "confidence": 0.9978333333333332, "uncertain": false, "fold": 4, "evaluated": true, "row": 86, "col": 116}}, {"type": "Feature", "geometry": {"type": "Point", "coordinates": [93.24808333333333, 26.145875]}, "properties": {"reference_class": 1, "prediction": 1, "confidence": 1.0, "uncertain": false, "fold": 4, "evaluated": true, "row": 86, "col": 183}}, {"type": "Feature", "geometry": {"type": "Point", "coordinates": [93.52708333333334, 26.135375]}, "properties": {"reference_class": 1, "prediction": 1, "confidence": 1.0, "uncertain": false, "fold": 4, "evaluated": true, "row": 88, "col": 237}}, {"type": "Feature", "geometry": {"type": "Point", "coordinates": [93.76991666666666, 26.135375]}, "properties": {"reference_class": 3, "prediction": 3, "confidence": 0.983, "uncertain": false, "fold": 4, "evaluated": true, "row": 88, "col": 284}}, {"type": "Feature", "geometry": {"type": "Point", "coordinates": [92.53508333333333, 26.130125]}, "properties": {"reference_class": 2, "prediction": 2, "confidence": 0.9976666666666667, "uncertain": false, "fold": 1, "evaluated": true, "row": 89, "col": 45}}, {"type": "Feature", "geometry": {"type": "Point", "coordinates": [92.63841666666666, 26.130125]}, "properties": {"reference_class": 3, "prediction": 3, "confidence": 0.9681285714285712, "uncertain": false, "fold": 3, "evaluated": true, "row": 89, "col": 65}}, {"type": "Feature", "geometry": {"type": "Point", "coordinates": [93.46508333333333, 26.130125]}, "properties": {"reference_class": 1, "prediction": 1, "confidence": 0.9783833333333333, "uncertain": false, "fold": 4, "evaluated": true, "row": 89, "col": 225}}, {"type": "Feature", "geometry": {"type": "Point", "coordinates": [92.83475, 26.124875000000003]}, "properties": {"reference_class": 1, "prediction": 1, "confidence": 0.997, "uncertain": false, "fold": 0, "evaluated": true, "row": 90, "col": 103}}, {"type": "Feature", "geometry": {"type": "Point", "coordinates": [93.09825, 26.124875000000003]}, "properties": {"reference_class": 1, "prediction": 1, "confidence": 0.998, "uncertain": false, "fold": 2, "evaluated": true, "row": 90, "col": 154}}, {"type": "Feature", "geometry": {"type": "Point", "coordinates": [93.16024999999999, 26.124875000000003]}, "properties": {"reference_class": 1, "prediction": 1, "confidence": 1.0, "uncertain": false, "fold": 4, "evaluated": true, "row": 90, "col": 166}}, {"type": "Feature", "geometry": {"type": "Point", "coordinates": [92.86058333333332, 26.114375000000003]}, "properties": {"reference_class": 1, "prediction": 1, "confidence": 1.0, "uncertain": false, "fold": 2, "evaluated": true, "row": 92, "col": 108}}, {"type": "Feature", "geometry": {"type": "Point", "coordinates": [92.91741666666667, 26.114375000000003]}, "properties": {"reference_class": 4, "prediction": 4, "confidence": 0.9143999999999999, "uncertain": false, "fold": 2, "evaluated": true, "row": 92, "col": 119}}, {"type": "Feature", "geometry": {"type": "Point", "coordinates": [92.41108333333334, 26.109125000000002]}, "properties": {"reference_class": 2, "prediction": 2, "confidence": 0.998, "uncertain": false, "fold": 1, "evaluated": true, "row": 93, "col": 21}}, {"type": "Feature", "geometry": {"type": "Point", "coordinates": [92.53508333333333, 26.109125000000002]}, "properties": {"reference_class": 2, "prediction": 2, "confidence": 1.0, "uncertain": false, "fold": 1, "evaluated": true, "row": 93, "col": 45}}, {"type": "Feature", "geometry": {"type": "Point", "coordinates": [92.68491666666667, 26.109125000000002]}, "properties": {"reference_class": 3, "prediction": 3, "confidence": 0.998, "uncertain": false, "fold": 0, "evaluated": true, "row": 93, "col": 74}}, {"type": "Feature", "geometry": {"type": "Point", "coordinates": [92.93808333333332, 26.109125000000002]}, "properties": {"reference_class": 4, "prediction": 4, "confidence": 0.9972000000000001, "uncertain": false, "fold": 0, "evaluated": true, "row": 93, "col": 123}}, {"type": "Feature", "geometry": {"type": "Point", "coordinates": [93.16541666666666, 26.109125000000002]}, "properties": {"reference_class": 1, "prediction": 1, "confidence": 1.0, "uncertain": false, "fold": 4, "evaluated": true, "row": 93, "col": 167}}, {"type": "Feature", "geometry": {"type": "Point", "coordinates": [92.50925, 26.103875000000002]}, "properties": {"reference_class": 2, "prediction": 2, "confidence": 1.0, "uncertain": false, "fold": 1, "evaluated": true, "row": 94, "col": 40}}, {"type": "Feature", "geometry": {"type": "Point", "coordinates": [92.91741666666667, 26.103875000000002]}, "properties": {"reference_class": 4, "prediction": 4, "confidence": 0.9771333333333333, "uncertain": false, "fold": 2, "evaluated": true, "row": 94, "col": 119}}, {"type": "Feature", "geometry": {"type": "Point", "coordinates": [93.11891666666666, 26.103875000000002]}, "properties": {"reference_class": 1, "prediction": 1, "confidence": 0.9771333333333332, "uncertain": false, "fold": 2, "evaluated": true, "row": 94, "col": 158}}, {"type": "Feature", "geometry": {"type": "Point", "coordinates": [92.56091666666666, 26.098625000000002]}, "properties": {"reference_class": 2, "prediction": 2, "confidence": 0.9658, "uncertain": false, "fold": 3, "evaluated": true, "row": 95, "col": 50}}, {"type": "Feature", "geometry": {"type": "Point", "coordinates": [92.92775, 26.098625000000002]}, "properties": {"reference_class": 4, "prediction": 4, "confidence": 1.0, "uncertain": false, "fold": 0, "evaluated": true, "row": 95, "col": 121}}, {"type": "Feature", "geometry": {"type": "Point", "coordinates": [93.72858333333333, 26.098625000000002]}, "properties": {"reference_class": 3, "prediction": 3, "confidence": 0.8055666666666667, "uncertain": false, "fold": 2, "evaluated": true, "row": 95, "col": 276}}, {"type": "Feature", "geometry": {"type": "Point", "coordinates": [92.76241666666667, 26.093375]}, "properties": {"reference_class": 5, "prediction": 5, "confidence": 0.9993333333333334, "uncertain": false, "fold": 3, "evaluated": true, "row": 96, "col": 89}}, {"type": "Feature", "geometry": {"type": "Point", "coordinates": [92.91225, 26.093375]}, "properties": {"reference_class": 4, "prediction": 4, "confidence": 1.0, "uncertain": false, "fold": 4, "evaluated": true, "row": 96, "col": 118}}, {"type": "Feature", "geometry": {"type": "Point", "coordinates": [92.93808333333332, 26.093375]}, "properties": {"reference_class": 4, "prediction": 4, "confidence": 0.9918333333333333, "uncertain": false, "fold": 4, "evaluated": true, "row": 96, "col": 123}}, {"type": "Feature", "geometry": {"type": "Point", "coordinates": [92.95875, 26.093375]}, "properties": {"reference_class": 4, "prediction": 4, "confidence": 1.0, "uncertain": false, "fold": 4, "evaluated": true, "row": 96, "col": 127}}, {"type": "Feature", "geometry": {"type": "Point", "coordinates": [93.20158333333333, 26.093375]}, "properties": {"reference_class": 1, "prediction": 1, "confidence": 0.9441, "uncertain": false, "fold": 0, "evaluated": true, "row": 96, "col": 174}}, {"type": "Feature", "geometry": {"type": "Point", "coordinates": [93.57358333333333, 26.093375]}, "properties": {"reference_class": 1, "prediction": 1, "confidence": 0.997, "uncertain": false, "fold": 1, "evaluated": true, "row": 96, "col": 246}}, {"type": "Feature", "geometry": {"type": "Point", "coordinates": [93.68208333333332, 26.093375]}, "properties": {"reference_class": 1, "prediction": 1, "confidence": 1.0, "uncertain": false, "fold": 1, "evaluated": true, "row": 96, "col": 267}}, {"type": "Feature", "geometry": {"type": "Point", "coordinates": [92.60225, 26.088125]}, "properties": {"reference_class": 3, "prediction": 3, "confidence": 0.999, "uncertain": false, "fold": 1, "evaluated": true, "row": 97, "col": 58}}, {"type": "Feature", "geometry": {"type": "Point", "coordinates": [92.73658333333333, 26.088125]}, "properties": {"reference_class": 5, "prediction": 5, "confidence": 0.9350666666666667, "uncertain": false, "fold": 4, "evaluated": true, "row": 97, "col": 84}}, {"type": "Feature", "geometry": {"type": "Point", "coordinates": [92.75208333333333, 26.088125]}, "properties": {"reference_class": 5, "prediction": 5, "confidence": 0.9543666666666667, "uncertain": false, "fold": 4, "evaluated": true, "row": 97, "col": 87}}, {"type": "Feature", "geometry": {"type": "Point", "coordinates": [92.76758333333333, 26.088125]}, "properties": {"reference_class": 5, "prediction": 5, "confidence": 1.0, "uncertain": false, "fold": 3, "evaluated": true, "row": 97, "col": 90}}, {"type": "Feature", "geometry": {"type": "Point", "coordinates": [92.82441666666666, 26.088125]}, "properties": {"reference_class": 1, "prediction": 1, "confidence": 1.0, "uncertain": false, "fold": 1, "evaluated": true, "row": 97, "col": 101}}, {"type": "Feature", "geometry": {"type": "Point", "coordinates": [92.89675, 26.088125]}, "properties": {"reference_class": 4, "prediction": 4, "confidence": 0.9436666666666668, "uncertain": false, "fold": 4, "evaluated": true, "row": 97, "col": 115}}, {"type": "Feature", "geometry": {"type": "Point", "coordinates": [93.30491666666667, 26.088125]}, "properties": {"reference_class": 1, "prediction": 1, "confidence": 0.9940000000000001, "uncertain": false, "fold": 1, "evaluated": true, "row": 97, "col": 194}}, {"type": "Feature", "geometry": {"type": "Point", "coordinates": [93.53224999999999, 26.088125]}, "properties": {"reference_class": 1, "prediction": 1, "confidence": 0.9957999999999999, "uncertain": false, "fold": 3, "evaluated": true, "row": 97, "col": 238}}, {"type": "Feature", "geometry": {"type": "Point", "coordinates": [92.73141666666666, 26.082875]}, "properties": {"reference_class": 5, "prediction": 5, "confidence": 0.9736666666666667, "uncertain": false, "fold": 4, "evaluated": true, "row": 98, "col": 83}}, {"type": "Feature", "geometry": {"type": "Point", "coordinates": [92.74175, 26.082875]}, "properties": {"reference_class": 5, "prediction": 5, "confidence": 0.9825, "uncertain": false, "fold": 4, "evaluated": true, "row": 98, "col": 85}}, {"type": "Feature", "geometry": {"type": "Point", "coordinates": [92.77275, 26.082875]}, "properties": {"reference_class": 5, "prediction": 5, "confidence": 0.9068333333333333, "uncertain": false, "fold": 3, "evaluated": true, "row": 98, "col": 91}}, {"type": "Feature", "geometry": {"type": "Point", "coordinates": [92.78308333333334, 26.082875]}, "properties": {"reference_class": 3, "prediction": 3, "confidence": 1.0, "uncertain": false, "fold": 3, "evaluated": true, "row": 98, "col": 93}}, {"type": "Feature", "geometry": {"type": "Point", "coordinates": [92.95875, 26.082875]}, "properties": {"reference_class": 4, "prediction": 4, "confidence": 0.9973333333333333, "uncertain": false, "fold": 4, "evaluated": true, "row": 98, "col": 127}}, {"type": "Feature", "geometry": {"type": "Point", "coordinates": [93.05175, 26.082875]}, "properties": {"reference_class": 1, "prediction": 1, "confidence": 1.0, "uncertain": false, "fold": 2, "evaluated": true, "row": 98, "col": 145}}, {"type": "Feature", "geometry": {"type": "Point", "coordinates": [93.08274999999999, 26.082875]}, "properties": {"reference_class": 1, "prediction": 1, "confidence": 1.0, "uncertain": false, "fold": 2, "evaluated": true, "row": 98, "col": 151}}, {"type": "Feature", "geometry": {"type": "Point", "coordinates": [92.31808333333333, 26.077625]}, "properties": {"reference_class": 2, "prediction": 2, "confidence": 0.9392333333333334, "uncertain": false, "fold": 2, "evaluated": true, "row": 99, "col": 3}}, {"type": "Feature", "geometry": {"type": "Point", "coordinates": [92.49374999999999, 26.077625]}, "properties": {"reference_class": 2, "prediction": 2, "confidence": 0.999, "uncertain": false, "fold": 3, "evaluated": true, "row": 99, "col": 37}}, {"type": "Feature", "geometry": {"type": "Point", "coordinates": [92.74175, 26.077625]}, "properties": {"reference_class": 5, "prediction": 5, "confidence": 0.9907999999999999, "uncertain": false, "fold": 4, "evaluated": true, "row": 99, "col": 85}}, {"type": "Feature", "geometry": {"type": "Point", "coordinates": [92.75208333333333, 26.077625]}, "properties": {"reference_class": 5, "prediction": 5, "confidence": 0.9773333333333333, "uncertain": false, "fold": 4, "evaluated": true, "row": 99, "col": 87}}, {"type": "Feature", "geometry": {"type": "Point", "coordinates": [92.76241666666667, 26.077625]}, "properties": {"reference_class": 5, "prediction": 5, "confidence": 0.999, "uncertain": false, "fold": 3, "evaluated": true, "row": 99, "col": 89}}, {"type": "Feature", "geometry": {"type": "Point", "coordinates": [92.76758333333333, 26.077625]}, "properties": {"reference_class": 5, "prediction": 5, "confidence": 0.994, "uncertain": false, "fold": 3, "evaluated": true, "row": 99, "col": 90}}, {"type": "Feature", "geometry": {"type": "Point", "coordinates": [92.77275, 26.077625]}, "properties": {"reference_class": 5, "prediction": 5, "confidence": 0.9917333333333334, "uncertain": false, "fold": 3, "evaluated": true, "row": 99, "col": 91}}, {"type": "Feature", "geometry": {"type": "Point", "coordinates": [92.78308333333334, 26.077625]}, "properties": {"reference_class": 5, "prediction": 5, "confidence": 0.9767, "uncertain": false, "fold": 3, "evaluated": true, "row": 99, "col": 93}}, {"type": "Feature", "geometry": {"type": "Point", "coordinates": [92.90191666666666, 26.077625]}, "properties": {"reference_class": 4, "prediction": 4, "confidence": 1.0, "uncertain": false, "fold": 4, "evaluated": true, "row": 99, "col": 116}}, {"type": "Feature", "geometry": {"type": "Point", "coordinates": [92.94324999999999, 26.077625]}, "properties": {"reference_class": 4, "prediction": 4, "confidence": 0.9886666666666667, "uncertain": false, "fold": 4, "evaluated": true, "row": 99, "col": 124}}, {"type": "Feature", "geometry": {"type": "Point", "coordinates": [92.94841666666666, 26.077625]}, "properties": {"reference_class": 4, "prediction": 4, "confidence": 0.9993333333333334, "uncertain": false, "fold": 4, "evaluated": true, "row": 99, "col": 125}}, {"type": "Feature", "geometry": {"type": "Point", "coordinates": [92.95875, 26.077625]}, "properties": {"reference_class": 4, "prediction": 4, "confidence": 1.0, "uncertain": false, "fold": 4, "evaluated": true, "row": 99, "col": 127}}, {"type": "Feature", "geometry": {"type": "Point", "coordinates": [93.17575, 26.077625]}, "properties": {"reference_class": 1, "prediction": 1, "confidence": 0.9873333333333334, "uncertain": false, "fold": 0, "evaluated": true, "row": 99, "col": 169}}, {"type": "Feature", "geometry": {"type": "Point", "coordinates": [93.41341666666666, 26.077625]}, "properties": {"reference_class": 1, "prediction": 1, "confidence": 1.0, "uncertain": false, "fold": 0, "evaluated": true, "row": 99, "col": 215}}, {"type": "Feature", "geometry": {"type": "Point", "coordinates": [93.67691666666667, 26.077625]}, "properties": {"reference_class": 1, "prediction": 1, "confidence": 0.902, "uncertain": false, "fold": 1, "evaluated": true, "row": 99, "col": 266}}, {"type": "Feature", "geometry": {"type": "Point", "coordinates": [92.69525, 26.072375]}, "properties": {"reference_class": 3, "prediction": 3, "confidence": 0.9723095238095236, "uncertain": false, "fold": 2, "evaluated": true, "row": 100, "col": 76}}, {"type": "Feature", "geometry": {"type": "Point", "coordinates": [92.72625, 26.072375]}, "properties": {"reference_class": 5, "prediction": 3, "confidence": 0.3450000000000001, "uncertain": true, "fold": 4, "evaluated": true, "row": 100, "col": 82}}, {"type": "Feature", "geometry": {"type": "Point", "coordinates": [92.74175, 26.072375]}, "properties": {"reference_class": 5, "prediction": 5, "confidence": 0.9745, "uncertain": false, "fold": 4, "evaluated": true, "row": 100, "col": 85}}, {"type": "Feature", "geometry": {"type": "Point", "coordinates": [92.75208333333333, 26.072375]}, "properties": {"reference_class": 5, "prediction": 5, "confidence": 0.9943333333333334, "uncertain": false, "fold": 4, "evaluated": true, "row": 100, "col": 87}}, {"type": "Feature", "geometry": {"type": "Point", "coordinates": [92.78308333333334, 26.072375]}, "properties": {"reference_class": 5, "prediction": 5, "confidence": 0.9779333333333334, "uncertain": false, "fold": 3, "evaluated": true, "row": 100, "col": 93}}, {"type": "Feature", "geometry": {"type": "Point", "coordinates": [92.90191666666666, 26.072375]}, "properties": {"reference_class": 4, "prediction": 4, "confidence": 0.9621000000000001, "uncertain": false, "fold": 4, "evaluated": true, "row": 100, "col": 116}}, {"type": "Feature", "geometry": {"type": "Point", "coordinates": [92.93291666666667, 26.072375]}, "properties": {"reference_class": 4, "prediction": 4, "confidence": 0.9943333333333334, "uncertain": false, "fold": 4, "evaluated": true, "row": 100, "col": 122}}, {"type": "Feature", "geometry": {"type": "Point", "coordinates": [92.94841666666666, 26.072375]}, "properties": {"reference_class": 4, "prediction": 4, "confidence": 0.9816666666666666, "uncertain": false, "fold": 4, "evaluated": true, "row": 100, "col": 125}}, {"type": "Feature", "geometry": {"type": "Point", "coordinates": [92.96391666666666, 26.072375]}, "properties": {"reference_class": 4, "prediction": 4, "confidence": 0.998, "uncertain": false, "fold": 0, "evaluated": true, "row": 100, "col": 128}}, {"type": "Feature", "geometry": {"type": "Point", "coordinates": [92.97425, 26.072375]}, "properties": {"reference_class": 4, "prediction": 4, "confidence": 0.6274619047619048, "uncertain": false, "fold": 0, "evaluated": true, "row": 100, "col": 130}}, {"type": "Feature", "geometry": {"type": "Point", "coordinates": [93.14991666666667, 26.072375]}, "properties": {"reference_class": 1, "prediction": 1, "confidence": 0.946, "uncertain": false, "fold": 0, "evaluated": true, "row": 100, "col": 164}}, {"type": "Feature", "geometry": {"type": "Point", "coordinates": [93.41341666666666, 26.072375]}, "properties": {"reference_class": 1, "prediction": 1, "confidence": 1.0, "uncertain": false, "fold": 0, "evaluated": true, "row": 100, "col": 215}}, {"type": "Feature", "geometry": {"type": "Point", "coordinates": [93.67175, 26.072375]}, "properties": {"reference_class": 1, "prediction": 1, "confidence": 0.9778333333333332, "uncertain": false, "fold": 1, "evaluated": true, "row": 100, "col": 265}}, {"type": "Feature", "geometry": {"type": "Point", "coordinates": [92.74175, 26.067125]}, "properties": {"reference_class": 5, "prediction": 5, "confidence": 0.966, "uncertain": false, "fold": 4, "evaluated": true, "row": 101, "col": 85}}, {"type": "Feature", "geometry": {"type": "Point", "coordinates": [92.74691666666666, 26.067125]}, "properties": {"reference_class": 5, "prediction": 5, "confidence": 0.9815, "uncertain": false, "fold": 4, "evaluated": true, "row": 101, "col": 86}}, {"type": "Feature", "geometry": {"type": "Point", "coordinates": [92.75208333333333, 26.067125]}, "properties": {"reference_class": 5, "prediction": 5, "confidence": 0.998, "uncertain": false, "fold": 4, "evaluated": true, "row": 101, "col": 87}}, {"type": "Feature", "geometry": {"type": "Point", "coordinates": [92.76241666666667, 26.067125]}, "properties": {"reference_class": 5, "prediction": 5, "confidence": 1.0, "uncertain": false, "fold": 3, "evaluated": true, "row": 101, "col": 89}}, {"type": "Feature", "geometry": {"type": "Point", "coordinates": [92.77275, 26.067125]}, "properties": {"reference_class": 5, "prediction": 5, "confidence": 1.0, "uncertain": false, "fold": 3, "evaluated": true, "row": 101, "col": 91}}, {"type": "Feature", "geometry": {"type": "Point", "coordinates": [92.78308333333334, 26.067125]}, "properties": {"reference_class": 5, "prediction": 5, "confidence": 0.9963333333333334, "uncertain": false, "fold": 3, "evaluated": true, "row": 101, "col": 93}}, {"type": "Feature", "geometry": {"type": "Point", "coordinates": [92.90191666666666, 26.067125]}, "properties": {"reference_class": 4, "prediction": 4, "confidence": 0.9914, "uncertain": false, "fold": 4, "evaluated": true, "row": 101, "col": 116}}, {"type": "Feature", "geometry": {"type": "Point", "coordinates": [92.92775, 26.067125]}, "properties": {"reference_class": 4, "prediction": 4, "confidence": 0.9916666666666667, "uncertain": false, "fold": 4, "evaluated": true, "row": 101, "col": 121}}, {"type": "Feature", "geometry": {"type": "Point", "coordinates": [93.70791666666666, 26.067125]}, "properties": {"reference_class": 3, "prediction": 3, "confidence": 0.8932333333333333, "uncertain": false, "fold": 3, "evaluated": true, "row": 101, "col": 272}}, {"type": "Feature", "geometry": {"type": "Point", "coordinates": [92.73141666666666, 26.061875]}, "properties": {"reference_class": 5, "prediction": 5, "confidence": 0.9896333333333334, "uncertain": false, "fold": 4, "evaluated": true, "row": 102, "col": 83}}, {"type": "Feature", "geometry": {"type": "Point", "coordinates": [92.73658333333333, 26.061875]}, "properties": {"reference_class": 5, "prediction": 5, "confidence": 0.99, "uncertain": false, "fold": 4, "evaluated": true, "row": 102, "col": 84}}, {"type": "Feature", "geometry": {"type": "Point", "coordinates": [92.75208333333333, 26.061875]}, "properties": {"reference_class": 5, "prediction": 5, "confidence": 1.0, "uncertain": false, "fold": 4, "evaluated": true, "row": 102, "col": 87}}, {"type": "Feature", "geometry": {"type": "Point", "coordinates": [92.75725, 26.061875]}, "properties": {"reference_class": 5, "prediction": 5, "confidence": 0.9995, "uncertain": false, "fold": 3, "evaluated": true, "row": 102, "col": 88}}, {"type": "Feature", "geometry": {"type": "Point", "coordinates": [92.76241666666667, 26.061875]}, "properties": {"reference_class": 5, "prediction": 5, "confidence": 1.0, "uncertain": false, "fold": 3, "evaluated": true, "row": 102, "col": 89}}, {"type": "Feature", "geometry": {"type": "Point", "coordinates": [92.77791666666667, 26.061875]}, "properties": {"reference_class": 5, "prediction": 5, "confidence": 0.9916666666666667, "uncertain": false, "fold": 3, "evaluated": true, "row": 102, "col": 92}}, {"type": "Feature", "geometry": {"type": "Point", "coordinates": [92.90191666666666, 26.061875]}, "properties": {"reference_class": 4, "prediction": 4, "confidence": 0.9956666666666667, "uncertain": false, "fold": 4, "evaluated": true, "row": 102, "col": 116}}, {"type": "Feature", "geometry": {"type": "Point", "coordinates": [92.91741666666667, 26.061875]}, "properties": {"reference_class": 4, "prediction": 4, "confidence": 0.9883333333333334, "uncertain": false, "fold": 4, "evaluated": true, "row": 102, "col": 119}}, {"type": "Feature", "geometry": {"type": "Point", "coordinates": [92.94324999999999, 26.061875]}, "properties": {"reference_class": 4, "prediction": 4, "confidence": 0.9958333333333333, "uncertain": false, "fold": 4, "evaluated": true, "row": 102, "col": 124}}, {"type": "Feature", "geometry": {"type": "Point", "coordinates": [92.96908333333333, 26.061875]}, "properties": {"reference_class": 4, "prediction": 4, "confidence": 1.0, "uncertain": false, "fold": 0, "evaluated": true, "row": 102, "col": 129}}, {"type": "Feature", "geometry": {"type": "Point", "coordinates": [92.75208333333333, 26.056625]}, "properties": {"reference_class": 5, "prediction": 5, "confidence": 0.999, "uncertain": false, "fold": 4, "evaluated": true, "row": 103, "col": 87}}, {"type": "Feature", "geometry": {"type": "Point", "coordinates": [92.76758333333333, 26.056625]}, "properties": {"reference_class": 5, "prediction": 5, "confidence": 0.9985, "uncertain": false, "fold": 3, "evaluated": true, "row": 103, "col": 90}}, {"type": "Feature", "geometry": {"type": "Point", "coordinates": [92.78308333333334, 26.056625]}, "properties": {"reference_class": 5, "prediction": 5, "confidence": 0.9677333333333333, "uncertain": false, "fold": 3, "evaluated": true, "row": 103, "col": 93}}, {"type": "Feature", "geometry": {"type": "Point", "coordinates": [92.94841666666666, 26.056625]}, "properties": {"reference_class": 4, "prediction": 4, "confidence": 1.0, "uncertain": false, "fold": 4, "evaluated": true, "row": 103, "col": 125}}, {"type": "Feature", "geometry": {"type": "Point", "coordinates": [93.02074999999999, 26.056625]}, "properties": {"reference_class": 1, "prediction": 1, "confidence": 1.0, "uncertain": false, "fold": 3, "evaluated": true, "row": 103, "col": 139}}, {"type": "Feature", "geometry": {"type": "Point", "coordinates": [93.14475, 26.056625]}, "properties": {"reference_class": 1, "prediction": 1, "confidence": 0.9753333333333334, "uncertain": false, "fold": 0, "evaluated": true, "row": 103, "col": 163}}, {"type": "Feature", "geometry": {"type": "Point", "coordinates": [92.74175, 26.051375]}, "properties": {"reference_class": 5, "prediction": 5, "confidence": 0.9866666666666666, "uncertain": false, "fold": 4, "evaluated": true, "row": 104, "col": 85}}, {"type": "Feature", "geometry": {"type": "Point", "coordinates": [92.76758333333333, 26.051375]}, "properties": {"reference_class": 5, "prediction": 5, "confidence": 0.9934, "uncertain": false, "fold": 4, "evaluated": true, "row": 104, "col": 90}}, {"type": "Feature", "geometry": {"type": "Point", "coordinates": [92.93808333333332, 26.051375]}, "properties": {"reference_class": 4, "prediction": 4, "confidence": 0.9663333333333334, "uncertain": false, "fold": 4, "evaluated": true, "row": 104, "col": 123}}, {"type": "Feature", "geometry": {"type": "Point", "coordinates": [92.94324999999999, 26.051375]}, "properties": {"reference_class": 4, "prediction": 4, "confidence": 0.9632000000000001, "uncertain": false, "fold": 4, "evaluated": true, "row": 104, "col": 124}}, {"type": "Feature", "geometry": {"type": "Point", "coordinates": [93.00008333333334, 26.051375]}, "properties": {"reference_class": 1, "prediction": 1, "confidence": 1.0, "uncertain": false, "fold": 2, "evaluated": true, "row": 104, "col": 135}}, {"type": "Feature", "geometry": {"type": "Point", "coordinates": [93.37208333333334, 26.051375]}, "properties": {"reference_class": 1, "prediction": 1, "confidence": 1.0, "uncertain": false, "fold": 3, "evaluated": true, "row": 104, "col": 207}}, {"type": "Feature", "geometry": {"type": "Point", "coordinates": [92.75208333333333, 26.046125]}, "properties": {"reference_class": 5, "prediction": 5, "confidence": 1.0, "uncertain": false, "fold": 4, "evaluated": true, "row": 105, "col": 87}}, {"type": "Feature", "geometry": {"type": "Point", "coordinates": [92.77275, 26.046125]}, "properties": {"reference_class": 5, "prediction": 5, "confidence": 0.9836666666666666, "uncertain": false, "fold": 4, "evaluated": true, "row": 105, "col": 91}}, {"type": "Feature", "geometry": {"type": "Point", "coordinates": [92.95875, 26.046125]}, "properties": {"reference_class": 4, "prediction": 4, "confidence": 1.0, "uncertain": false, "fold": 4, "evaluated": true, "row": 105, "col": 127}}, {"type": "Feature", "geometry": {"type": "Point", "coordinates": [93.63041666666666, 26.046125]}, "properties": {"reference_class": 1, "prediction": 1, "confidence": 0.999, "uncertain": false, "fold": 4, "evaluated": true, "row": 105, "col": 257}}, {"type": "Feature", "geometry": {"type": "Point", "coordinates": [92.73658333333333, 26.040875]}, "properties": {"reference_class": 5, "prediction": 5, "confidence": 1.0, "uncertain": false, "fold": 4, "evaluated": true, "row": 106, "col": 84}}, {"type": "Feature", "geometry": {"type": "Point", "coordinates": [92.77791666666667, 26.040875]}, "properties": {"reference_class": 5, "prediction": 5, "confidence": 1.0, "uncertain": false, "fold": 4, "evaluated": true, "row": 106, "col": 92}}, {"type": "Feature", "geometry": {"type": "Point", "coordinates": [92.95358333333333, 26.040875]}, "properties": {"reference_class": 4, "prediction": 4, "confidence": 0.9791666666666667, "uncertain": false, "fold": 4, "evaluated": true, "row": 106, "col": 126}}, {"type": "Feature", "geometry": {"type": "Point", "coordinates": [92.40075, 26.035625000000003]}, "properties": {"reference_class": 2, "prediction": 2, "confidence": 0.9853333333333333, "uncertain": false, "fold": 3, "evaluated": true, "row": 107, "col": 19}}, {"type": "Feature", "geometry": {"type": "Point", "coordinates": [92.74175, 26.035625000000003]}, "properties": {"reference_class": 5, "prediction": 5, "confidence": 0.8767, "uncertain": false, "fold": 4, "evaluated": true, "row": 107, "col": 85}}, {"type": "Feature", "geometry": {"type": "Point", "coordinates": [92.74691666666666, 26.035625000000003]}, "properties": {"reference_class": 5, "prediction": 5, "confidence": 1.0, "uncertain": false, "fold": 4, "evaluated": true, "row": 107, "col": 86}}, {"type": "Feature", "geometry": {"type": "Point", "coordinates": [92.75725, 26.035625000000003]}, "properties": {"reference_class": 5, "prediction": 5, "confidence": 1.0, "uncertain": false, "fold": 4, "evaluated": true, "row": 107, "col": 88}}, {"type": "Feature", "geometry": {"type": "Point", "coordinates": [92.77275, 26.035625000000003]}, "properties": {"reference_class": 5, "prediction": 5, "confidence": 0.9367000000000001, "uncertain": false, "fold": 4, "evaluated": true, "row": 107, "col": 91}}, {"type": "Feature", "geometry": {"type": "Point", "coordinates": [92.77791666666667, 26.035625000000003]}, "properties": {"reference_class": 3, "prediction": 3, "confidence": 0.9716666666666667, "uncertain": false, "fold": 4, "evaluated": true, "row": 107, "col": 92}}, {"type": "Feature", "geometry": {"type": "Point", "coordinates": [92.91741666666667, 26.035625000000003]}, "properties": {"reference_class": 4, "prediction": 4, "confidence": 0.9986666666666666, "uncertain": false, "fold": 1, "evaluated": true, "row": 107, "col": 119}}, {"type": "Feature", "geometry": {"type": "Point", "coordinates": [92.93808333333332, 26.035625000000003]}, "properties": {"reference_class": 4, "prediction": 4, "confidence": 0.9936666666666667, "uncertain": false, "fold": 4, "evaluated": true, "row": 107, "col": 123}}, {"type": "Feature", "geometry": {"type": "Point", "coordinates": [93.56841666666666, 26.035625000000003]}, "properties": {"reference_class": 1, "prediction": 1, "confidence": 1.0, "uncertain": false, "fold": 1, "evaluated": true, "row": 107, "col": 245}}, {"type": "Feature", "geometry": {"type": "Point", "coordinates": [92.61258333333333, 26.030375000000003]}, "properties": {"reference_class": 3, "prediction": 3, "confidence": 0.9813857142857142, "uncertain": false, "fold": 2, "evaluated": true, "row": 108, "col": 60}}, {"type": "Feature", "geometry": {"type": "Point", "coordinates": [92.76241666666667, 26.030375000000003]}, "properties": {"reference_class": 5, "prediction": 5, "confidence": 0.9373666666666667, "uncertain": false, "fold": 4, "evaluated": true, "row": 108, "col": 89}}, {"type": "Feature", "geometry": {"type": "Point", "coordinates": [92.85025, 26.030375000000003]}, "properties": {"reference_class": 1, "prediction": 1, "confidence": 0.9906666666666666, "uncertain": false, "fold": 3, "evaluated": true, "row": 108, "col": 106}}, {"type": "Feature", "geometry": {"type": "Point", "coordinates": [93.46508333333333, 26.030375000000003]}, "properties": {"reference_class": 1, "prediction": 1, "confidence": 0.9946666666666666, "uncertain": false, "fold": 3, "evaluated": true, "row": 108, "col": 225}}, {"type": "Feature", "geometry": {"type": "Point", "coordinates": [92.71074999999999, 26.025125000000003]}, "properties": {"reference_class": 3, "prediction": 3, "confidence": 0.8613333333333334, "uncertain": false, "fold": 3, "evaluated": true, "row": 109, "col": 79}}, {"type": "Feature", "geometry": {"type": "Point", "coordinates": [92.89158333333333, 26.025125000000003]}, "properties": {"reference_class": 1, "prediction": 1, "confidence": 0.9736666666666668, "uncertain": false, "fold": 1, "evaluated": true, "row": 109, "col": 114}}, {"type": "Feature", "geometry": {"type": "Point", "coordinates": [93.52708333333334, 26.025125000000003]}, "properties": {"reference_class": 1, "prediction": 1, "confidence": 0.9915333333333333, "uncertain": false, "fold": 1, "evaluated": true, "row": 109, "col": 237}}, {"type": "Feature", "geometry": {"type": "Point", "coordinates": [93.09825, 26.019875000000003]}, "properties": {"reference_class": 1, "prediction": 1, "confidence": 0.9925, "uncertain": false, "fold": 2, "evaluated": true, "row": 110, "col": 154}}, {"type": "Feature", "geometry": {"type": "Point", "coordinates": [92.48858333333332, 26.014625000000002]}, "properties": {"reference_class": 2, "prediction": 2, "confidence": 1.0, "uncertain": false, "fold": 2, "evaluated": true, "row": 111, "col": 36}}, {"type": "Feature", "geometry": {"type": "Point", "coordinates": [92.55575, 26.009375000000002]}, "properties": {"reference_class": 2, "prediction": 2, "confidence": 0.9017999999999999, "uncertain": false, "fold": 0, "evaluated": true, "row": 112, "col": 49}}, {"type": "Feature", "geometry": {"type": "Point", "coordinates": [92.64358333333332, 26.009375000000002]}, "properties": {"reference_class": 3, "prediction": 3, "confidence": 0.9845, "uncertain": false, "fold": 2, "evaluated": true, "row": 112, "col": 66}}, {"type": "Feature", "geometry": {"type": "Point", "coordinates": [92.52991666666667, 25.998875]}, "properties": {"reference_class": 2, "prediction": 2, "confidence": 0.978952380952381, "uncertain": false, "fold": 2, "evaluated": true, "row": 114, "col": 44}}, {"type": "Feature", "geometry": {"type": "Point", "coordinates": [93.63558333333333, 25.993625]}, "properties": {"reference_class": 1, "prediction": 1, "confidence": 0.9810833333333334, "uncertain": false, "fold": 4, "evaluated": true, "row": 115, "col": 258}}, {"type": "Feature", "geometry": {"type": "Point", "coordinates": [93.64591666666666, 25.993625]}, "properties": {"reference_class": 1, "prediction": 1, "confidence": 1.0, "uncertain": false, "fold": 4, "evaluated": true, "row": 115, "col": 260}}, {"type": "Feature", "geometry": {"type": "Point", "coordinates": [92.44208333333333, 25.988375]}, "properties": {"reference_class": 2, "prediction": 2, "confidence": 0.8701333333333334, "uncertain": false, "fold": 4, "evaluated": true, "row": 116, "col": 27}}, {"type": "Feature", "geometry": {"type": "Point", "coordinates": [92.61775, 25.988375]}, "properties": {"reference_class": 3, "prediction": 3, "confidence": 0.997, "uncertain": false, "fold": 1, "evaluated": true, "row": 116, "col": 61}}, {"type": "Feature", "geometry": {"type": "Point", "coordinates": [92.79341666666666, 25.988375]}, "properties": {"reference_class": 5, "prediction": 5, "confidence": 1.0, "uncertain": false, "fold": 1, "evaluated": true, "row": 116, "col": 95}}, {"type": "Feature", "geometry": {"type": "Point", "coordinates": [93.38241666666666, 25.988375]}, "properties": {"reference_class": 1, "prediction": 1, "confidence": 1.0, "uncertain": false, "fold": 4, "evaluated": true, "row": 116, "col": 209}}, {"type": "Feature", "geometry": {"type": "Point", "coordinates": [92.79341666666666, 25.983125]}, "properties": {"reference_class": 5, "prediction": 5, "confidence": 0.7959000000000003, "uncertain": false, "fold": 1, "evaluated": true, "row": 117, "col": 95}}, {"type": "Feature", "geometry": {"type": "Point", "coordinates": [92.85025, 25.983125]}, "properties": {"reference_class": 1, "prediction": 1, "confidence": 1.0, "uncertain": false, "fold": 4, "evaluated": true, "row": 117, "col": 106}}, {"type": "Feature", "geometry": {"type": "Point", "coordinates": [93.65108333333333, 25.983125]}, "properties": {"reference_class": 1, "prediction": 1, "confidence": 0.9886666666666667, "uncertain": false, "fold": 4, "evaluated": true, "row": 117, "col": 261}}, {"type": "Feature", "geometry": {"type": "Point", "coordinates": [92.74175, 25.977875]}, "properties": {"reference_class": 3, "prediction": 3, "confidence": 0.8718619047619048, "uncertain": false, "fold": 2, "evaluated": true, "row": 118, "col": 85}}, {"type": "Feature", "geometry": {"type": "Point", "coordinates": [92.79858333333333, 25.972625]}, "properties": {"reference_class": 5, "prediction": 5, "confidence": 0.926, "uncertain": false, "fold": 4, "evaluated": true, "row": 119, "col": 96}}, {"type": "Feature", "geometry": {"type": "Point", "coordinates": [93.12408333333333, 25.972625]}, "properties": {"reference_class": 1, "prediction": 1, "confidence": 0.9954666666666666, "uncertain": false, "fold": 3, "evaluated": true, "row": 119, "col": 159}}, {"type": "Feature", "geometry": {"type": "Point", "coordinates": [93.43925, 25.972625]}, "properties": {"reference_class": 1, "prediction": 1, "confidence": 1.0, "uncertain": false, "fold": 1, "evaluated": true, "row": 119, "col": 220}}, {"type": "Feature", "geometry": {"type": "Point", "coordinates": [92.79858333333333, 25.967375]}, "properties": {"reference_class": 5, "prediction": 5, "confidence": 0.997, "uncertain": false, "fold": 3, "evaluated": true, "row": 120, "col": 96}}, {"type": "Feature", "geometry": {"type": "Point", "coordinates": [93.12925, 25.967375]}, "properties": {"reference_class": 1, "prediction": 1, "confidence": 0.9934666666666666, "uncertain": false, "fold": 3, "evaluated": true, "row": 120, "col": 160}}, {"type": "Feature", "geometry": {"type": "Point", "coordinates": [93.59425, 25.967375]}, "properties": {"reference_class": 1, "prediction": 1, "confidence": 0.999, "uncertain": false, "fold": 0, "evaluated": true, "row": 120, "col": 250}}, {"type": "Feature", "geometry": {"type": "Point", "coordinates": [93.73375, 25.967375]}, "properties": {"reference_class": 3, "prediction": 3, "confidence": 0.8291833333333335, "uncertain": false, "fold": 3, "evaluated": true, "row": 120, "col": 277}}, {"type": "Feature", "geometry": {"type": "Point", "coordinates": [92.81925, 25.962125]}, "properties": {"reference_class": 1, "prediction": 1, "confidence": 1.0, "uncertain": false, "fold": 3, "evaluated": true, "row": 121, "col": 100}}, {"type": "Feature", "geometry": {"type": "Point", "coordinates": [93.06725, 25.962125]}, "properties": {"reference_class": 1, "prediction": 1, "confidence": 1.0, "uncertain": false, "fold": 4, "evaluated": true, "row": 121, "col": 148}}, {"type": "Feature", "geometry": {"type": "Point", "coordinates": [92.76758333333333, 25.956875]}, "properties": {"reference_class": 3, "prediction": 3, "confidence": 0.997, "uncertain": false, "fold": 4, "evaluated": true, "row": 122, "col": 90}}, {"type": "Feature", "geometry": {"type": "Point", "coordinates": [92.86574999999999, 25.956875]}, "properties": {"reference_class": 1, "prediction": 1, "confidence": 1.0, "uncertain": false, "fold": 3, "evaluated": true, "row": 122, "col": 109}}, {"type": "Feature", "geometry": {"type": "Point", "coordinates": [93.25325, 25.956875]}, "properties": {"reference_class": 1, "prediction": 1, "confidence": 0.9478666666666665, "uncertain": false, "fold": 4, "evaluated": true, "row": 122, "col": 184}}, {"type": "Feature", "geometry": {"type": "Point", "coordinates": [93.38758333333332, 25.956875]}, "properties": {"reference_class": 1, "prediction": 1, "confidence": 0.998, "uncertain": false, "fold": 0, "evaluated": true, "row": 122, "col": 210}}, {"type": "Feature", "geometry": {"type": "Point", "coordinates": [92.67975, 25.951625]}, "properties": {"reference_class": 3, "prediction": 3, "confidence": 0.7970666666666667, "uncertain": false, "fold": 3, "evaluated": true, "row": 123, "col": 73}}, {"type": "Feature", "geometry": {"type": "Point", "coordinates": [92.75208333333333, 25.951625]}, "properties": {"reference_class": 3, "prediction": 3, "confidence": 0.772252380952381, "uncertain": false, "fold": 4, "evaluated": true, "row": 123, "col": 87}}, {"type": "Feature", "geometry": {"type": "Point", "coordinates": [93.02074999999999, 25.951625]}, "properties": {"reference_class": 1, "prediction": 1, "confidence": 0.9975, "uncertain": false, "fold": 3, "evaluated": true, "row": 123, "col": 139}}, {"type": "Feature", "geometry": {"type": "Point", "coordinates": [92.84508333333333, 25.946375]}, "properties": {"reference_class": 1, "prediction": 1, "confidence": 1.0, "uncertain": false, "fold": 3, "evaluated": true, "row": 124, "col": 105}}, {"type": "Feature", "geometry": {"type": "Point", "coordinates": [93.77508333333333, 25.946375]}, "properties": {"reference_class": 3, "prediction": 3, "confidence": 0.9646999999999999, "uncertain": false, "fold": 0, "evaluated": true, "row": 124, "col": 285}}, {"type": "Feature", "geometry": {"type": "Point", "coordinates": [92.75725, 25.941125000000003]}, "properties": {"reference_class": 3, "prediction": 3, "confidence": 0.9722, "uncertain": false, "fold": 4, "evaluated": true, "row": 125, "col": 88}}, {"type": "Feature", "geometry": {"type": "Point", "coordinates": [93.13441666666667, 25.941125000000003]}, "properties": {"reference_class": 4, "prediction": 4, "confidence": 0.9993333333333334, "uncertain": false, "fold": 3, "evaluated": true, "row": 125, "col": 161}}, {"type": "Feature", "geometry": {"type": "Point", "coordinates": [93.56841666666666, 25.941125000000003]}, "properties": {"reference_class": 1, "prediction": 1, "confidence": 0.993, "uncertain": false, "fold": 4, "evaluated": true, "row": 125, "col": 245}}, {"type": "Feature", "geometry": {"type": "Point", "coordinates": [92.50925, 25.935875000000003]}, "properties": {"reference_class": 2, "prediction": 2, "confidence": 0.9258333333333333, "uncertain": false, "fold": 1, "evaluated": true, "row": 126, "col": 40}}, {"type": "Feature", "geometry": {"type": "Point", "coordinates": [93.17575, 25.935875000000003]}, "properties": {"reference_class": 4, "prediction": 4, "confidence": 1.0, "uncertain": false, "fold": 3, "evaluated": true, "row": 126, "col": 169}}, {"type": "Feature", "geometry": {"type": "Point", "coordinates": [93.59425, 25.935875000000003]}, "properties": {"reference_class": 1, "prediction": 1, "confidence": 0.998, "uncertain": false, "fold": 0, "evaluated": true, "row": 126, "col": 250}}, {"type": "Feature", "geometry": {"type": "Point", "coordinates": [92.88641666666666, 25.930625000000003]}, "properties": {"reference_class": 1, "prediction": 1, "confidence": 1.0, "uncertain": false, "fold": 4, "evaluated": true, "row": 127, "col": 113}}, {"type": "Feature", "geometry": {"type": "Point", "coordinates": [93.14475, 25.930625000000003]}, "properties": {"reference_class": 4, "prediction": 4, "confidence": 1.0, "uncertain": false, "fold": 3, "evaluated": true, "row": 127, "col": 163}}, {"type": "Feature", "geometry": {"type": "Point", "coordinates": [92.37491666666666, 25.925375000000003]}, "properties": {"reference_class": 2, "prediction": 2, "confidence": 0.9520666666666667, "uncertain": false, "fold": 3, "evaluated": true, "row": 128, "col": 14}}, {"type": "Feature", "geometry": {"type": "Point", "coordinates": [93.12408333333333, 25.925375000000003]}, "properties": {"reference_class": 4, "prediction": 4, "confidence": 0.998, "uncertain": false, "fold": 3, "evaluated": true, "row": 128, "col": 159}}, {"type": "Feature", "geometry": {"type": "Point", "coordinates": [93.13958333333333, 25.925375000000003]}, "properties": {"reference_class": 4, "prediction": 4, "confidence": 0.8605000000000002, "uncertain": false, "fold": 1, "evaluated": true, "row": 128, "col": 162}}, {"type": "Feature", "geometry": {"type": "Point", "coordinates": [93.20675, 25.925375000000003]}, "properties": {"reference_class": 1, "prediction": 1, "confidence": 1.0, "uncertain": false, "fold": 1, "evaluated": true, "row": 128, "col": 175}}, {"type": "Feature", "geometry": {"type": "Point", "coordinates": [93.35141666666667, 25.925375000000003]}, "properties": {"reference_class": 1, "prediction": 1, "confidence": 1.0, "uncertain": false, "fold": 2, "evaluated": true, "row": 128, "col": 203}}, {"type": "Feature", "geometry": {"type": "Point", "coordinates": [93.39274999999999, 25.925375000000003]}, "properties": {"reference_class": 1, "prediction": 1, "confidence": 1.0, "uncertain": false, "fold": 4, "evaluated": true, "row": 128, "col": 211}}, {"type": "Feature", "geometry": {"type": "Point", "coordinates": [93.12408333333333, 25.920125000000002]}, "properties": {"reference_class": 4, "prediction": 4, "confidence": 0.9946666666666666, "uncertain": false, "fold": 3, "evaluated": true, "row": 129, "col": 159}}, {"type": "Feature", "geometry": {"type": "Point", "coordinates": [93.13958333333333, 25.920125000000002]}, "properties": {"reference_class": 4, "prediction": 4, "confidence": 0.6861333333333335, "uncertain": false, "fold": 1, "evaluated": true, "row": 129, "col": 162}}, {"type": "Feature", "geometry": {"type": "Point", "coordinates": [93.43925, 25.920125000000002]}, "properties": {"reference_class": 1, "prediction": 1, "confidence": 0.9986666666666666, "uncertain": false, "fold": 0, "evaluated": true, "row": 129, "col": 220}}, {"type": "Feature", "geometry": {"type": "Point", "coordinates": [93.59941666666667, 25.920125000000002]}, "properties": {"reference_class": 1, "prediction": 1, "confidence": 0.997, "uncertain": false, "fold": 3, "evaluated": true, "row": 129, "col": 251}}, {"type": "Feature", "geometry": {"type": "Point", "coordinates": [93.13441666666667, 25.914875000000002]}, "properties": {"reference_class": 4, "prediction": 4, "confidence": 1.0, "uncertain": false, "fold": 1, "evaluated": true, "row": 130, "col": 161}}, {"type": "Feature", "geometry": {"type": "Point", "coordinates": [93.13958333333333, 25.914875000000002]}, "properties": {"reference_class": 4, "prediction": 4, "confidence": 1.0, "uncertain": false, "fold": 1, "evaluated": true, "row": 130, "col": 162}}, {"type": "Feature", "geometry": {"type": "Point", "coordinates": [93.41341666666666, 25.914875000000002]}, "properties": {"reference_class": 1, "prediction": 1, "confidence": 1.0, "uncertain": false, "fold": 4, "evaluated": true, "row": 130, "col": 215}}, {"type": "Feature", "geometry": {"type": "Point", "coordinates": [93.57358333333333, 25.914875000000002]}, "properties": {"reference_class": 1, "prediction": 1, "confidence": 1.0, "uncertain": false, "fold": 3, "evaluated": true, "row": 130, "col": 246}}, {"type": "Feature", "geometry": {"type": "Point", "coordinates": [92.53508333333333, 25.909625000000002]}, "properties": {"reference_class": 2, "prediction": 2, "confidence": 0.867, "uncertain": false, "fold": 4, "evaluated": true, "row": 131, "col": 45}}, {"type": "Feature", "geometry": {"type": "Point", "coordinates": [92.77791666666667, 25.909625000000002]}, "properties": {"reference_class": 3, "prediction": 3, "confidence": 0.9024047619047618, "uncertain": false, "fold": 2, "evaluated": true, "row": 131, "col": 92}}, {"type": "Feature", "geometry": {"type": "Point", "coordinates": [93.00008333333334, 25.909625000000002]}, "properties": {"reference_class": 1, "prediction": 1, "confidence": 1.0, "uncertain": false, "fold": 4, "evaluated": true, "row": 131, "col": 135}}, {"type": "Feature", "geometry": {"type": "Point", "coordinates": [93.04658333333333, 25.909625000000002]}, "properties": {"reference_class": 1, "prediction": 1, "confidence": 1.0, "uncertain": false, "fold": 4, "evaluated": true, "row": 131, "col": 144}}, {"type": "Feature", "geometry": {"type": "Point", "coordinates": [93.10341666666666, 25.909625000000002]}, "properties": {"reference_class": 1, "prediction": 1, "confidence": 1.0, "uncertain": false, "fold": 3, "evaluated": true, "row": 131, "col": 155}}, {"type": "Feature", "geometry": {"type": "Point", "coordinates": [93.17575, 25.909625000000002]}, "properties": {"reference_class": 4, "prediction": 4, "confidence": 0.9951666666666666, "uncertain": false, "fold": 1, "evaluated": true, "row": 131, "col": 169}}, {"type": "Feature", "geometry": {"type": "Point", "coordinates": [93.60974999999999, 25.909625000000002]}, "properties": {"reference_class": 1, "prediction": 1, "confidence": 1.0, "uncertain": false, "fold": 3, "evaluated": true, "row": 131, "col": 253}}, {"type": "Feature", "geometry": {"type": "Point", "coordinates": [92.73141666666666, 25.904375]}, "properties": {"reference_class": 3, "prediction": 3, "confidence": 0.9582999999999999, "uncertain": false, "fold": 3, "evaluated": true, "row": 132, "col": 83}}, {"type": "Feature", "geometry": {"type": "Point", "coordinates": [93.13441666666667, 25.904375]}, "properties": {"reference_class": 4, "prediction": 4, "confidence": 0.9625333333333334, "uncertain": false, "fold": 1, "evaluated": true, "row": 132, "col": 161}}, {"type": "Feature", "geometry": {"type": "Point", "coordinates": [93.14475, 25.904375]}, "properties": {"reference_class": 4, "prediction": 4, "confidence": 0.9985333333333334, "uncertain": false, "fold": 1, "evaluated": true, "row": 132, "col": 163}}, {"type": "Feature", "geometry": {"type": "Point", "coordinates": [93.17575, 25.904375]}, "properties": {"reference_class": 4, "prediction": 4, "confidence": 1.0, "uncertain": false, "fold": 1, "evaluated": true, "row": 132, "col": 169}}, {"type": "Feature", "geometry": {"type": "Point", "coordinates": [93.45474999999999, 25.904375]}, "properties": {"reference_class": 1, "prediction": 1, "confidence": 0.986, "uncertain": false, "fold": 0, "evaluated": true, "row": 132, "col": 223}}, {"type": "Feature", "geometry": {"type": "Point", "coordinates": [92.34391666666666, 25.899125]}, "properties": {"reference_class": 2, "prediction": 2, "confidence": 1.0, "uncertain": false, "fold": 3, "evaluated": true, "row": 133, "col": 8}}, {"type": "Feature", "geometry": {"type": "Point", "coordinates": [92.56091666666666, 25.899125]}, "properties": {"reference_class": 2, "prediction": 2, "confidence": 0.9995, "uncertain": false, "fold": 1, "evaluated": true, "row": 133, "col": 50}}, {"type": "Feature", "geometry": {"type": "Point", "coordinates": [92.63325, 25.899125]}, "properties": {"reference_class": 3, "prediction": 3, "confidence": 0.998, "uncertain": false, "fold": 0, "evaluated": true, "row": 133, "col": 64}}, {"type": "Feature", "geometry": {"type": "Point", "coordinates": [92.89158333333333, 25.899125]}, "properties": {"reference_class": 1, "prediction": 1, "confidence": 0.9976333333333333, "uncertain": false, "fold": 3, "evaluated": true, "row": 133, "col": 114}}, {"type": "Feature", "geometry": {"type": "Point", "coordinates": [93.15508333333334, 25.899125]}, "properties": {"reference_class": 4, "prediction": 4, "confidence": 0.998, "uncertain": false, "fold": 1, "evaluated": true, "row": 133, "col": 165}}, {"type": "Feature", "geometry": {"type": "Point", "coordinates": [93.55808333333333, 25.899125]}, "properties": {"reference_class": 1, "prediction": 1, "confidence": 0.998, "uncertain": false, "fold": 3, "evaluated": true, "row": 133, "col": 243}}, {"type": "Feature", "geometry": {"type": "Point", "coordinates": [93.61491666666666, 25.899125]}, "properties": {"reference_class": 1, "prediction": 1, "confidence": 0.978, "uncertain": false, "fold": 3, "evaluated": true, "row": 133, "col": 254}}, {"type": "Feature", "geometry": {"type": "Point", "coordinates": [93.16024999999999, 25.893875]}, "properties": {"reference_class": 4, "prediction": 4, "confidence": 1.0, "uncertain": false, "fold": 1, "evaluated": true, "row": 134, "col": 166}}, {"type": "Feature", "geometry": {"type": "Point", "coordinates": [93.16541666666666, 25.893875]}, "properties": {"reference_class": 4, "prediction": 4, "confidence": 1.0, "uncertain": false, "fold": 1, "evaluated": true, "row": 134, "col": 167}}, {"type": "Feature", "geometry": {"type": "Point", "coordinates": [93.74408333333334, 25.893875]}, "properties": {"reference_class": 3, "prediction": 3, "confidence": 0.9394214285714286, "uncertain": false, "fold": 0, "evaluated": true, "row": 134, "col": 279}}, {"type": "Feature", "geometry": {"type": "Point", "coordinates": [92.68491666666667, 25.888625]}, "properties": {"reference_class": 3, "prediction": 3, "confidence": 1.0, "uncertain": false, "fold": 4, "evaluated": true, "row": 135, "col": 74}}, {"type": "Feature", "geometry": {"type": "Point", "coordinates": [93.13441666666667, 25.888625]}, "properties": {"reference_class": 4, "prediction": 4, "confidence": 1.0, "uncertain": false, "fold": 1, "evaluated": true, "row": 135, "col": 161}}, {"type": "Feature", "geometry": {"type": "Point", "coordinates": [93.13958333333333, 25.888625]}, "properties": {"reference_class": 4, "prediction": 4, "confidence": 0.9859666666666667, "uncertain": false, "fold": 1, "evaluated": true, "row": 135, "col": 162}}, {"type": "Feature", "geometry": {"type": "Point", "coordinates": [93.32041666666666, 25.888625]}, "properties": {"reference_class": 1, "prediction": 1, "confidence": 0.9065333333333333, "uncertain": false, "fold": 2, "evaluated": true, "row": 135, "col": 197}}, {"type": "Feature", "geometry": {"type": "Point", "coordinates": [93.81125, 25.888625]}, "properties": {"reference_class": 3, "prediction": 3, "confidence": 0.9893333333333334, "uncertain": false, "fold": 1, "evaluated": true, "row": 135, "col": 292}}, {"type": "Feature", "geometry": {"type": "Point", "coordinates": [92.82441666666666, 25.883375]}, "properties": {"reference_class": 3, "prediction": 3, "confidence": 0.9928333333333333, "uncertain": false, "fold": 1, "evaluated": true, "row": 136, "col": 101}}, {"type": "Feature", "geometry": {"type": "Point", "coordinates": [92.99491666666667, 25.883375]}, "properties": {"reference_class": 1, "prediction": 1, "confidence": 0.999, "uncertain": false, "fold": 3, "evaluated": true, "row": 136, "col": 134}}, {"type": "Feature", "geometry": {"type": "Point", "coordinates": [93.13958333333333, 25.883375]}, "properties": {"reference_class": 4, "prediction": 4, "confidence": 1.0, "uncertain": false, "fold": 2, "evaluated": true, "row": 136, "col": 162}}, {"type": "Feature", "geometry": {"type": "Point", "coordinates": [93.81125, 25.883375]}, "properties": {"reference_class": 3, "prediction": 3, "confidence": 0.7875333333333334, "uncertain": false, "fold": 0, "evaluated": true, "row": 136, "col": 292}}, {"type": "Feature", "geometry": {"type": "Point", "coordinates": [92.45241666666666, 25.878125]}, "properties": {"reference_class": 2, "prediction": 2, "confidence": 0.8598666666666668, "uncertain": false, "fold": 2, "evaluated": true, "row": 137, "col": 29}}, {"type": "Feature", "geometry": {"type": "Point", "coordinates": [92.87091666666666, 25.878125]}, "properties": {"reference_class": 1, "prediction": 1, "confidence": 1.0, "uncertain": false, "fold": 3, "evaluated": true, "row": 137, "col": 110}}, {"type": "Feature", "geometry": {"type": "Point", "coordinates": [92.88125, 25.878125]}, "properties": {"reference_class": 1, "prediction": 1, "confidence": 1.0, "uncertain": false, "fold": 2, "evaluated": true, "row": 137, "col": 112}}, {"type": "Feature", "geometry": {"type": "Point", "coordinates": [92.95875, 25.878125]}, "properties": {"reference_class": 1, "prediction": 1, "confidence": 0.9896333333333333, "uncertain": false, "fold": 3, "evaluated": true, "row": 137, "col": 127}}, {"type": "Feature", "geometry": {"type": "Point", "coordinates": [93.19125, 25.878125]}, "properties": {"reference_class": 1, "prediction": 1, "confidence": 1.0, "uncertain": false, "fold": 3, "evaluated": true, "row": 137, "col": 172}}, {"type": "Feature", "geometry": {"type": "Point", "coordinates": [92.91741666666667, 25.872875]}, "properties": {"reference_class": 1, "prediction": 1, "confidence": 0.998, "uncertain": false, "fold": 2, "evaluated": true, "row": 138, "col": 119}}, {"type": "Feature", "geometry": {"type": "Point", "coordinates": [93.18608333333333, 25.867625]}, "properties": {"reference_class": 1, "prediction": 1, "confidence": 0.9661333333333333, "uncertain": false, "fold": 3, "evaluated": true, "row": 139, "col": 171}}, {"type": "Feature", "geometry": {"type": "Point", "coordinates": [93.29975, 25.867625]}, "properties": {"reference_class": 1, "prediction": 1, "confidence": 0.9622000000000002, "uncertain": false, "fold": 3, "evaluated": true, "row": 139, "col": 193}}, {"type": "Feature", "geometry": {"type": "Point", "coordinates": [92.47308333333334, 25.851875]}, "properties": {"reference_class": 2, "prediction": 2, "confidence": 0.9878333333333332, "uncertain": false, "fold": 0, "evaluated": true, "row": 142, "col": 33}}, {"type": "Feature", "geometry": {"type": "Point", "coordinates": [92.94324999999999, 25.846625000000003]}, "properties": {"reference_class": 1, "prediction": 1, "confidence": 0.9987999999999999, "uncertain": false, "fold": 3, "evaluated": true, "row": 143, "col": 124}}, {"type": "Feature", "geometry": {"type": "Point", "coordinates": [93.48575, 25.846625000000003]}, "properties": {"reference_class": 1, "prediction": 1, "confidence": 1.0, "uncertain": false, "fold": 3, "evaluated": true, "row": 143, "col": 229}}, {"type": "Feature", "geometry": {"type": "Point", "coordinates": [93.62525, 25.846625000000003]}, "properties": {"reference_class": 3, "prediction": 3, "confidence": 0.9985, "uncertain": false, "fold": 3, "evaluated": true, "row": 143, "col": 256}}, {"type": "Feature", "geometry": {"type": "Point", "coordinates": [93.36691666666667, 25.841375000000003]}, "properties": {"reference_class": 4, "prediction": 4, "confidence": 0.9986666666666666, "uncertain": false, "fold": 2, "evaluated": true, "row": 144, "col": 206}}, {"type": "Feature", "geometry": {"type": "Point", "coordinates": [93.39274999999999, 25.841375000000003]}, "properties": {"reference_class": 4, "prediction": 4, "confidence": 0.9720666666666666, "uncertain": false, "fold": 3, "evaluated": true, "row": 144, "col": 211}}, {"type": "Feature", "geometry": {"type": "Point", "coordinates": [93.48575, 25.841375000000003]}, "properties": {"reference_class": 1, "prediction": 1, "confidence": 1.0, "uncertain": false, "fold": 0, "evaluated": true, "row": 144, "col": 229}}, {"type": "Feature", "geometry": {"type": "Point", "coordinates": [93.64591666666666, 25.841375000000003]}, "properties": {"reference_class": 3, "prediction": 3, "confidence": 0.9774999999999999, "uncertain": false, "fold": 1, "evaluated": true, "row": 144, "col": 260}}, {"type": "Feature", "geometry": {"type": "Point", "coordinates": [93.30491666666667, 25.836125000000003]}, "properties": {"reference_class": 1, "prediction": 1, "confidence": 0.998, "uncertain": false, "fold": 1, "evaluated": true, "row": 145, "col": 194}}, {"type": "Feature", "geometry": {"type": "Point", "coordinates": [92.45758333333333, 25.830875000000002]}, "properties": {"reference_class": 2, "prediction": 2, "confidence": 0.9262999999999999, "uncertain": false, "fold": 4, "evaluated": true, "row": 146, "col": 30}}, {"type": "Feature", "geometry": {"type": "Point", "coordinates": [92.50408333333333, 25.830875000000002]}, "properties": {"reference_class": 2, "prediction": 2, "confidence": 0.9901666666666666, "uncertain": false, "fold": 2, "evaluated": true, "row": 146, "col": 39}}, {"type": "Feature", "geometry": {"type": "Point", "coordinates": [92.83475, 25.830875000000002]}, "properties": {"reference_class": 3, "prediction": 3, "confidence": 0.9952, "uncertain": false, "fold": 3, "evaluated": true, "row": 146, "col": 103}}, {"type": "Feature", "geometry": {"type": "Point", "coordinates": [93.36691666666667, 25.830875000000002]}, "properties": {"reference_class": 4, "prediction": 4, "confidence": 0.9976666666666666, "uncertain": false, "fold": 2, "evaluated": true, "row": 146, "col": 206}}, {"type": "Feature", "geometry": {"type": "Point", "coordinates": [92.57124999999999, 25.820375000000002]}, "properties": {"reference_class": 2, "prediction": 2, "confidence": 1.0, "uncertain": false, "fold": 1, "evaluated": true, "row": 148, "col": 52}}, {"type": "Feature", "geometry": {"type": "Point", "coordinates": [92.94324999999999, 25.820375000000002]}, "properties": {"reference_class": 1, "prediction": 1, "confidence": 0.9788333333333332, "uncertain": false, "fold": 0, "evaluated": true, "row": 148, "col": 124}}, {"type": "Feature", "geometry": {"type": "Point", "coordinates": [93.11891666666666, 25.820375000000002]}, "properties": {"reference_class": 1, "prediction": 1, "confidence": 1.0, "uncertain": false, "fold": 3, "evaluated": true, "row": 148, "col": 158}}, {"type": "Feature", "geometry": {"type": "Point", "coordinates": [93.35658333333333, 25.820375000000002]}, "properties": {"reference_class": 4, "prediction": 4, "confidence": 0.9913333333333334, "uncertain": false, "fold": 2, "evaluated": true, "row": 148, "col": 204}}, {"type": "Feature", "geometry": {"type": "Point", "coordinates": [93.38758333333332, 25.820375000000002]}, "properties": {"reference_class": 4, "prediction": 4, "confidence": 0.9726666666666668, "uncertain": false, "fold": 3, "evaluated": true, "row": 148, "col": 210}}, {"type": "Feature", "geometry": {"type": "Point", "coordinates": [93.39274999999999, 25.820375000000002]}, "properties": {"reference_class": 4, "prediction": 4, "confidence": 0.9928333333333333, "uncertain": false, "fold": 3, "evaluated": true, "row": 148, "col": 211}}, {"type": "Feature", "geometry": {"type": "Point", "coordinates": [93.66141666666667, 25.820375000000002]}, "properties": {"reference_class": 5, "prediction": 5, "confidence": 0.9673333333333333, "uncertain": false, "fold": 1, "evaluated": true, "row": 148, "col": 263}}, {"type": "Feature", "geometry": {"type": "Point", "coordinates": [93.38758333333332, 25.815125000000002]}, "properties": {"reference_class": 4, "prediction": 4, "confidence": 0.9968333333333333, "uncertain": false, "fold": 3, "evaluated": true, "row": 149, "col": 210}}, {"type": "Feature", "geometry": {"type": "Point", "coordinates": [93.54775, 25.815125000000002]}, "properties": {"reference_class": 3, "prediction": 3, "confidence": 0.9992000000000001, "uncertain": false, "fold": 3, "evaluated": true, "row": 149, "col": 241}}, {"type": "Feature", "geometry": {"type": "Point", "coordinates": [93.66658333333334, 25.815125000000002]}, "properties": {"reference_class": 5, "prediction": 5, "confidence": 0.9944666666666667, "uncertain": false, "fold": 1, "evaluated": true, "row": 149, "col": 264}}, {"type": "Feature", "geometry": {"type": "Point", "coordinates": [92.33358333333334, 25.809875]}, "properties": {"reference_class": 2, "prediction": 2, "confidence": 0.9848, "uncertain": false, "fold": 0, "evaluated": true, "row": 150, "col": 6}}, {"type": "Feature", "geometry": {"type": "Point", "coordinates": [92.59191666666666, 25.809875]}, "properties": {"reference_class": 2, "prediction": 2, "confidence": 0.8155285714285715, "uncertain": false, "fold": 1, "evaluated": true, "row": 150, "col": 56}}, {"type": "Feature", "geometry": {"type": "Point", "coordinates": [93.34625, 25.809875]}, "properties": {"reference_class": 4, "prediction": 4, "confidence": 0.9684333333333334, "uncertain": false, "fold": 2, "evaluated": true, "row": 150, "col": 202}}, {"type": "Feature", "geometry": {"type": "Point", "coordinates": [93.35141666666667, 25.809875]}, "properties": {"reference_class": 4, "prediction": 4, "confidence": 0.9831666666666667, "uncertain": false, "fold": 2, "evaluated": true, "row": 150, "col": 203}}, {"type": "Feature", "geometry": {"type": "Point", "coordinates": [93.47025, 25.809875]}, "properties": {"reference_class": 1, "prediction": 1, "confidence": 1.0, "uncertain": false, "fold": 0, "evaluated": true, "row": 150, "col": 226}}, {"type": "Feature", "geometry": {"type": "Point", "coordinates": [93.65108333333333, 25.809875]}, "properties": {"reference_class": 5, "prediction": 5, "confidence": 0.8695, "uncertain": false, "fold": 1, "evaluated": true, "row": 150, "col": 261}}, {"type": "Feature", "geometry": {"type": "Point", "coordinates": [93.66141666666667, 25.809875]}, "properties": {"reference_class": 5, "prediction": 5, "confidence": 0.9995, "uncertain": false, "fold": 1, "evaluated": true, "row": 150, "col": 263}}, {"type": "Feature", "geometry": {"type": "Point", "coordinates": [92.79858333333333, 25.804625]}, "properties": {"reference_class": 3, "prediction": 3, "confidence": 0.9207, "uncertain": false, "fold": 3, "evaluated": true, "row": 151, "col": 96}}, {"type": "Feature", "geometry": {"type": "Point", "coordinates": [93.67175, 25.804625]}, "properties": {"reference_class": 5, "prediction": 5, "confidence": 0.9976333333333334, "uncertain": false, "fold": 1, "evaluated": true, "row": 151, "col": 265}}, {"type": "Feature", "geometry": {"type": "Point", "coordinates": [93.80608333333333, 25.804625]}, "properties": {"reference_class": 2, "prediction": 2, "confidence": 0.9593333333333334, "uncertain": false, "fold": 4, "evaluated": true, "row": 151, "col": 291}}, {"type": "Feature", "geometry": {"type": "Point", "coordinates": [93.66141666666667, 25.799375]}, "properties": {"reference_class": 5, "prediction": 5, "confidence": 0.9971666666666666, "uncertain": false, "fold": 3, "evaluated": true, "row": 152, "col": 263}}, {"type": "Feature", "geometry": {"type": "Point", "coordinates": [93.67691666666667, 25.799375]}, "properties": {"reference_class": 5, "prediction": 5, "confidence": 0.9958333333333332, "uncertain": false, "fold": 3, "evaluated": true, "row": 152, "col": 266}}, {"type": "Feature", "geometry": {"type": "Point", "coordinates": [93.71825, 25.794125]}, "properties": {"reference_class": 3, "prediction": 3, "confidence": 1.0, "uncertain": false, "fold": 3, "evaluated": true, "row": 153, "col": 274}}, {"type": "Feature", "geometry": {"type": "Point", "coordinates": [93.02591666666666, 25.783625]}, "properties": {"reference_class": 1, "prediction": 1, "confidence": 1.0, "uncertain": false, "fold": 4, "evaluated": true, "row": 155, "col": 140}}, {"type": "Feature", "geometry": {"type": "Point", "coordinates": [93.20158333333333, 25.783625]}, "properties": {"reference_class": 1, "prediction": 1, "confidence": 1.0, "uncertain": false, "fold": 1, "evaluated": true, "row": 155, "col": 174}}, {"type": "Feature", "geometry": {"type": "Point", "coordinates": [93.43408333333333, 25.783625]}, "properties": {"reference_class": 1, "prediction": 1, "confidence": 0.998, "uncertain": false, "fold": 0, "evaluated": true, "row": 155, "col": 219}}, {"type": "Feature", "geometry": {"type": "Point", "coordinates": [93.53224999999999, 25.773125]}, "properties": {"reference_class": 3, "prediction": 3, "confidence": 0.9371666666666666, "uncertain": false, "fold": 3, "evaluated": true, "row": 157, "col": 238}}, {"type": "Feature", "geometry": {"type": "Point", "coordinates": [93.50125, 25.767875]}, "properties": {"reference_class": 3, "prediction": 3, "confidence": 0.9399666666666668, "uncertain": false, "fold": 3, "evaluated": true, "row": 158, "col": 232}}, {"type": "Feature", "geometry": {"type": "Point", "coordinates": [92.98975, 25.762625]}, "properties": {"reference_class": 3, "prediction": 3, "confidence": 0.9879333333333333, "uncertain": false, "fold": 1, "evaluated": true, "row": 159, "col": 133}}, {"type": "Feature", "geometry": {"type": "Point", "coordinates": [93.55808333333333, 25.757375]}, "properties": {"reference_class": 3, "prediction": 3, "confidence": 0.9417000000000001, "uncertain": false, "fold": 1, "evaluated": true, "row": 160, "col": 243}}, {"type": "Feature", "geometry": {"type": "Point", "coordinates": [93.63041666666666, 25.746875000000003]}, "properties": {"reference_class": 3, "prediction": 3, "confidence": 0.9707333333333333, "uncertain": false, "fold": 3, "evaluated": true, "row": 162, "col": 257}}, {"type": "Feature", "geometry": {"type": "Point", "coordinates": [93.68208333333332, 25.741625000000003]}, "properties": {"reference_class": 3, "prediction": 3, "confidence": 0.9924095238095237, "uncertain": false, "fold": 1, "evaluated": true, "row": 163, "col": 267}}, {"type": "Feature", "geometry": {"type": "Point", "coordinates": [93.69758333333333, 25.741625000000003]}, "properties": {"reference_class": 3, "prediction": 3, "confidence": 0.9995, "uncertain": false, "fold": 1, "evaluated": true, "row": 163, "col": 270}}, {"type": "Feature", "geometry": {"type": "Point", "coordinates": [93.49608333333333, 25.736375000000002]}, "properties": {"reference_class": 3, "prediction": 3, "confidence": 0.9987999999999999, "uncertain": false, "fold": 0, "evaluated": true, "row": 164, "col": 231}}, {"type": "Feature", "geometry": {"type": "Point", "coordinates": [93.52191666666667, 25.736375000000002]}, "properties": {"reference_class": 3, "prediction": 3, "confidence": 0.982, "uncertain": false, "fold": 0, "evaluated": true, "row": 164, "col": 236}}, {"type": "Feature", "geometry": {"type": "Point", "coordinates": [93.62008333333333, 25.736375000000002]}, "properties": {"reference_class": 3, "prediction": 3, "confidence": 0.9871333333333333, "uncertain": false, "fold": 3, "evaluated": true, "row": 164, "col": 255}}, {"type": "Feature", "geometry": {"type": "Point", "coordinates": [92.43691666666666, 25.731125000000002]}, "properties": {"reference_class": 2, "prediction": 2, "confidence": 0.9885, "uncertain": false, "fold": 1, "evaluated": true, "row": 165, "col": 26}}, {"type": "Feature", "geometry": {"type": "Point", "coordinates": [93.48575, 25.731125000000002]}, "properties": {"reference_class": 3, "prediction": 3, "confidence": 0.9776666666666668, "uncertain": false, "fold": 0, "evaluated": true, "row": 165, "col": 229}}, {"type": "Feature", "geometry": {"type": "Point", "coordinates": [93.82158333333334, 25.731125000000002]}, "properties": {"reference_class": 2, "prediction": 2, "confidence": 0.9264777777777777, "uncertain": false, "fold": 4, "evaluated": true, "row": 165, "col": 294}}, {"type": "Feature", "geometry": {"type": "Point", "coordinates": [93.24291666666666, 25.725875000000002]}, "properties": {"reference_class": 3, "prediction": 3, "confidence": 0.9926666666666666, "uncertain": false, "fold": 2, "evaluated": true, "row": 166, "col": 182}}, {"type": "Feature", "geometry": {"type": "Point", "coordinates": [93.43408333333333, 25.725875000000002]}, "properties": {"reference_class": 3, "prediction": 3, "confidence": 0.9805190476190476, "uncertain": false, "fold": 2, "evaluated": true, "row": 166, "col": 219}}, {"type": "Feature", "geometry": {"type": "Point", "coordinates": [93.64591666666666, 25.725875000000002]}, "properties": {"reference_class": 3, "prediction": 3, "confidence": 0.9522333333333333, "uncertain": false, "fold": 3, "evaluated": true, "row": 166, "col": 260}}, {"type": "Feature", "geometry": {"type": "Point", "coordinates": [92.93291666666667, 25.720625000000002]}, "properties": {"reference_class": 3, "prediction": 3, "confidence": 1.0, "uncertain": false, "fold": 0, "evaluated": true, "row": 167, "col": 122}}, {"type": "Feature", "geometry": {"type": "Point", "coordinates": [93.28425, 25.720625000000002]}, "properties": {"reference_class": 3, "prediction": 4, "confidence": 0.49169999999999997, "uncertain": true, "fold": 1, "evaluated": true, "row": 167, "col": 190}}, {"type": "Feature", "geometry": {"type": "Point", "coordinates": [93.56325, 25.720625000000002]}, "properties": {"reference_class": 3, "prediction": 3, "confidence": 0.9893666666666667, "uncertain": false, "fold": 1, "evaluated": true, "row": 167, "col": 244}}, {"type": "Feature", "geometry": {"type": "Point", "coordinates": [93.59941666666667, 25.720625000000002]}, "properties": {"reference_class": 3, "prediction": 3, "confidence": 0.9943333333333333, "uncertain": false, "fold": 3, "evaluated": true, "row": 167, "col": 251}}, {"type": "Feature", "geometry": {"type": "Point", "coordinates": [93.23258333333332, 25.715375]}, "properties": {"reference_class": 3, "prediction": 3, "confidence": 0.9987999999999999, "uncertain": false, "fold": 1, "evaluated": true, "row": 168, "col": 180}}, {"type": "Feature", "geometry": {"type": "Point", "coordinates": [92.82958333333333, 25.710125]}, "properties": {"reference_class": 3, "prediction": 3, "confidence": 0.9970000000000001, "uncertain": false, "fold": 3, "evaluated": true, "row": 169, "col": 102}}, {"type": "Feature", "geometry": {"type": "Point", "coordinates": [92.97941666666667, 25.704875]}, "properties": {"reference_class": 3, "prediction": 3, "confidence": 0.9850000000000001, "uncertain": false, "fold": 2, "evaluated": true, "row": 170, "col": 131}}, {"type": "Feature", "geometry": {"type": "Point", "coordinates": [93.01041666666666, 25.704875]}, "properties": {"reference_class": 3, "prediction": 3, "confidence": 1.0, "uncertain": false, "fold": 2, "evaluated": true, "row": 170, "col": 137}}, {"type": "Feature", "geometry": {"type": "Point", "coordinates": [92.42141666666666, 25.699625]}, "properties": {"reference_class": 2, "prediction": 2, "confidence": 0.8517333333333333, "uncertain": false, "fold": 2, "evaluated": true, "row": 171, "col": 23}}, {"type": "Feature", "geometry": {"type": "Point", "coordinates": [93.02074999999999, 25.699625]}, "properties": {"reference_class": 3, "prediction": 3, "confidence": 0.9567666666666665, "uncertain": false, "fold": 2, "evaluated": true, "row": 171, "col": 139}}, {"type": "Feature", "geometry": {"type": "Point", "coordinates": [93.35141666666667, 25.699625]}, "properties": {"reference_class": 3, "prediction": 3, "confidence": 0.998, "uncertain": false, "fold": 1, "evaluated": true, "row": 171, "col": 203}}, {"type": "Feature", "geometry": {"type": "Point", "coordinates": [93.35141666666667, 25.694375]}, "properties": {"reference_class": 3, "prediction": 3, "confidence": 0.9866666666666667, "uncertain": false, "fold": 1, "evaluated": true, "row": 172, "col": 203}}, {"type": "Feature", "geometry": {"type": "Point", "coordinates": [92.78308333333334, 25.689125]}, "properties": {"reference_class": 2, "prediction": 2, "confidence": 0.9981666666666666, "uncertain": false, "fold": 2, "evaluated": true, "row": 173, "col": 93}}, {"type": "Feature", "geometry": {"type": "Point", "coordinates": [92.98458333333333, 25.689125]}, "properties": {"reference_class": 3, "prediction": 3, "confidence": 0.998, "uncertain": false, "fold": 2, "evaluated": true, "row": 173, "col": 132}}, {"type": "Feature", "geometry": {"type": "Point", "coordinates": [93.00008333333334, 25.683875]}, "properties": {"reference_class": 3, "prediction": 3, "confidence": 0.9710666666666667, "uncertain": false, "fold": 2, "evaluated": true, "row": 174, "col": 135}}, {"type": "Feature", "geometry": {"type": "Point", "coordinates": [92.95875, 25.678625]}, "properties": {"reference_class": 3, "prediction": 3, "confidence": 0.996, "uncertain": false, "fold": 1, "evaluated": true, "row": 175, "col": 127}}, {"type": "Feature", "geometry": {"type": "Point", "coordinates": [93.40308333333333, 25.678625]}, "properties": {"reference_class": 3, "prediction": 3, "confidence": 0.9906666666666666, "uncertain": false, "fold": 0, "evaluated": true, "row": 175, "col": 213}}, {"type": "Feature", "geometry": {"type": "Point", "coordinates": [93.57875, 25.678625]}, "properties": {"reference_class": 3, "prediction": 3, "confidence": 0.9008999999999999, "uncertain": false, "fold": 4, "evaluated": true, "row": 175, "col": 247}}, {"type": "Feature", "geometry": {"type": "Point", "coordinates": [93.72858333333333, 25.678625]}, "properties": {"reference_class": 2, "prediction": 2, "confidence": 0.996, "uncertain": false, "fold": 2, "evaluated": true, "row": 175, "col": 276}}, {"type": "Feature", "geometry": {"type": "Point", "coordinates": [92.64874999999999, 25.673375]}, "properties": {"reference_class": 2, "prediction": 2, "confidence": 1.0, "uncertain": false, "fold": 1, "evaluated": true, "row": 176, "col": 67}}, {"type": "Feature", "geometry": {"type": "Point", "coordinates": [92.98458333333333, 25.673375]}, "properties": {"reference_class": 3, "prediction": 3, "confidence": 0.9335, "uncertain": false, "fold": 0, "evaluated": true, "row": 176, "col": 132}}, {"type": "Feature", "geometry": {"type": "Point", "coordinates": [93.27391666666666, 25.673375]}, "properties": {"reference_class": 3, "prediction": 3, "confidence": 0.9523476190476189, "uncertain": false, "fold": 3, "evaluated": true, "row": 176, "col": 188}}, {"type": "Feature", "geometry": {"type": "Point", "coordinates": [93.30491666666667, 25.673375]}, "properties": {"reference_class": 3, "prediction": 3, "confidence": 0.993, "uncertain": false, "fold": 1, "evaluated": true, "row": 176, "col": 194}}, {"type": "Feature", "geometry": {"type": "Point", "coordinates": [93.47025, 25.673375]}, "properties": {"reference_class": 3, "prediction": 3, "confidence": 0.9954761904761905, "uncertain": false, "fold": 2, "evaluated": true, "row": 176, "col": 226}}, {"type": "Feature", "geometry": {"type": "Point", "coordinates": [92.76758333333333, 25.668125]}, "properties": {"reference_class": 2, "prediction": 2, "confidence": 0.9975, "uncertain": false, "fold": 4, "evaluated": true, "row": 177, "col": 90}}, {"type": "Feature", "geometry": {"type": "Point", "coordinates": [93.12408333333333, 25.657625000000003]}, "properties": {"reference_class": 3, "prediction": 3, "confidence": 0.9310190476190476, "uncertain": false, "fold": 2, "evaluated": true, "row": 179, "col": 159}}, {"type": "Feature", "geometry": {"type": "Point", "coordinates": [93.68724999999999, 25.657625000000003]}, "properties": {"reference_class": 2, "prediction": 2, "confidence": 0.9875999999999999, "uncertain": false, "fold": 3, "evaluated": true, "row": 179, "col": 268}}, {"type": "Feature", "geometry": {"type": "Point", "coordinates": [92.41624999999999, 25.652375000000003]}, "properties": {"reference_class": 2, "prediction": 2, "confidence": 0.9324333333333334, "uncertain": false, "fold": 4, "evaluated": true, "row": 180, "col": 22}}, {"type": "Feature", "geometry": {"type": "Point", "coordinates": [93.05691666666667, 25.652375000000003]}, "properties": {"reference_class": 3, "prediction": 3, "confidence": 0.999, "uncertain": false, "fold": 1, "evaluated": true, "row": 180, "col": 146}}, {"type": "Feature", "geometry": {"type": "Point", "coordinates": [93.26875, 25.652375000000003]}, "properties": {"reference_class": 3, "prediction": 3, "confidence": 0.9945333333333333, "uncertain": false, "fold": 3, "evaluated": true, "row": 180, "col": 187}}, {"type": "Feature", "geometry": {"type": "Point", "coordinates": [92.84508333333333, 25.641875000000002]}, "properties": {"reference_class": 2, "prediction": 2, "confidence": 0.9721333333333332, "uncertain": false, "fold": 3, "evaluated": true, "row": 182, "col": 105}}, {"type": "Feature", "geometry": {"type": "Point", "coordinates": [92.44208333333333, 25.636625000000002]}, "properties": {"reference_class": 2, "prediction": 2, "confidence": 1.0, "uncertain": false, "fold": 0, "evaluated": true, "row": 183, "col": 27}}, {"type": "Feature", "geometry": {"type": "Point", "coordinates": [93.45474999999999, 25.636625000000002]}, "properties": {"reference_class": 3, "prediction": 3, "confidence": 0.9586666666666667, "uncertain": false, "fold": 3, "evaluated": true, "row": 183, "col": 223}}, {"type": "Feature", "geometry": {"type": "Point", "coordinates": [93.18091666666666, 25.631375000000002]}, "properties": {"reference_class": 3, "prediction": 3, "confidence": 0.9596666666666668, "uncertain": false, "fold": 3, "evaluated": true, "row": 184, "col": 170}}, {"type": "Feature", "geometry": {"type": "Point", "coordinates": [92.90708333333333, 25.626125000000002]}, "properties": {"reference_class": 2, "prediction": 2, "confidence": 0.9733333333333334, "uncertain": false, "fold": 1, "evaluated": true, "row": 185, "col": 117}}, {"type": "Feature", "geometry": {"type": "Point", "coordinates": [93.33591666666666, 25.626125000000002]}, "properties": {"reference_class": 3, "prediction": 3, "confidence": 0.9926666666666667, "uncertain": false, "fold": 0, "evaluated": true, "row": 185, "col": 200}}, {"type": "Feature", "geometry": {"type": "Point", "coordinates": [92.50408333333333, 25.599875]}, "properties": {"reference_class": 2, "prediction": 2, "confidence": 0.9098999999999999, "uncertain": false, "fold": 2, "evaluated": true, "row": 190, "col": 39}}, {"type": "Feature", "geometry": {"type": "Point", "coordinates": [92.88641666666666, 25.599875]}, "properties": {"reference_class": 2, "prediction": 2, "confidence": 0.9863333333333333, "uncertain": false, "fold": 1, "evaluated": true, "row": 190, "col": 113}}, {"type": "Feature", "geometry": {"type": "Point", "coordinates": [92.85025, 25.594625]}, "properties": {"reference_class": 2, "prediction": 2, "confidence": 0.9922, "uncertain": false, "fold": 2, "evaluated": true, "row": 191, "col": 106}}, {"type": "Feature", "geometry": {"type": "Point", "coordinates": [92.67975, 25.589375]}, "properties": {"reference_class": 2, "prediction": 2, "confidence": 0.9284333333333334, "uncertain": false, "fold": 4, "evaluated": true, "row": 192, "col": 73}}, {"type": "Feature", "geometry": {"type": "Point", "coordinates": [93.67691666666667, 25.589375]}, "properties": {"reference_class": 2, "prediction": 2, "confidence": 0.9804666666666668, "uncertain": false, "fold": 0, "evaluated": true, "row": 192, "col": 266}}, {"type": "Feature", "geometry": {"type": "Point", "coordinates": [92.46791666666667, 25.578875]}, "properties": {"reference_class": 2, "prediction": 2, "confidence": 0.9867666666666667, "uncertain": false, "fold": 0, "evaluated": true, "row": 194, "col": 32}}, {"type": "Feature", "geometry": {"type": "Point", "coordinates": [92.51958333333333, 25.578875]}, "properties": {"reference_class": 2, "prediction": 2, "confidence": 0.9936666666666666, "uncertain": false, "fold": 4, "evaluated": true, "row": 194, "col": 42}}, {"type": "Feature", "geometry": {"type": "Point", "coordinates": [92.76241666666667, 25.578875]}, "properties": {"reference_class": 2, "prediction": 2, "confidence": 0.8753333333333335, "uncertain": false, "fold": 4, "evaluated": true, "row": 194, "col": 89}}, {"type": "Feature", "geometry": {"type": "Point", "coordinates": [93.20158333333333, 25.573625]}, "properties": {"reference_class": 2, "prediction": 2, "confidence": 0.9236, "uncertain": false, "fold": 4, "evaluated": true, "row": 195, "col": 174}}, {"type": "Feature", "geometry": {"type": "Point", "coordinates": [93.31008333333332, 25.573625]}, "properties": {"reference_class": 2, "prediction": 2, "confidence": 0.9866666666666666, "uncertain": false, "fold": 2, "evaluated": true, "row": 195, "col": 195}}, {"type": "Feature", "geometry": {"type": "Point", "coordinates": [93.78025, 25.573625]}, "properties": {"reference_class": 2, "prediction": 2, "confidence": 0.9895666666666666, "uncertain": false, "fold": 2, "evaluated": true, "row": 195, "col": 286}}, {"type": "Feature", "geometry": {"type": "Point", "coordinates": [93.19641666666666, 25.568375000000003]}, "properties": {"reference_class": 2, "prediction": 2, "confidence": 0.9284, "uncertain": false, "fold": 4, "evaluated": true, "row": 196, "col": 173}}, {"type": "Feature", "geometry": {"type": "Point", "coordinates": [92.60741666666667, 25.563125000000003]}, "properties": {"reference_class": 2, "prediction": 2, "confidence": 0.9827333333333333, "uncertain": false, "fold": 1, "evaluated": true, "row": 197, "col": 59}}, {"type": "Feature", "geometry": {"type": "Point", "coordinates": [93.27391666666666, 25.563125000000003]}, "properties": {"reference_class": 2, "prediction": 2, "confidence": 0.9959999999999999, "uncertain": false, "fold": 1, "evaluated": true, "row": 197, "col": 188}}, {"type": "Feature", "geometry": {"type": "Point", "coordinates": [93.46508333333333, 25.557875000000003]}, "properties": {"reference_class": 2, "prediction": 2, "confidence": 0.9158, "uncertain": false, "fold": 2, "evaluated": true, "row": 198, "col": 225}}, {"type": "Feature", "geometry": {"type": "Point", "coordinates": [92.57124999999999, 25.552625000000003]}, "properties": {"reference_class": 2, "prediction": 2, "confidence": 0.9751666666666666, "uncertain": false, "fold": 2, "evaluated": true, "row": 199, "col": 52}}, {"type": "Feature", "geometry": {"type": "Point", "coordinates": [92.75725, 25.552625000000003]}, "properties": {"reference_class": 2, "prediction": 2, "confidence": 0.9966666666666666, "uncertain": false, "fold": 4, "evaluated": true, "row": 199, "col": 88}}]}